{
	"start":	{
		"connected":	[{
				"socket":	5,
				"local_host":	"10.5.0.20",
				"local_port":	43274,
				"remote_host":	"10.5.0.10",
				"remote_port":	5201
			}],
		"version":	"iperf 3.9",
		"system_info":	"Linux client 6.8.0-65-generic #68~22.04.1-Ubuntu SMP PREEMPT_DYNAMIC Tue Jul 15 18:06:34 UTC 2 x86_64",
		"timestamp":	{
			"time":	"Fri, 01 Aug 2025 02:34:40 GMT",
			"timesecs":	1754015680
		},
		"connecting_to":	{
			"host":	"10.5.0.10",
			"port":	5201
		},
		"cookie":	"tlowdpfzqurgkcqu3hdse4hekdavy3sjjigm",
		"tcp_mss_default":	1448,
		"sock_bufsize":	0,
		"sndbuf_actual":	16384,
		"rcvbuf_actual":	131072,
		"test_start":	{
			"protocol":	"TCP",
			"num_streams":	1,
			"blksize":	131072,
			"omit":	0,
			"duration":	10,
			"bytes":	0,
			"blocks":	0,
			"reverse":	0,
			"tos":	0
		}
	},
	"intervals":	[{
			"streams":	[{
					"socket":	5,
					"start":	0,
					"end":	1.000241,
					"seconds":	1.0002410411834717,
					"bytes":	2964857024,
					"bits_per_second":	23713140348.586548,
					"retransmits":	11074,
					"snd_cwnd":	14480,
					"rtt":	305,
					"rttvar":	382,
					"pmtu":	1500,
					"omitted":	false,
					"sender":	true
				}],
			"sum":	{
				"start":	0,
				"end":	1.000241,
				"seconds":	1.0002410411834717,
				"bytes":	2964857024,
				"bits_per_second":	23713140348.586548,
				"retransmits":	11074,
				"omitted":	false,
				"sender":	true
			}
		}, {
			"streams":	[{
					"socket":	5,
					"start":	1.000241,
					"end":	2.000099,
					"seconds":	0.999858021736145,
					"bytes":	2781201728,
					"bits_per_second":	22252773234.109737,
					"retransmits":	10911,
					"snd_cwnd":	20272,
					"rtt":	221,
					"rttvar":	368,
					"pmtu":	1500,
					"omitted":	false,
					"sender":	true
				}],
			"sum":	{
				"start":	1.000241,
				"end":	2.000099,
				"seconds":	0.999858021736145,
				"bytes":	2781201728,
				"bits_per_second":	22252773234.109737,
				"retransmits":	10911,
				"omitted":	false,
				"sender":	true
			}
		}, {
			"streams":	[{
					"socket":	5,
					"start":	2.000099,
					"end":	3.000495,
					"seconds":	1.0003960132598877,
					"bytes":	1979187200,
					"bits_per_second":	15827229807.129087,
					"retransmits":	6788,
					"snd_cwnd":	195480,
					"rtt":	115,
					"rttvar":	64,
					"pmtu":	1500,
					"omitted":	false,
					"sender":	true
				}],
			"sum":	{
				"start":	2.000099,
				"end":	3.000495,
				"seconds":	1.0003960132598877,
				"bytes":	1979187200,
				"bits_per_second":	15827229807.129087,
				"retransmits":	6788,
				"omitted":	false,
				"sender":	true
			}
		}, {
			"streams":	[{
					"socket":	5,
					"start":	3.000495,
					"end":	4.00003,
					"seconds":	0.99953502416610718,
					"bytes":	3120546384,
					"bits_per_second":	24975984301.127712,
					"retransmits":	9311,
					"snd_cwnd":	157832,
					"rtt":	108,
					"rttvar":	52,
					"pmtu":	1500,
					"omitted":	false,
					"sender":	true
				}],
			"sum":	{
				"start":	3.000495,
				"end":	4.00003,
				"seconds":	0.99953502416610718,
				"bytes":	3120546384,
				"bits_per_second":	24975984301.127712,
				"retransmits":	9311,
				"omitted":	false,
				"sender":	true
			}
		}, {
			"streams":	[{
					"socket":	5,
					"start":	4.00003,
					"end":	5.000067,
					"seconds":	1.0000369548797607,
					"bytes":	2032926720,
					"bits_per_second":	16262812769.709524,
					"retransmits":	6611,
					"snd_cwnd":	2896,
					"rtt":	144,
					"rttvar":	246,
					"pmtu":	1500,
					"omitted":	false,
					"sender":	true
				}],
			"sum":	{
				"start":	4.00003,
				"end":	5.000067,
				"seconds":	1.0000369548797607,
				"bytes":	2032926720,
				"bits_per_second":	16262812769.709524,
				"retransmits":	6611,
				"omitted":	false,
				"sender":	true
			}
		}, {
			"streams":	[{
					"socket":	5,
					"start":	5.000067,
					"end":	6.000086,
					"seconds":	1.0000189542770386,
					"bytes":	3478650880,
					"bits_per_second":	27828679567.49786,
					"retransmits":	12499,
					"snd_cwnd":	70952,
					"rtt":	21,
					"rttvar":	6,
					"pmtu":	1500,
					"omitted":	false,
					"sender":	true
				}],
			"sum":	{
				"start":	5.000067,
				"end":	6.000086,
				"seconds":	1.0000189542770386,
				"bytes":	3478650880,
				"bits_per_second":	27828679567.49786,
				"retransmits":	12499,
				"omitted":	false,
				"sender":	true
			}
		}, {
			"streams":	[{
					"socket":	5,
					"start":	6.000086,
					"end":	7.00018,
					"seconds":	1.0000940561294556,
					"bytes":	4160225280,
					"bits_per_second":	33278672176.901619,
					"retransmits":	13338,
					"snd_cwnd":	334488,
					"rtt":	23,
					"rttvar":	4,
					"pmtu":	1500,
					"omitted":	false,
					"sender":	true
				}],
			"sum":	{
				"start":	6.000086,
				"end":	7.00018,
				"seconds":	1.0000940561294556,
				"bytes":	4160225280,
				"bits_per_second":	33278672176.901619,
				"retransmits":	13338,
				"omitted":	false,
				"sender":	true
			}
		}, {
			"streams":	[{
					"socket":	5,
					"start":	7.00018,
					"end":	8.000155,
					"seconds":	0.999975025653839,
					"bytes":	2894069760,
					"bits_per_second":	23153136314.441029,
					"retransmits":	9768,
					"snd_cwnd":	257744,
					"rtt":	22,
					"rttvar":	5,
					"pmtu":	1500,
					"omitted":	false,
					"sender":	true
				}],
			"sum":	{
				"start":	7.00018,
				"end":	8.000155,
				"seconds":	0.999975025653839,
				"bytes":	2894069760,
				"bits_per_second":	23153136314.441029,
				"retransmits":	9768,
				"omitted":	false,
				"sender":	true
			}
		}, {
			"streams":	[{
					"socket":	5,
					"start":	8.000155,
					"end":	9.00006,
					"seconds":	0.999904990196228,
					"bytes":	2056519680,
					"bits_per_second":	16453720704.77548,
					"retransmits":	7046,
					"snd_cwnd":	8688,
					"rtt":	455,
					"rttvar":	511,
					"pmtu":	1500,
					"omitted":	false,
					"sender":	true
				}],
			"sum":	{
				"start":	8.000155,
				"end":	9.00006,
				"seconds":	0.999904990196228,
				"bytes":	2056519680,
				"bits_per_second":	16453720704.77548,
				"retransmits":	7046,
				"omitted":	false,
				"sender":	true
			}
		}, {
			"streams":	[{
					"socket":	5,
					"start":	9.00006,
					"end":	10.000298,
					"seconds":	1.0002379417419434,
					"bytes":	2764308480,
					"bits_per_second":	22109207136.7409,
					"retransmits":	9807,
					"snd_cwnd":	8688,
					"rtt":	507,
					"rttvar":	539,
					"pmtu":	1500,
					"omitted":	false,
					"sender":	true
				}],
			"sum":	{
				"start":	9.00006,
				"end":	10.000298,
				"seconds":	1.0002379417419434,
				"bytes":	2764308480,
				"bits_per_second":	22109207136.7409,
				"retransmits":	9807,
				"omitted":	false,
				"sender":	true
			}
		}],
	"end":	{
		"streams":	[{
				"sender":	{
					"socket":	5,
					"start":	0,
					"end":	10.000298,
					"seconds":	10.000298,
					"bytes":	28232493136,
					"bits_per_second":	22585321466.220306,
					"retransmits":	97153,
					"max_snd_cwnd":	334488,
					"max_rtt":	507,
					"min_rtt":	21,
					"mean_rtt":	192,
					"sender":	true
				},
				"receiver":	{
					"socket":	5,
					"start":	0,
					"end":	10.04686,
					"seconds":	10.000298,
					"bytes":	28229763072,
					"bits_per_second":	22478476317.57584,
					"sender":	true
				}
			}],
		"sum_sent":	{
			"start":	0,
			"end":	10.000298,
			"seconds":	10.000298,
			"bytes":	28232493136,
			"bits_per_second":	22585321466.220306,
			"retransmits":	97153,
			"sender":	true
		},
		"sum_received":	{
			"start":	0,
			"end":	10.04686,
			"seconds":	10.04686,
			"bytes":	28229763072,
			"bits_per_second":	22478476317.57584,
			"sender":	true
		},
		"cpu_utilization_percent":	{
			"host_total":	54.218034461877686,
			"host_user":	0.44986136925151637,
			"host_system":	53.768192522984414,
			"remote_total":	38.485200062397631,
			"remote_user":	1.4348448508956659,
			"remote_system":	37.050355211501959
		},
		"sender_tcp_congestion":	"cubic",
		"receiver_tcp_congestion":	"cubic"
	}
}
