{
	"start":	{
		"connected":	[{
				"socket":	5,
				"local_host":	"10.5.0.20",
				"local_port":	53924,
				"remote_host":	"10.5.0.10",
				"remote_port":	5201
			}],
		"version":	"iperf 3.9",
		"system_info":	"Linux client 6.8.0-65-generic #68~22.04.1-Ubuntu SMP PREEMPT_DYNAMIC Tue Jul 15 18:06:34 UTC 2 x86_64",
		"timestamp":	{
			"time":	"Fri, 01 Aug 2025 02:34:03 GMT",
			"timesecs":	1754015643
		},
		"connecting_to":	{
			"host":	"10.5.0.10",
			"port":	5201
		},
		"cookie":	"i3goo7gvmb3dezmaao6vppcph4oldftqlbfi",
		"tcp_mss_default":	1448,
		"sock_bufsize":	0,
		"sndbuf_actual":	16384,
		"rcvbuf_actual":	131072,
		"test_start":	{
			"protocol":	"TCP",
			"num_streams":	1,
			"blksize":	131072,
			"omit":	0,
			"duration":	10,
			"bytes":	0,
			"blocks":	0,
			"reverse":	0,
			"tos":	0
		}
	},
	"intervals":	[{
			"streams":	[{
					"socket":	5,
					"start":	0,
					"end":	1.00006,
					"seconds":	1.000059962272644,
					"bytes":	1879504,
					"bits_per_second":	15035130.459408155,
					"retransmits":	0,
					"snd_cwnd":	82536,
					"rtt":	46605,
					"rttvar":	5152,
					"pmtu":	1500,
					"omitted":	false,
					"sender":	true
				}],
			"sum":	{
				"start":	0,
				"end":	1.00006,
				"seconds":	1.000059962272644,
				"bytes":	1879504,
				"bits_per_second":	15035130.459408155,
				"retransmits":	0,
				"omitted":	false,
				"sender":	true
			}
		}, {
			"streams":	[{
					"socket":	5,
					"start":	1.00006,
					"end":	2.000151,
					"seconds":	1.0000909566879272,
					"bytes":	1088896,
					"bits_per_second":	8710375.73307272,
					"retransmits":	0,
					"snd_cwnd":	121632,
					"rtt":	72625,
					"rttvar":	17802,
					"pmtu":	1500,
					"omitted":	false,
					"sender":	true
				}],
			"sum":	{
				"start":	1.00006,
				"end":	2.000151,
				"seconds":	1.0000909566879272,
				"bytes":	1088896,
				"bits_per_second":	8710375.73307272,
				"retransmits":	0,
				"omitted":	false,
				"sender":	true
			}
		}, {
			"streams":	[{
					"socket":	5,
					"start":	2.000151,
					"end":	3.000063,
					"seconds":	0.99991202354431152,
					"bytes":	1246728,
					"bits_per_second":	9974701.53888794,
					"retransmits":	0,
					"snd_cwnd":	154936,
					"rtt":	76231,
					"rttvar":	8205,
					"pmtu":	1500,
					"omitted":	false,
					"sender":	true
				}],
			"sum":	{
				"start":	2.000151,
				"end":	3.000063,
				"seconds":	0.99991202354431152,
				"bytes":	1246728,
				"bits_per_second":	9974701.53888794,
				"retransmits":	0,
				"omitted":	false,
				"sender":	true
			}
		}, {
			"streams":	[{
					"socket":	5,
					"start":	3.000063,
					"end":	4.000095,
					"seconds":	1.0000319480895996,
					"bytes":	1303200,
					"bits_per_second":	10425266.932637936,
					"retransmits":	0,
					"snd_cwnd":	154936,
					"rtt":	81311,
					"rttvar":	10901,
					"pmtu":	1500,
					"omitted":	false,
					"sender":	true
				}],
			"sum":	{
				"start":	3.000063,
				"end":	4.000095,
				"seconds":	1.0000319480895996,
				"bytes":	1303200,
				"bits_per_second":	10425266.932637936,
				"retransmits":	0,
				"omitted":	false,
				"sender":	true
			}
		}, {
			"streams":	[{
					"socket":	5,
					"start":	4.000095,
					"end":	5.000144,
					"seconds":	1.0000489950180054,
					"bytes":	1498680,
					"bits_per_second":	11988852.605950708,
					"retransmits":	0,
					"snd_cwnd":	175208,
					"rtt":	73686,
					"rttvar":	20946,
					"pmtu":	1500,
					"omitted":	false,
					"sender":	true
				}],
			"sum":	{
				"start":	4.000095,
				"end":	5.000144,
				"seconds":	1.0000489950180054,
				"bytes":	1498680,
				"bits_per_second":	11988852.605950708,
				"retransmits":	0,
				"omitted":	false,
				"sender":	true
			}
		}, {
			"streams":	[{
					"socket":	5,
					"start":	5.000144,
					"end":	6.000068,
					"seconds":	0.99992400407791138,
					"bytes":	1172880,
					"bits_per_second":	9383753.1269715354,
					"retransmits":	0,
					"snd_cwnd":	175208,
					"rtt":	78878,
					"rttvar":	9412,
					"pmtu":	1500,
					"omitted":	false,
					"sender":	true
				}],
			"sum":	{
				"start":	5.000144,
				"end":	6.000068,
				"seconds":	0.99992400407791138,
				"bytes":	1172880,
				"bits_per_second":	9383753.1269715354,
				"retransmits":	0,
				"omitted":	false,
				"sender":	true
			}
		}, {
			"streams":	[{
					"socket":	5,
					"start":	6.000068,
					"end":	7.000121,
					"seconds":	1.00005304813385,
					"bytes":	1172880,
					"bits_per_second":	9382542.2736416142,
					"retransmits":	0,
					"snd_cwnd":	175208,
					"rtt":	92872,
					"rttvar":	15627,
					"pmtu":	1500,
					"omitted":	false,
					"sender":	true
				}],
			"sum":	{
				"start":	6.000068,
				"end":	7.000121,
				"seconds":	1.00005304813385,
				"bytes":	1172880,
				"bits_per_second":	9382542.2736416142,
				"retransmits":	0,
				"omitted":	false,
				"sender":	true
			}
		}, {
			"streams":	[{
					"socket":	5,
					"start":	7.000121,
					"end":	8.000142,
					"seconds":	1.0000209808349609,
					"bytes":	1172880,
					"bits_per_second":	9382843.1401166134,
					"retransmits":	0,
					"snd_cwnd":	175208,
					"rtt":	95802,
					"rttvar":	19097,
					"pmtu":	1500,
					"omitted":	false,
					"sender":	true
				}],
			"sum":	{
				"start":	7.000121,
				"end":	8.000142,
				"seconds":	1.0000209808349609,
				"bytes":	1172880,
				"bits_per_second":	9382843.1401166134,
				"retransmits":	0,
				"omitted":	false,
				"sender":	true
			}
		}, {
			"streams":	[{
					"socket":	5,
					"start":	8.000142,
					"end":	9.000125,
					"seconds":	0.999983012676239,
					"bytes":	1172880,
					"bits_per_second":	9383199.3954460435,
					"retransmits":	0,
					"snd_cwnd":	175208,
					"rtt":	72727,
					"rttvar":	15608,
					"pmtu":	1500,
					"omitted":	false,
					"sender":	true
				}],
			"sum":	{
				"start":	8.000142,
				"end":	9.000125,
				"seconds":	0.999983012676239,
				"bytes":	1172880,
				"bits_per_second":	9383199.3954460435,
				"retransmits":	0,
				"omitted":	false,
				"sender":	true
			}
		}, {
			"streams":	[{
					"socket":	5,
					"start":	9.000125,
					"end":	10.000177,
					"seconds":	1.0000519752502441,
					"bytes":	1172880,
					"bits_per_second":	9382552.3394942265,
					"retransmits":	0,
					"snd_cwnd":	175208,
					"rtt":	63673,
					"rttvar":	6567,
					"pmtu":	1500,
					"omitted":	false,
					"sender":	true
				}],
			"sum":	{
				"start":	9.000125,
				"end":	10.000177,
				"seconds":	1.0000519752502441,
				"bytes":	1172880,
				"bits_per_second":	9382552.3394942265,
				"retransmits":	0,
				"omitted":	false,
				"sender":	true
			}
		}],
	"end":	{
		"streams":	[{
				"sender":	{
					"socket":	5,
					"start":	0,
					"end":	10.000177,
					"seconds":	10.000177,
					"bytes":	12881408,
					"bits_per_second":	10304944.002491156,
					"retransmits":	0,
					"max_snd_cwnd":	175208,
					"max_rtt":	95802,
					"min_rtt":	46605,
					"mean_rtt":	75441,
					"sender":	true
				},
				"receiver":	{
					"socket":	5,
					"start":	0,
					"end":	10.126117,
					"seconds":	10.000177,
					"bytes":	12058624,
					"bits_per_second":	9526750.67846836,
					"sender":	true
				}
			}],
		"sum_sent":	{
			"start":	0,
			"end":	10.000177,
			"seconds":	10.000177,
			"bytes":	12881408,
			"bits_per_second":	10304944.002491156,
			"retransmits":	0,
			"sender":	true
		},
		"sum_received":	{
			"start":	0,
			"end":	10.126117,
			"seconds":	10.126117,
			"bytes":	12058624,
			"bits_per_second":	9526750.67846836,
			"sender":	true
		},
		"cpu_utilization_percent":	{
			"host_total":	0.44589716582782191,
			"host_user":	0.10168697017165677,
			"host_system":	0.34419035816686128,
			"remote_total":	1.5341951423861417,
			"remote_user":	0.15440631221497875,
			"remote_system":	1.3797888301711629
		},
		"sender_tcp_congestion":	"cubic",
		"receiver_tcp_congestion":	"cubic"
	}
}
