{
	"start":	{
		"connected":	[{
				"socket":	5,
				"local_host":	"10.5.0.20",
				"local_port":	58656,
				"remote_host":	"10.5.0.10",
				"remote_port":	5201
			}],
		"version":	"iperf 3.9",
		"system_info":	"Linux client 6.8.0-65-generic #68~22.04.1-Ubuntu SMP PREEMPT_DYNAMIC Tue Jul 15 18:06:34 UTC 2 x86_64",
		"timestamp":	{
			"time":	"Fri, 01 Aug 2025 02:29:58 GMT",
			"timesecs":	1754015398
		},
		"connecting_to":	{
			"host":	"10.5.0.10",
			"port":	5201
		},
		"cookie":	"lfpuz2z4ppmgpiitxriwhtlgxh2kz77pn7d5",
		"tcp_mss_default":	1448,
		"sock_bufsize":	0,
		"sndbuf_actual":	16384,
		"rcvbuf_actual":	131072,
		"test_start":	{
			"protocol":	"TCP",
			"num_streams":	1,
			"blksize":	131072,
			"omit":	0,
			"duration":	10,
			"bytes":	0,
			"blocks":	0,
			"reverse":	0,
			"tos":	0
		}
	},
	"intervals":	[{
			"streams":	[{
					"socket":	5,
					"start":	0,
					"end":	1.000148,
					"seconds":	1.0001480579376221,
					"bytes":	6028001280,
					"bits_per_second":	48216871349.4694,
					"retransmits":	0,
					"snd_cwnd":	657392,
					"rtt":	20,
					"rttvar":	1,
					"pmtu":	1500,
					"omitted":	false,
					"sender":	true
				}],
			"sum":	{
				"start":	0,
				"end":	1.000148,
				"seconds":	1.0001480579376221,
				"bytes":	6028001280,
				"bits_per_second":	48216871349.4694,
				"retransmits":	0,
				"omitted":	false,
				"sender":	true
			}
		}, {
			"streams":	[{
					"socket":	5,
					"start":	1.000148,
					"end":	2.000194,
					"seconds":	1.0000460147857666,
					"bytes":	6187909120,
					"bits_per_second":	49500995182.311455,
					"retransmits":	0,
					"snd_cwnd":	767440,
					"rtt":	26,
					"rttvar":	7,
					"pmtu":	1500,
					"omitted":	false,
					"sender":	true
				}],
			"sum":	{
				"start":	1.000148,
				"end":	2.000194,
				"seconds":	1.0000460147857666,
				"bytes":	6187909120,
				"bits_per_second":	49500995182.311455,
				"retransmits":	0,
				"omitted":	false,
				"sender":	true
			}
		}, {
			"streams":	[{
					"socket":	5,
					"start":	2.000194,
					"end":	3.000128,
					"seconds":	0.99993401765823364,
					"bytes":	6193152000,
					"bits_per_second":	49548485325.092728,
					"retransmits":	0,
					"snd_cwnd":	767440,
					"rtt":	19,
					"rttvar":	6,
					"pmtu":	1500,
					"omitted":	false,
					"sender":	true
				}],
			"sum":	{
				"start":	2.000194,
				"end":	3.000128,
				"seconds":	0.99993401765823364,
				"bytes":	6193152000,
				"bits_per_second":	49548485325.092728,
				"retransmits":	0,
				"omitted":	false,
				"sender":	true
			}
		}, {
			"streams":	[{
					"socket":	5,
					"start":	3.000128,
					"end":	4.000206,
					"seconds":	1.0000779628753662,
					"bytes":	6190530560,
					"bits_per_second":	49520383728.495285,
					"retransmits":	0,
					"snd_cwnd":	845632,
					"rtt":	21,
					"rttvar":	3,
					"pmtu":	1500,
					"omitted":	false,
					"sender":	true
				}],
			"sum":	{
				"start":	3.000128,
				"end":	4.000206,
				"seconds":	1.0000779628753662,
				"bytes":	6190530560,
				"bits_per_second":	49520383728.495285,
				"retransmits":	0,
				"omitted":	false,
				"sender":	true
			}
		}, {
			"streams":	[{
					"socket":	5,
					"start":	4.000206,
					"end":	5.000174,
					"seconds":	0.99996799230575562,
					"bytes":	6338641920,
					"bits_per_second":	50710758494.4528,
					"retransmits":	0,
					"snd_cwnd":	845632,
					"rtt":	20,
					"rttvar":	1,
					"pmtu":	1500,
					"omitted":	false,
					"sender":	true
				}],
			"sum":	{
				"start":	4.000206,
				"end":	5.000174,
				"seconds":	0.99996799230575562,
				"bytes":	6338641920,
				"bits_per_second":	50710758494.4528,
				"retransmits":	0,
				"omitted":	false,
				"sender":	true
			}
		}, {
			"streams":	[{
					"socket":	5,
					"start":	5.000174,
					"end":	6.000194,
					"seconds":	1.0000200271606445,
					"bytes":	6207569920,
					"bits_per_second":	49659564819.917816,
					"retransmits":	0,
					"snd_cwnd":	845632,
					"rtt":	26,
					"rttvar":	6,
					"pmtu":	1500,
					"omitted":	false,
					"sender":	true
				}],
			"sum":	{
				"start":	5.000174,
				"end":	6.000194,
				"seconds":	1.0000200271606445,
				"bytes":	6207569920,
				"bits_per_second":	49659564819.917816,
				"retransmits":	0,
				"omitted":	false,
				"sender":	true
			}
		}, {
			"streams":	[{
					"socket":	5,
					"start":	6.000194,
					"end":	7.000144,
					"seconds":	0.99994999170303345,
					"bytes":	6054215680,
					"bits_per_second":	48436147649.255562,
					"retransmits":	0,
					"snd_cwnd":	845632,
					"rtt":	22,
					"rttvar":	1,
					"pmtu":	1500,
					"omitted":	false,
					"sender":	true
				}],
			"sum":	{
				"start":	6.000194,
				"end":	7.000144,
				"seconds":	0.99994999170303345,
				"bytes":	6054215680,
				"bits_per_second":	48436147649.255562,
				"retransmits":	0,
				"omitted":	false,
				"sender":	true
			}
		}, {
			"streams":	[{
					"socket":	5,
					"start":	7.000144,
					"end":	8.000022,
					"seconds":	0.99987798929214478,
					"bytes":	5915279360,
					"bits_per_second":	47328009403.928749,
					"retransmits":	0,
					"snd_cwnd":	1951904,
					"rtt":	24,
					"rttvar":	9,
					"pmtu":	1500,
					"omitted":	false,
					"sender":	true
				}],
			"sum":	{
				"start":	7.000144,
				"end":	8.000022,
				"seconds":	0.99987798929214478,
				"bytes":	5915279360,
				"bits_per_second":	47328009403.928749,
				"retransmits":	0,
				"omitted":	false,
				"sender":	true
			}
		}, {
			"streams":	[{
					"socket":	5,
					"start":	8.000022,
					"end":	9.000155,
					"seconds":	1.0001330375671387,
					"bytes":	6168248320,
					"bits_per_second":	49339422563.258156,
					"retransmits":	0,
					"snd_cwnd":	1951904,
					"rtt":	21,
					"rttvar":	1,
					"pmtu":	1500,
					"omitted":	false,
					"sender":	true
				}],
			"sum":	{
				"start":	8.000022,
				"end":	9.000155,
				"seconds":	1.0001330375671387,
				"bytes":	6168248320,
				"bits_per_second":	49339422563.258156,
				"retransmits":	0,
				"omitted":	false,
				"sender":	true
			}
		}, {
			"streams":	[{
					"socket":	5,
					"start":	9.000155,
					"end":	10.000189,
					"seconds":	1.000033974647522,
					"bytes":	6174801920,
					"bits_per_second":	49396737123.2675,
					"retransmits":	0,
					"snd_cwnd":	1951904,
					"rtt":	19,
					"rttvar":	1,
					"pmtu":	1500,
					"omitted":	false,
					"sender":	true
				}],
			"sum":	{
				"start":	9.000155,
				"end":	10.000189,
				"seconds":	1.000033974647522,
				"bytes":	6174801920,
				"bits_per_second":	49396737123.2675,
				"retransmits":	0,
				"omitted":	false,
				"sender":	true
			}
		}],
	"end":	{
		"streams":	[{
				"sender":	{
					"socket":	5,
					"start":	0,
					"end":	10.000189,
					"seconds":	10.000189,
					"bytes":	61458350080,
					"bits_per_second":	49165750831.309288,
					"retransmits":	0,
					"max_snd_cwnd":	1951904,
					"max_rtt":	26,
					"min_rtt":	19,
					"mean_rtt":	21,
					"sender":	true
				},
				"receiver":	{
					"socket":	5,
					"start":	0,
					"end":	10.038694,
					"seconds":	10.000189,
					"bytes":	61458350080,
					"bits_per_second":	48977167810.872612,
					"sender":	true
				}
			}],
		"sum_sent":	{
			"start":	0,
			"end":	10.000189,
			"seconds":	10.000189,
			"bytes":	61458350080,
			"bits_per_second":	49165750831.309288,
			"retransmits":	0,
			"sender":	true
		},
		"sum_received":	{
			"start":	0,
			"end":	10.038694,
			"seconds":	10.038694,
			"bytes":	61458350080,
			"bits_per_second":	48977167810.872612,
			"sender":	true
		},
		"cpu_utilization_percent":	{
			"host_total":	99.40802818563877,
			"host_user":	1.2489622316804754,
			"host_system":	98.1590659539583,
			"remote_total":	75.0940665318734,
			"remote_user":	2.9283942674641743,
			"remote_system":	72.1656639908236
		},
		"sender_tcp_congestion":	"cubic",
		"receiver_tcp_congestion":	"cubic"
	}
}
