{
	"start":	{
		"connected":	[{
				"socket":	5,
				"local_host":	"10.5.0.20",
				"local_port":	39468,
				"remote_host":	"10.5.0.10",
				"remote_port":	5201
			}],
		"version":	"iperf 3.9",
		"system_info":	"Linux client 6.8.0-65-generic #68~22.04.1-Ubuntu SMP PREEMPT_DYNAMIC Tue Jul 15 18:06:34 UTC 2 x86_64",
		"timestamp":	{
			"time":	"Fri, 01 Aug 2025 02:33:18 GMT",
			"timesecs":	1754015598
		},
		"connecting_to":	{
			"host":	"10.5.0.10",
			"port":	5201
		},
		"cookie":	"lduxj45qnxcmqnjiifsg7uzzz2jpimgzuwem",
		"tcp_mss_default":	1448,
		"sock_bufsize":	0,
		"sndbuf_actual":	16384,
		"rcvbuf_actual":	131072,
		"test_start":	{
			"protocol":	"TCP",
			"num_streams":	1,
			"blksize":	131072,
			"omit":	0,
			"duration":	10,
			"bytes":	0,
			"blocks":	0,
			"reverse":	0,
			"tos":	0
		}
	},
	"intervals":	[{
			"streams":	[{
					"socket":	5,
					"start":	0,
					"end":	1.000141,
					"seconds":	1.0001410245895386,
					"bytes":	44679760,
					"bits_per_second":	357387679.54918545,
					"retransmits":	46,
					"snd_cwnd":	8257944,
					"rtt":	50040,
					"rttvar":	9,
					"pmtu":	1500,
					"omitted":	false,
					"sender":	true
				}],
			"sum":	{
				"start":	0,
				"end":	1.000141,
				"seconds":	1.0001410245895386,
				"bytes":	44679760,
				"bits_per_second":	357387679.54918545,
				"retransmits":	46,
				"omitted":	false,
				"sender":	true
			}
		}, {
			"streams":	[{
					"socket":	5,
					"start":	1.000141,
					"end":	2.000096,
					"seconds":	0.99995499849319458,
					"bytes":	76021760,
					"bits_per_second":	608201449.98169041,
					"retransmits":	0,
					"snd_cwnd":	8257944,
					"rtt":	50098,
					"rttvar":	19,
					"pmtu":	1500,
					"omitted":	false,
					"sender":	true
				}],
			"sum":	{
				"start":	1.000141,
				"end":	2.000096,
				"seconds":	0.99995499849319458,
				"bytes":	76021760,
				"bits_per_second":	608201449.98169041,
				"retransmits":	0,
				"omitted":	false,
				"sender":	true
			}
		}, {
			"streams":	[{
					"socket":	5,
					"start":	2.000096,
					"end":	3.000093,
					"seconds":	0.99999701976776123,
					"bytes":	76021760,
					"bits_per_second":	608175892.50540173,
					"retransmits":	0,
					"snd_cwnd":	8257944,
					"rtt":	50017,
					"rttvar":	13,
					"pmtu":	1500,
					"omitted":	false,
					"sender":	true
				}],
			"sum":	{
				"start":	2.000096,
				"end":	3.000093,
				"seconds":	0.99999701976776123,
				"bytes":	76021760,
				"bits_per_second":	608175892.50540173,
				"retransmits":	0,
				"omitted":	false,
				"sender":	true
			}
		}, {
			"streams":	[{
					"socket":	5,
					"start":	3.000093,
					"end":	4.000077,
					"seconds":	0.9999840259552002,
					"bytes":	74711040,
					"bits_per_second":	597697867.65251458,
					"retransmits":	0,
					"snd_cwnd":	8257944,
					"rtt":	50108,
					"rttvar":	35,
					"pmtu":	1500,
					"omitted":	false,
					"sender":	true
				}],
			"sum":	{
				"start":	3.000093,
				"end":	4.000077,
				"seconds":	0.9999840259552002,
				"bytes":	74711040,
				"bits_per_second":	597697867.65251458,
				"retransmits":	0,
				"omitted":	false,
				"sender":	true
			}
		}, {
			"streams":	[{
					"socket":	5,
					"start":	4.000077,
					"end":	5.000076,
					"seconds":	0.99999898672103882,
					"bytes":	74711040,
					"bits_per_second":	597688925.62561369,
					"retransmits":	0,
					"snd_cwnd":	8257944,
					"rtt":	50210,
					"rttvar":	62,
					"pmtu":	1500,
					"omitted":	false,
					"sender":	true
				}],
			"sum":	{
				"start":	4.000077,
				"end":	5.000076,
				"seconds":	0.99999898672103882,
				"bytes":	74711040,
				"bits_per_second":	597688925.62561369,
				"retransmits":	0,
				"omitted":	false,
				"sender":	true
			}
		}, {
			"streams":	[{
					"socket":	5,
					"start":	5.000076,
					"end":	6.00013,
					"seconds":	1.0000540018081665,
					"bytes":	76021760,
					"bits_per_second":	608141239.2734586,
					"retransmits":	0,
					"snd_cwnd":	8257944,
					"rtt":	50173,
					"rttvar":	64,
					"pmtu":	1500,
					"omitted":	false,
					"sender":	true
				}],
			"sum":	{
				"start":	5.000076,
				"end":	6.00013,
				"seconds":	1.0000540018081665,
				"bytes":	76021760,
				"bits_per_second":	608141239.2734586,
				"retransmits":	0,
				"omitted":	false,
				"sender":	true
			}
		}, {
			"streams":	[{
					"socket":	5,
					"start":	6.00013,
					"end":	7.000091,
					"seconds":	0.999961018562317,
					"bytes":	74711040,
					"bits_per_second":	597711619.658254,
					"retransmits":	0,
					"snd_cwnd":	8257944,
					"rtt":	50188,
					"rttvar":	65,
					"pmtu":	1500,
					"omitted":	false,
					"sender":	true
				}],
			"sum":	{
				"start":	6.00013,
				"end":	7.000091,
				"seconds":	0.999961018562317,
				"bytes":	74711040,
				"bits_per_second":	597711619.658254,
				"retransmits":	0,
				"omitted":	false,
				"sender":	true
			}
		}, {
			"streams":	[{
					"socket":	5,
					"start":	7.000091,
					"end":	8.000101,
					"seconds":	1.0000100135803223,
					"bytes":	76021760,
					"bits_per_second":	608167990.060982,
					"retransmits":	0,
					"snd_cwnd":	8257944,
					"rtt":	50213,
					"rttvar":	89,
					"pmtu":	1500,
					"omitted":	false,
					"sender":	true
				}],
			"sum":	{
				"start":	7.000091,
				"end":	8.000101,
				"seconds":	1.0000100135803223,
				"bytes":	76021760,
				"bits_per_second":	608167990.060982,
				"retransmits":	0,
				"omitted":	false,
				"sender":	true
			}
		}, {
			"streams":	[{
					"socket":	5,
					"start":	8.000101,
					"end":	9.000107,
					"seconds":	1.0000059604644775,
					"bytes":	77332480,
					"bits_per_second":	618656152.521979,
					"retransmits":	0,
					"snd_cwnd":	8257944,
					"rtt":	50137,
					"rttvar":	27,
					"pmtu":	1500,
					"omitted":	false,
					"sender":	true
				}],
			"sum":	{
				"start":	8.000101,
				"end":	9.000107,
				"seconds":	1.0000059604644775,
				"bytes":	77332480,
				"bits_per_second":	618656152.521979,
				"retransmits":	0,
				"omitted":	false,
				"sender":	true
			}
		}, {
			"streams":	[{
					"socket":	5,
					"start":	9.000107,
					"end":	10.000174,
					"seconds":	1.0000669956207275,
					"bytes":	74711040,
					"bits_per_second":	597648280.18249238,
					"retransmits":	0,
					"snd_cwnd":	8257944,
					"rtt":	50110,
					"rttvar":	21,
					"pmtu":	1500,
					"omitted":	false,
					"sender":	true
				}],
			"sum":	{
				"start":	9.000107,
				"end":	10.000174,
				"seconds":	1.0000669956207275,
				"bytes":	74711040,
				"bits_per_second":	597648280.18249238,
				"retransmits":	0,
				"omitted":	false,
				"sender":	true
			}
		}],
	"end":	{
		"streams":	[{
				"sender":	{
					"socket":	5,
					"start":	0,
					"end":	10.000174,
					"seconds":	10.000174,
					"bytes":	724943440,
					"bits_per_second":	579944660.96289933,
					"retransmits":	46,
					"max_snd_cwnd":	8257944,
					"max_rtt":	50213,
					"min_rtt":	50017,
					"mean_rtt":	50129,
					"sender":	true
				},
				"receiver":	{
					"socket":	5,
					"start":	0,
					"end":	20.019515,
					"seconds":	10.000174,
					"bytes":	724943440,
					"bits_per_second":	289694706.39023978,
					"sender":	true
				}
			}],
		"sum_sent":	{
			"start":	0,
			"end":	10.000174,
			"seconds":	10.000174,
			"bytes":	724943440,
			"bits_per_second":	579944660.96289933,
			"retransmits":	46,
			"sender":	true
		},
		"sum_received":	{
			"start":	0,
			"end":	20.019515,
			"seconds":	20.019515,
			"bytes":	724943440,
			"bits_per_second":	289694706.39023978,
			"sender":	true
		},
		"cpu_utilization_percent":	{
			"host_total":	4.84873952029194,
			"host_user":	0.18267652885447769,
			"host_system":	4.6660629914374629,
			"remote_total":	1.7404266208943486,
			"remote_user":	0.072234588625294652,
			"remote_system":	1.66818307182886
		},
		"sender_tcp_congestion":	"cubic",
		"receiver_tcp_congestion":	"cubic"
	}
}
