{
	"start":	{
		"connected":	[{
				"socket":	5,
				"local_host":	"10.5.0.20",
				"local_port":	54582,
				"remote_host":	"10.5.0.10",
				"remote_port":	5201
			}],
		"version":	"iperf 3.9",
		"system_info":	"Linux client 6.8.0-65-generic #68~22.04.1-Ubuntu SMP PREEMPT_DYNAMIC Tue Jul 15 18:06:34 UTC 2 x86_64",
		"timestamp":	{
			"time":	"Fri, 01 Aug 2025 04:51:38 GMT",
			"timesecs":	1754023898
		},
		"connecting_to":	{
			"host":	"10.5.0.10",
			"port":	5201
		},
		"cookie":	"fjulpkzxxgz7txxa6qn6d3bznc3bqmsfblzw",
		"tcp_mss_default":	1448,
		"sock_bufsize":	0,
		"sndbuf_actual":	16384,
		"rcvbuf_actual":	131072,
		"test_start":	{
			"protocol":	"TCP",
			"num_streams":	1,
			"blksize":	131072,
			"omit":	0,
			"duration":	10,
			"bytes":	0,
			"blocks":	0,
			"reverse":	0,
			"tos":	0
		}
	},
	"intervals":	[{
			"streams":	[{
					"socket":	5,
					"start":	0,
					"end":	1.000123,
					"seconds":	1.0001230239868164,
					"bytes":	1382329376,
					"bits_per_second":	11057274697.98333,
					"retransmits":	4983,
					"snd_cwnd":	13032,
					"rtt":	661,
					"rttvar":	481,
					"pmtu":	1500,
					"omitted":	false,
					"sender":	true
				}],
			"sum":	{
				"start":	0,
				"end":	1.000123,
				"seconds":	1.0001230239868164,
				"bytes":	1382329376,
				"bits_per_second":	11057274697.98333,
				"retransmits":	4983,
				"omitted":	false,
				"sender":	true
			}
		}, {
			"streams":	[{
					"socket":	5,
					"start":	1.000123,
					"end":	2.000175,
					"seconds":	1.0000519752502441,
					"bytes":	2944772296,
					"bits_per_second":	23556953989.42141,
					"retransmits":	10104,
					"snd_cwnd":	198376,
					"rtt":	15,
					"rttvar":	7,
					"pmtu":	1500,
					"omitted":	false,
					"sender":	true
				}],
			"sum":	{
				"start":	1.000123,
				"end":	2.000175,
				"seconds":	1.0000519752502441,
				"bytes":	2944772296,
				"bits_per_second":	23556953989.42141,
				"retransmits":	10104,
				"omitted":	false,
				"sender":	true
			}
		}, {
			"streams":	[{
					"socket":	5,
					"start":	2.000175,
					"end":	3.000071,
					"seconds":	0.999895989894867,
					"bytes":	2876833840,
					"bits_per_second":	23017064727.322144,
					"retransmits":	10028,
					"snd_cwnd":	62264,
					"rtt":	90,
					"rttvar":	25,
					"pmtu":	1500,
					"omitted":	false,
					"sender":	true
				}],
			"sum":	{
				"start":	2.000175,
				"end":	3.000071,
				"seconds":	0.999895989894867,
				"bytes":	2876833840,
				"bits_per_second":	23017064727.322144,
				"retransmits":	10028,
				"omitted":	false,
				"sender":	true
			}
		}, {
			"streams":	[{
					"socket":	5,
					"start":	3.000071,
					"end":	4.000184,
					"seconds":	1.0001130104064941,
					"bytes":	2771203024,
					"bits_per_second":	22167119076.86232,
					"retransmits":	9083,
					"snd_cwnd":	139008,
					"rtt":	19,
					"rttvar":	3,
					"pmtu":	1500,
					"omitted":	false,
					"sender":	true
				}],
			"sum":	{
				"start":	3.000071,
				"end":	4.000184,
				"seconds":	1.0001130104064941,
				"bytes":	2771203024,
				"bits_per_second":	22167119076.86232,
				"retransmits":	9083,
				"omitted":	false,
				"sender":	true
			}
		}, {
			"streams":	[{
					"socket":	5,
					"start":	4.000184,
					"end":	5.000104,
					"seconds":	0.99992001056671143,
					"bytes":	1826323240,
					"bits_per_second":	14611754705.978283,
					"retransmits":	5628,
					"snd_cwnd":	198376,
					"rtt":	14,
					"rttvar":	5,
					"pmtu":	1500,
					"omitted":	false,
					"sender":	true
				}],
			"sum":	{
				"start":	4.000184,
				"end":	5.000104,
				"seconds":	0.99992001056671143,
				"bytes":	1826323240,
				"bits_per_second":	14611754705.978283,
				"retransmits":	5628,
				"omitted":	false,
				"sender":	true
			}
		}, {
			"streams":	[{
					"socket":	5,
					"start":	5.000104,
					"end":	6.000086,
					"seconds":	0.99998199939727783,
					"bytes":	2258321232,
					"bits_per_second":	18066895071.0006,
					"retransmits":	8373,
					"snd_cwnd":	5792,
					"rtt":	344,
					"rttvar":	487,
					"pmtu":	1500,
					"omitted":	false,
					"sender":	true
				}],
			"sum":	{
				"start":	5.000104,
				"end":	6.000086,
				"seconds":	0.99998199939727783,
				"bytes":	2258321232,
				"bits_per_second":	18066895071.0006,
				"retransmits":	8373,
				"omitted":	false,
				"sender":	true
			}
		}, {
			"streams":	[{
					"socket":	5,
					"start":	6.000086,
					"end":	7.000221,
					"seconds":	1.0001349449157715,
					"bytes":	3155225184,
					"bits_per_second":	25238395678.820915,
					"retransmits":	10576,
					"snd_cwnd":	143352,
					"rtt":	18,
					"rttvar":	5,
					"pmtu":	1500,
					"omitted":	false,
					"sender":	true
				}],
			"sum":	{
				"start":	6.000086,
				"end":	7.000221,
				"seconds":	1.0001349449157715,
				"bytes":	3155225184,
				"bits_per_second":	25238395678.820915,
				"retransmits":	10576,
				"omitted":	false,
				"sender":	true
			}
		}, {
			"streams":	[{
					"socket":	5,
					"start":	7.000221,
					"end":	8.000225,
					"seconds":	1.0000040531158447,
					"bytes":	1884268512,
					"bits_per_second":	15074086998.979139,
					"retransmits":	7204,
					"snd_cwnd":	4344,
					"rtt":	252,
					"rttvar":	402,
					"pmtu":	1500,
					"omitted":	false,
					"sender":	true
				}],
			"sum":	{
				"start":	7.000221,
				"end":	8.000225,
				"seconds":	1.0000040531158447,
				"bytes":	1884268512,
				"bits_per_second":	15074086998.979139,
				"retransmits":	7204,
				"omitted":	false,
				"sender":	true
			}
		}, {
			"streams":	[{
					"socket":	5,
					"start":	8.000225,
					"end":	9.000006,
					"seconds":	0.99978101253509521,
					"bytes":	3506237272,
					"bits_per_second":	28056042097.5342,
					"retransmits":	12480,
					"snd_cwnd":	57920,
					"rtt":	106,
					"rttvar":	175,
					"pmtu":	1500,
					"omitted":	false,
					"sender":	true
				}],
			"sum":	{
				"start":	8.000225,
				"end":	9.000006,
				"seconds":	0.99978101253509521,
				"bytes":	3506237272,
				"bits_per_second":	28056042097.5342,
				"retransmits":	12480,
				"omitted":	false,
				"sender":	true
			}
		}, {
			"streams":	[{
					"socket":	5,
					"start":	9.000006,
					"end":	10.00009,
					"seconds":	1.0000840425491333,
					"bytes":	5138729848,
					"bits_per_second":	41106384098.6947,
					"retransmits":	18302,
					"snd_cwnd":	13032,
					"rtt":	661,
					"rttvar":	480,
					"pmtu":	1500,
					"omitted":	false,
					"sender":	true
				}],
			"sum":	{
				"start":	9.000006,
				"end":	10.00009,
				"seconds":	1.0000840425491333,
				"bytes":	5138729848,
				"bits_per_second":	41106384098.6947,
				"retransmits":	18302,
				"omitted":	false,
				"sender":	true
			}
		}],
	"end":	{
		"streams":	[{
				"sender":	{
					"socket":	5,
					"start":	0,
					"end":	10.00009,
					"seconds":	10.00009,
					"bytes":	27744243824,
					"bits_per_second":	22195195302.442276,
					"retransmits":	96761,
					"max_snd_cwnd":	198376,
					"max_rtt":	661,
					"min_rtt":	14,
					"mean_rtt":	218,
					"sender":	true
				},
				"receiver":	{
					"socket":	5,
					"start":	0,
					"end":	10.239907,
					"seconds":	10.00009,
					"bytes":	27742437376,
					"bits_per_second":	21673976043.727741,
					"sender":	true
				}
			}],
		"sum_sent":	{
			"start":	0,
			"end":	10.00009,
			"seconds":	10.00009,
			"bytes":	27744243824,
			"bits_per_second":	22195195302.442276,
			"retransmits":	96761,
			"sender":	true
		},
		"sum_received":	{
			"start":	0,
			"end":	10.239907,
			"seconds":	10.239907,
			"bytes":	27742437376,
			"bits_per_second":	21673976043.727741,
			"sender":	true
		},
		"cpu_utilization_percent":	{
			"host_total":	55.742046131421027,
			"host_user":	0.37877619361964565,
			"host_system":	55.363269937801384,
			"remote_total":	38.020797898953546,
			"remote_user":	1.6420203431453131,
			"remote_system":	36.378785693847611
		},
		"sender_tcp_congestion":	"reno",
		"receiver_tcp_congestion":	"cubic"
	}
}
