{
	"start":	{
		"connected":	[{
				"socket":	5,
				"local_host":	"10.5.0.20",
				"local_port":	38314,
				"remote_host":	"10.5.0.10",
				"remote_port":	5201
			}],
		"version":	"iperf 3.9",
		"system_info":	"Linux client 6.8.0-65-generic #68~22.04.1-Ubuntu SMP PREEMPT_DYNAMIC Tue Jul 15 18:06:34 UTC 2 x86_64",
		"timestamp":	{
			"time":	"Fri, 01 Aug 2025 04:22:46 GMT",
			"timesecs":	1754022166
		},
		"connecting_to":	{
			"host":	"10.5.0.10",
			"port":	5201
		},
		"cookie":	"o3wy5lio2x2v7uhbbdvlqsheq4zvy3q3vizm",
		"tcp_mss_default":	1448,
		"sock_bufsize":	0,
		"sndbuf_actual":	16384,
		"rcvbuf_actual":	131072,
		"test_start":	{
			"protocol":	"TCP",
			"num_streams":	1,
			"blksize":	131072,
			"omit":	0,
			"duration":	20,
			"bytes":	0,
			"blocks":	0,
			"reverse":	0,
			"tos":	0
		}
	},
	"intervals":	[{
			"streams":	[{
					"socket":	5,
					"start":	0,
					"end":	1.000083,
					"seconds":	1.0000829696655273,
					"bytes":	5663621120,
					"bits_per_second":	45305210001.8795,
					"retransmits":	40,
					"snd_cwnd":	838392,
					"rtt":	90,
					"rttvar":	69,
					"pmtu":	1500,
					"omitted":	false,
					"sender":	true
				}],
			"sum":	{
				"start":	0,
				"end":	1.000083,
				"seconds":	1.0000829696655273,
				"bytes":	5663621120,
				"bits_per_second":	45305210001.8795,
				"retransmits":	40,
				"omitted":	false,
				"sender":	true
			}
		}, {
			"streams":	[{
					"socket":	5,
					"start":	1.000083,
					"end":	2.00011,
					"seconds":	1.0000269412994385,
					"bytes":	6052904960,
					"bits_per_second":	48421935130.146271,
					"retransmits":	0,
					"snd_cwnd":	839840,
					"rtt":	24,
					"rttvar":	6,
					"pmtu":	1500,
					"omitted":	false,
					"sender":	true
				}],
			"sum":	{
				"start":	1.000083,
				"end":	2.00011,
				"seconds":	1.0000269412994385,
				"bytes":	6052904960,
				"bits_per_second":	48421935130.146271,
				"retransmits":	0,
				"omitted":	false,
				"sender":	true
			}
		}, {
			"streams":	[{
					"socket":	5,
					"start":	2.00011,
					"end":	3.000075,
					"seconds":	0.999965012073517,
					"bytes":	6346506240,
					"bits_per_second":	50773826390.905037,
					"retransmits":	0,
					"snd_cwnd":	839840,
					"rtt":	25,
					"rttvar":	8,
					"pmtu":	1500,
					"omitted":	false,
					"sender":	true
				}],
			"sum":	{
				"start":	2.00011,
				"end":	3.000075,
				"seconds":	0.999965012073517,
				"bytes":	6346506240,
				"bits_per_second":	50773826390.905037,
				"retransmits":	0,
				"omitted":	false,
				"sender":	true
			}
		}, {
			"streams":	[{
					"socket":	5,
					"start":	3.000075,
					"end":	4.000087,
					"seconds":	1.0000120401382446,
					"bytes":	6060769280,
					"bits_per_second":	48485570467.0287,
					"retransmits":	0,
					"snd_cwnd":	839840,
					"rtt":	25,
					"rttvar":	7,
					"pmtu":	1500,
					"omitted":	false,
					"sender":	true
				}],
			"sum":	{
				"start":	3.000075,
				"end":	4.000087,
				"seconds":	1.0000120401382446,
				"bytes":	6060769280,
				"bits_per_second":	48485570467.0287,
				"retransmits":	0,
				"omitted":	false,
				"sender":	true
			}
		}, {
			"streams":	[{
					"socket":	5,
					"start":	4.000087,
					"end":	5.000048,
					"seconds":	0.999961018562317,
					"bytes":	6228541440,
					"bits_per_second":	49830273975.719719,
					"retransmits":	0,
					"snd_cwnd":	839840,
					"rtt":	27,
					"rttvar":	11,
					"pmtu":	1500,
					"omitted":	false,
					"sender":	true
				}],
			"sum":	{
				"start":	4.000087,
				"end":	5.000048,
				"seconds":	0.999961018562317,
				"bytes":	6228541440,
				"bits_per_second":	49830273975.719719,
				"retransmits":	0,
				"omitted":	false,
				"sender":	true
			}
		}, {
			"streams":	[{
					"socket":	5,
					"start":	5.000048,
					"end":	6.000084,
					"seconds":	1.0000360012054443,
					"bytes":	6194462720,
					"bits_per_second":	49553917759.226181,
					"retransmits":	0,
					"snd_cwnd":	839840,
					"rtt":	24,
					"rttvar":	11,
					"pmtu":	1500,
					"omitted":	false,
					"sender":	true
				}],
			"sum":	{
				"start":	5.000048,
				"end":	6.000084,
				"seconds":	1.0000360012054443,
				"bytes":	6194462720,
				"bits_per_second":	49553917759.226181,
				"retransmits":	0,
				"omitted":	false,
				"sender":	true
			}
		}, {
			"streams":	[{
					"socket":	5,
					"start":	6.000084,
					"end":	7.000158,
					"seconds":	1.000074028968811,
					"bytes":	6182666240,
					"bits_per_second":	49457668619.792282,
					"retransmits":	0,
					"snd_cwnd":	839840,
					"rtt":	19,
					"rttvar":	1,
					"pmtu":	1500,
					"omitted":	false,
					"sender":	true
				}],
			"sum":	{
				"start":	6.000084,
				"end":	7.000158,
				"seconds":	1.000074028968811,
				"bytes":	6182666240,
				"bits_per_second":	49457668619.792282,
				"retransmits":	0,
				"omitted":	false,
				"sender":	true
			}
		}, {
			"streams":	[{
					"socket":	5,
					"start":	7.000158,
					"end":	8.000173,
					"seconds":	1.0000150203704834,
					"bytes":	6199705600,
					"bits_per_second":	49596899836.189636,
					"retransmits":	0,
					"snd_cwnd":	839840,
					"rtt":	18,
					"rttvar":	2,
					"pmtu":	1500,
					"omitted":	false,
					"sender":	true
				}],
			"sum":	{
				"start":	7.000158,
				"end":	8.000173,
				"seconds":	1.0000150203704834,
				"bytes":	6199705600,
				"bits_per_second":	49596899836.189636,
				"retransmits":	0,
				"omitted":	false,
				"sender":	true
			}
		}, {
			"streams":	[{
					"socket":	5,
					"start":	8.000173,
					"end":	9.000166,
					"seconds":	0.99999302625656128,
					"bytes":	6110576640,
					"bits_per_second":	48884954031.127426,
					"retransmits":	0,
					"snd_cwnd":	839840,
					"rtt":	26,
					"rttvar":	8,
					"pmtu":	1500,
					"omitted":	false,
					"sender":	true
				}],
			"sum":	{
				"start":	8.000173,
				"end":	9.000166,
				"seconds":	0.99999302625656128,
				"bytes":	6110576640,
				"bits_per_second":	48884954031.127426,
				"retransmits":	0,
				"omitted":	false,
				"sender":	true
			}
		}, {
			"streams":	[{
					"socket":	5,
					"start":	9.000166,
					"end":	10.000041,
					"seconds":	0.999875009059906,
					"bytes":	6030622720,
					"bits_per_second":	48251012699.4378,
					"retransmits":	0,
					"snd_cwnd":	839840,
					"rtt":	31,
					"rttvar":	11,
					"pmtu":	1500,
					"omitted":	false,
					"sender":	true
				}],
			"sum":	{
				"start":	9.000166,
				"end":	10.000041,
				"seconds":	0.999875009059906,
				"bytes":	6030622720,
				"bits_per_second":	48251012699.4378,
				"retransmits":	0,
				"omitted":	false,
				"sender":	true
			}
		}, {
			"streams":	[{
					"socket":	5,
					"start":	10.000041,
					"end":	11.000067,
					"seconds":	1.0000259876251221,
					"bytes":	6071255040,
					"bits_per_second":	48568778132.801247,
					"retransmits":	0,
					"snd_cwnd":	847080,
					"rtt":	19,
					"rttvar":	1,
					"pmtu":	1500,
					"omitted":	false,
					"sender":	true
				}],
			"sum":	{
				"start":	10.000041,
				"end":	11.000067,
				"seconds":	1.0000259876251221,
				"bytes":	6071255040,
				"bits_per_second":	48568778132.801247,
				"retransmits":	0,
				"omitted":	false,
				"sender":	true
			}
		}, {
			"streams":	[{
					"socket":	5,
					"start":	11.000067,
					"end":	12.000102,
					"seconds":	1.0000350475311279,
					"bytes":	6173491200,
					"bits_per_second":	49386198735.662521,
					"retransmits":	0,
					"snd_cwnd":	858664,
					"rtt":	19,
					"rttvar":	2,
					"pmtu":	1500,
					"omitted":	false,
					"sender":	true
				}],
			"sum":	{
				"start":	11.000067,
				"end":	12.000102,
				"seconds":	1.0000350475311279,
				"bytes":	6173491200,
				"bits_per_second":	49386198735.662521,
				"retransmits":	0,
				"omitted":	false,
				"sender":	true
			}
		}, {
			"streams":	[{
					"socket":	5,
					"start":	12.000102,
					"end":	13.000013,
					"seconds":	0.99991101026535034,
					"bytes":	6223298560,
					"bits_per_second":	49790819351.8021,
					"retransmits":	0,
					"snd_cwnd":	887624,
					"rtt":	20,
					"rttvar":	12,
					"pmtu":	1500,
					"omitted":	false,