{
	"start":	{
		"connected":	[{
				"socket":	5,
				"local_host":	"10.5.0.20",
				"local_port":	54120,
				"remote_host":	"10.5.0.10",
				"remote_port":	5201
			}],
		"version":	"iperf 3.9",
		"system_info":	"Linux client 6.8.0-65-generic #68~22.04.1-Ubuntu SMP PREEMPT_DYNAMIC Tue Jul 15 18:06:34 UTC 2 x86_64",
		"timestamp":	{
			"time":	"Fri, 01 Aug 2025 04:41:13 GMT",
			"timesecs":	1754023273
		},
		"connecting_to":	{
			"host":	"10.5.0.10",
			"port":	5201
		},
		"cookie":	"46rrkr76crydjfo6u5wonupwo2dy7uncxhh5",
		"tcp_mss_default":	1448,
		"sock_bufsize":	0,
		"sndbuf_actual":	16384,
		"rcvbuf_actual":	131072,
		"test_start":	{
			"protocol":	"TCP",
			"num_streams":	1,
			"blksize":	131072,
			"omit":	0,
			"duration":	10,
			"bytes":	0,
			"blocks":	0,
			"reverse":	0,
			"tos":	0
		}
	},
	"intervals":	[{
			"streams":	[{
					"socket":	5,
					"start":	0,
					"end":	1.000131,
					"seconds":	1.0001310110092163,
					"bytes":	5654446080,
					"bits_per_second":	45229643058.816368,
					"retransmits":	90,
					"snd_cwnd":	425712,
					"rtt":	19,
					"rttvar":	3,
					"pmtu":	1500,
					"omitted":	false,
					"sender":	true
				}],
			"sum":	{
				"start":	0,
				"end":	1.000131,
				"seconds":	1.0001310110092163,
				"bytes":	5654446080,
				"bits_per_second":	45229643058.816368,
				"retransmits":	90,
				"omitted":	false,
				"sender":	true
			}
		}, {
			"streams":	[{
					"socket":	5,
					"start":	1.000131,
					"end":	2.000175,
					"seconds":	1.0000439882278442,
					"bytes":	6028001280,
					"bits_per_second":	48221889044.557625,
					"retransmits":	0,
					"snd_cwnd":	405440,
					"rtt":	20,
					"rttvar":	3,
					"pmtu":	1500,
					"omitted":	false,
					"sender":	true
				}],
			"sum":	{
				"start":	1.000131,
				"end":	2.000175,
				"seconds":	1.0000439882278442,
				"bytes":	6028001280,
				"bits_per_second":	48221889044.557625,
				"retransmits":	0,
				"omitted":	false,
				"sender":	true
			}
		}, {
			"streams":	[{
					"socket":	5,
					"start":	2.000175,
					"end":	3.000052,
					"seconds":	0.99987697601318359,
					"bytes":	6054215680,
					"bits_per_second":	48439684683.129845,
					"retransmits":	0,
					"snd_cwnd":	405440,
					"rtt":	19,
					"rttvar":	3,
					"pmtu":	1500,
					"omitted":	false,
					"sender":	true
				}],
			"sum":	{
				"start":	2.000175,
				"end":	3.000052,
				"seconds":	0.99987697601318359,
				"bytes":	6054215680,
				"bits_per_second":	48439684683.129845,
				"retransmits":	0,
				"omitted":	false,
				"sender":	true
			}
		}, {
			"streams":	[{
					"socket":	5,
					"start":	3.000052,
					"end":	4.000108,
					"seconds":	1.0000560283660889,
					"bytes":	5889064960,
					"bits_per_second":	47109880190.3863,
					"retransmits":	0,
					"snd_cwnd":	501008,
					"rtt":	33,
					"rttvar":	13,
					"pmtu":	1500,
					"omitted":	false,
					"sender":	true
				}],
			"sum":	{
				"start":	3.000052,
				"end":	4.000108,
				"seconds":	1.0000560283660889,
				"bytes":	5889064960,
				"bits_per_second":	47109880190.3863,
				"retransmits":	0,
				"omitted":	false,
				"sender":	true
			}
		}, {
			"streams":	[{
					"socket":	5,
					"start":	4.000108,
					"end":	5.000201,
					"seconds":	1.0000929832458496,
					"bytes":	5906104320,
					"bits_per_second":	47244441618.469963,
					"retransmits":	0,
					"snd_cwnd":	457568,
					"rtt":	17,
					"rttvar":	4,
					"pmtu":	1500,
					"omitted":	false,
					"sender":	true
				}],
			"sum":	{
				"start":	4.000108,
				"end":	5.000201,
				"seconds":	1.0000929832458496,
				"bytes":	5906104320,
				"bits_per_second":	47244441618.469963,
				"retransmits":	0,
				"omitted":	false,
				"sender":	true
			}
		}, {
			"streams":	[{
					"socket":	5,
					"start":	5.000201,
					"end":	6.000179,
					"seconds":	0.999978005886078,
					"bytes":	6014894080,
					"bits_per_second":	48120211001.402718,
					"retransmits":	45,
					"snd_cwnd":	445984,
					"rtt":	17,
					"rttvar":	4,
					"pmtu":	1500,
					"omitted":	false,
					"sender":	true
				}],
			"sum":	{
				"start":	5.000201,
				"end":	6.000179,
				"seconds":	0.999978005886078,
				"bytes":	6014894080,
				"bits_per_second":	48120211001.402718,
				"retransmits":	45,
				"omitted":	false,
				"sender":	true
			}
		}, {
			"streams":	[{
					"socket":	5,
					"start":	6.000179,
					"end":	7.000095,
					"seconds":	0.99991601705551147,
					"bytes":	5966397440,
					"bits_per_second":	47735188461.682724,
					"retransmits":	45,
					"snd_cwnd":	443088,
					"rtt":	18,
					"rttvar":	3,
					"pmtu":	1500,
					"omitted":	false,
					"sender":	true
				}],
			"sum":	{
				"start":	6.000179,
				"end":	7.000095,
				"seconds":	0.99991601705551147,
				"bytes":	5966397440,
				"bits_per_second":	47735188461.682724,
				"retransmits":	45,
				"omitted":	false,
				"sender":	true
			}
		}, {
			"streams":	[{
					"socket":	5,
					"start":	7.000095,
					"end":	8.000167,
					"seconds":	1.0000720024108887,
					"bytes":	5929697280,
					"bits_per_second":	47434162865.915169,
					"retransmits":	45,
					"snd_cwnd":	379376,
					"rtt":	19,
					"rttvar":	3,
					"pmtu":	1500,
					"omitted":	false,
					"sender":	true
				}],
			"sum":	{
				"start":	7.000095,
				"end":	8.000167,
				"seconds":	1.0000720024108887,
				"bytes":	5929697280,
				"bits_per_second":	47434162865.915169,
				"retransmits":	45,
				"omitted":	false,
				"sender":	true
			}
		}, {
			"streams":	[{
					"socket":	5,
					"start":	8.000167,
					"end":	9.000161,
					"seconds":	0.99999397993087769,
					"bytes":	6022758400,
					"bits_per_second":	48182357261.121185,
					"retransmits":	0,
					"snd_cwnd":	445984,
					"rtt":	19,
					"rttvar":	4,
					"pmtu":	1500,
					"omitted":	false,
					"sender":	true
				}],
			"sum":	{
				"start":	8.000167,
				"end":	9.000161,
				"seconds":	0.99999397993087769,
				"bytes":	6022758400,
				"bits_per_second":	48182357261.121185,
				"retransmits":	0,
				"omitted":	false,
				"sender":	true
			}
		}, {
			"streams":	[{
					"socket":	5,
					"start":	9.000161,
					"end":	10.00015,
					"seconds":	0.99998897314071655,
					"bytes":	5836636160,
					"bits_per_second":	46693604163.802551,
					"retransmits":	0,
					"snd_cwnd":	451776,
					"rtt":	17,
					"rttvar":	4,
					"pmtu":	1500,
					"omitted":	false,
					"sender":	true
				}],
			"sum":	{
				"start":	9.000161,
				"end":	10.00015,
				"seconds":	0.99998897314071655,
				"bytes":	5836636160,
				"bits_per_second":	46693604163.802551,
				"retransmits":	0,
				"omitted":	false,
				"sender":	true
			}
		}],
	"end":	{
		"streams":	[{
				"sender":	{
					"socket":	5,
					"start":	0,
					"end":	10.00015,
					"seconds":	10.00015,
					"bytes":	59302215680,
					"bits_per_second":	47441060928.086082,
					"retransmits":	225,
					"max_snd_cwnd":	501008,
					"max_rtt":	33,
					"min_rtt":	17,
					"mean_rtt":	19,
					"sender":	true
				},
				"receiver":	{
					"socket":	5,
					"start":	0,
					"end":	10.039365,
					"seconds":	10.00015,
					"bytes":	59302215680,
					"bits_per_second":	47255750283.010925,
					"sender":	true
				}
			}],
		"sum_sent":	{
			"start":	0,
			"end":	10.00015,
			"seconds":	10.00015,
			"bytes":	59302215680,
			"bits_per_second":	47441060928.086082,
			"retransmits":	225,
			"sender":	true
		},
		"sum_received":	{
			"start":	0,
			"end":	10.039365,
			"seconds":	10.039365,
			"bytes":	59302215680,
			"bits_per_second":	47255750283.010925,
			"sender":	true
		},
		"cpu_utilization_percent":	{
			"host_total":	99.0256056961233,
			"host_user":	1.200710230118605,
			"host_system":	97.8248657110841,
			"remote_total":	76.3498269528343,
			"remote_user":	3.194440850221846,
			"remote_system":	73.155368068882353
		},
		"sender_tcp_congestion":	"bbr",
		"receiver_tcp_congestion":	"cubic"
	}
}
