{
	"start":	{
		"connected":	[{
				"socket":	5,
				"local_host":	"10.5.0.20",
				"local_port":	55988,
				"remote_host":	"10.5.0.10",
				"remote_port":	5201
			}],
		"version":	"iperf 3.9",
		"system_info":	"Linux client 6.8.0-65-generic #68~22.04.1-Ubuntu SMP PREEMPT_DYNAMIC Tue Jul 15 18:06:34 UTC 2 x86_64",
		"timestamp":	{
			"time":	"Fri, 01 Aug 2025 04:39:03 GMT",
			"timesecs":	1754023143
		},
		"connecting_to":	{
			"host":	"10.5.0.10",
			"port":	5201
		},
		"cookie":	"jrgxp3fbh6e5qggrbk5rc2bal3l6o457omkl",
		"tcp_mss_default":	1448,
		"sock_bufsize":	0,
		"sndbuf_actual":	16384,
		"rcvbuf_actual":	131072,
		"test_start":	{
			"protocol":	"TCP",
			"num_streams":	1,
			"blksize":	131072,
			"omit":	0,
			"duration":	15,
			"bytes":	0,
			"blocks":	0,
			"reverse":	0,
			"tos":	0
		}
	},
	"intervals":	[{
			"streams":	[{
					"socket":	5,
					"start":	0,
					"end":	1.000033,
					"seconds":	1.0000330209732056,
					"bytes":	6039797760,
					"bits_per_second":	48316786612.683884,
					"retransmits":	0,
					"snd_cwnd":	393856,
					"rtt":	15,
					"rttvar":	3,
					"pmtu":	1500,
					"omitted":	false,
					"sender":	true
				}],
			"sum":	{
				"start":	0,
				"end":	1.000033,
				"seconds":	1.0000330209732056,
				"bytes":	6039797760,
				"bits_per_second":	48316786612.683884,
				"retransmits":	0,
				"omitted":	false,
				"sender":	true
			}
		}, {
			"streams":	[{
					"socket":	5,
					"start":	1.000033,
					"end":	2.000203,
					"seconds":	1.0001699924468994,
					"bytes":	5769789440,
					"bits_per_second":	46150470288.630074,
					"retransmits":	0,
					"snd_cwnd":	472048,
					"rtt":	16,
					"rttvar":	5,
					"pmtu":	1500,
					"omitted":	false,
					"sender":	true
				}],
			"sum":	{
				"start":	1.000033,
				"end":	2.000203,
				"seconds":	1.0001699924468994,
				"bytes":	5769789440,
				"bits_per_second":	46150470288.630074,
				"retransmits":	0,
				"omitted":	false,
				"sender":	true
			}
		}, {
			"streams":	[{
					"socket":	5,
					"start":	2.000203,
					"end":	3.000127,
					"seconds":	0.99992400407791138,
					"bytes":	5911347200,
					"bits_per_second":	47294371779.392975,
					"retransmits":	0,
					"snd_cwnd":	445984,
					"rtt":	17,
					"rttvar":	6,
					"pmtu":	1500,
					"omitted":	false,
					"sender":	true
				}],
			"sum":	{
				"start":	2.000203,
				"end":	3.000127,
				"seconds":	0.99992400407791138,
				"bytes":	5911347200,
				"bits_per_second":	47294371779.392975,
				"retransmits":	0,
				"omitted":	false,
				"sender":	true
			}
		}, {
			"streams":	[{
					"socket":	5,
					"start":	3.000127,
					"end":	4.000024,
					"seconds":	0.999897003173828,
					"bytes":	5983436800,
					"bits_per_second":	47872425107.84726,
					"retransmits":	0,
					"snd_cwnd":	440192,
					"rtt":	17,
					"rttvar":	3,
					"pmtu":	1500,
					"omitted":	false,
					"sender":	true
				}],
			"sum":	{
				"start":	3.000127,
				"end":	4.000024,
				"seconds":	0.999897003173828,
				"bytes":	5983436800,
				"bits_per_second":	47872425107.84726,
				"retransmits":	0,
				"omitted":	false,
				"sender":	true
			}
		}, {
			"streams":	[{
					"socket":	5,
					"start":	4.000024,
					"end":	5.000024,
					"seconds":	1,
					"bytes":	5908725760,
					"bits_per_second":	47269806080,
					"retransmits":	0,
					"snd_cwnd":	405440,
					"rtt":	23,
					"rttvar":	7,
					"pmtu":	1500,
					"omitted":	false,
					"sender":	true
				}],
			"sum":	{
				"start":	4.000024,
				"end":	5.000024,
				"seconds":	1,
				"bytes":	5908725760,
				"bits_per_second":	47269806080,
				"retransmits":	0,
				"omitted":	false,
				"sender":	true
			}
		}, {
			"streams":	[{
					"socket":	5,
					"start":	5.000024,
					"end":	6.000006,
					"seconds":	0.99998199939727783,
					"bytes":	6047662080,
					"bits_per_second":	48382167548.176872,
					"retransmits":	0,
					"snd_cwnd":	425712,
					"rtt":	20,
					"rttvar":	1,
					"pmtu":	1500,
					"omitted":	false,
					"sender":	true
				}],
			"sum":	{
				"start":	5.000024,
				"end":	6.000006,
				"seconds":	0.99998199939727783,
				"bytes":	6047662080,
				"bits_per_second":	48382167548.176872,
				"retransmits":	0,
				"omitted":	false,
				"sender":	true
			}
		}, {
			"streams":	[{
					"socket":	5,
					"start":	6.000006,
					"end":	7.000011,
					"seconds":	1.0000050067901611,
					"bytes":	5743575040,
					"bits_per_second":	45948370266.151833,
					"retransmits":	3,
					"snd_cwnd":	385168,
					"rtt":	17,
					"rttvar":	3,
					"pmtu":	1500,
					"omitted":	false,
					"sender":	true
				}],
			"sum":	{
				"start":	6.000006,
				"end":	7.000011,
				"seconds":	1.0000050067901611,
				"bytes":	5743575040,
				"bits_per_second":	45948370266.151833,
				"retransmits":	3,
				"omitted":	false,
				"sender":	true
			}
		}, {
			"streams":	[{
					"socket":	5,
					"start":	7.000011,
					"end":	8.000176,
					"seconds":	1.0001649856567383,
					"bytes":	6016204800,
					"bits_per_second":	48121699009.8855,
					"retransmits":	0,
					"snd_cwnd":	402544,
					"rtt":	26,
					"rttvar":	14,
					"pmtu":	1500,
					"omitted":	false,
					"sender":	true
				}],
			"sum":	{
				"start":	7.000011,
				"end":	8.000176,
				"seconds":	1.0001649856567383,
				"bytes":	6016204800,
				"bits_per_second":	48121699009.8855,
				"retransmits":	0,
				"omitted":	false,
				"sender":	true
			}
		}, {
			"streams":	[{
					"socket":	5,
					"start":	8.000176,
					"end":	9.000185,
					"seconds":	1.0000089406967163,
					"bytes":	5895618560,
					"bits_per_second":	47164526796.270149,
					"retransmits":	0,
					"snd_cwnd":	408336,
					"rtt":	19,
					"rttvar":	4,
					"pmtu":	1500,
					"omitted":	false,
					"sender":	true
				}],
			"sum":	{
				"start":	8.000176,
				"end":	9.000185,
				"seconds":	1.0000089406967163,
				"bytes":	5895618560,
				"bits_per_second":	47164526796.270149,
				"retransmits":	0,
				"omitted":	false,
				"sender":	true
			}
		}, {
			"streams":	[{
					"socket":	5,
					"start":	9.000185,
					"end":	10.000201,
					"seconds":	1.0000159740448,
					"bytes":	5898240000,
					"bits_per_second":	47185166262.040245,
					"retransmits":	0,
					"snd_cwnd":	405440,
					"rtt":	18,
					"rttvar":	4,
					"pmtu":	1500,
					"omitted":	false,
					"sender":	true
				}],
			"sum":	{
				"start":	9.000185,
				"end":	10.000201,
				"seconds":	1.0000159740448,
				"bytes":	5898240000,
				"bits_per_second":	47185166262.040245,
				"retransmits":	0,
				"omitted":	false,
				"sender":	true
			}
		}, {
			"streams":	[{
					"socket":	5,
					"start":	10.000201,
					"end":	11.000171,
					"seconds":	0.999970018863678,
					"bytes":	4886364160,
					"bits_per_second":	39092085305.138649,
					"retransmits":	2,
					"snd_cwnd":	411232,
					"rtt":	22,
					"rttvar":	6,
					"pmtu":	1500,
					"omitted":	false,
					"sender":	true
				}],
			"sum":	{
				"start":	10.000201,
				"end":	11.000171,
				"seconds":	0.999970018863678,
				"bytes":	4886364160,
				"bits_per_second":	39092085305.138649,
				"retransmits":	2,
				"omitted":	false,
				"sender":	true
			}
		}, {
			"streams":	[{
					"socket":	5,
					"start":	11.000171,
					"end":	12.000034,
					"seconds":	0.999863028526306,
					"bytes":	5931008000,
					"bits_per_second":	47454563921.553833,
					"retransmits":	0,
					"snd_cwnd":	359104,
					"rtt":	22,
					"rttvar":	9,
					"pmtu":	1500,
					"omitted":	false,
					"sender":	true
				}],
			"sum":	{
				"start":	11.000171,
				"end":	12.000034,
				"seconds":	0.999863028526306,
				"bytes":	5931008000,
				"bits_per_second":	47454563921.553833,
				"retransmits":	0,
				"omitted":	false,
				"sender":	true
			}
		}, {
			"streams":	[{
					"socket":	5,
					"start":	12.000034,
					"end":	13.000089,
					"seconds":	1.0000549554824829,
					"bytes":	6131548160,
					"bits_per_second":	49049689730.635216,
					"retransmits":	0,
					"snd_cwnd":	408336,
					"rtt":	22,
					"rttvar":	7,
					"pmtu":	1500,
					"omitted":	false,
					"sender":	true
				}],