{
	"start":	{
		"connected":	[{
				"socket":	5,
				"local_host":	"10.5.0.20",
				"local_port":	48820,
				"remote_host":	"10.5.0.10",
				"remote_port":	5201
			}],
		"version":	"iperf 3.9",
		"system_info":	"Linux client 6.8.0-65-generic #68~22.04.1-Ubuntu SMP PREEMPT_DYNAMIC Tue Jul 15 18:06:34 UTC 2 x86_64",
		"timestamp":	{
			"time":	"Fri, 01 Aug 2025 04:50:54 GMT",
			"timesecs":	1754023854
		},
		"connecting_to":	{
			"host":	"10.5.0.10",
			"port":	5201
		},
		"cookie":	"wimv5x57exbzkyo45fixomkzgo3gmkfdseo5",
		"tcp_mss_default":	1448,
		"sock_bufsize":	0,
		"sndbuf_actual":	16384,
		"rcvbuf_actual":	131072,
		"test_start":	{
			"protocol":	"TCP",
			"num_streams":	1,
			"blksize":	131072,
			"omit":	0,
			"duration":	10,
			"bytes":	0,
			"blocks":	0,
			"reverse":	0,
			"tos":	0
		}
	},
	"intervals":	[{
			"streams":	[{
					"socket":	5,
					"start":	0,
					"end":	1.000077,
					"seconds":	1.00007700920105,
					"bytes":	4112965600,
					"bits_per_second":	32901191105.559376,
					"retransmits":	14690,
					"snd_cwnd":	57920,
					"rtt":	18,
					"rttvar":	5,
					"pmtu":	1500,
					"omitted":	false,
					"sender":	true
				}],
			"sum":	{
				"start":	0,
				"end":	1.000077,
				"seconds":	1.00007700920105,
				"bytes":	4112965600,
				"bits_per_second":	32901191105.559376,
				"retransmits":	14690,
				"omitted":	false,
				"sender":	true
			}
		}, {
			"streams":	[{
					"socket":	5,
					"start":	1.000077,
					"end":	2.000179,
					"seconds":	1.0001020431518555,
					"bytes":	2835591488,
					"bits_per_second":	22682417318.6451,
					"retransmits":	9612,
					"snd_cwnd":	108600,
					"rtt":	20,
					"rttvar":	4,
					"pmtu":	1500,
					"omitted":	false,
					"sender":	true
				}],
			"sum":	{
				"start":	1.000077,
				"end":	2.000179,
				"seconds":	1.0001020431518555,
				"bytes":	2835591488,
				"bits_per_second":	22682417318.6451,
				"retransmits":	9612,
				"omitted":	false,
				"sender":	true
			}
		}, {
			"streams":	[{
					"socket":	5,
					"start":	2.000179,
					"end":	3.000034,
					"seconds":	0.99985498189926147,
					"bytes":	3613323440,
					"bits_per_second":	28910780106.4219,
					"retransmits":	11219,
					"snd_cwnd":	4344,
					"rtt":	251,
					"rttvar":	398,
					"pmtu":	1500,
					"omitted":	false,
					"sender":	true
				}],
			"sum":	{
				"start":	2.000179,
				"end":	3.000034,
				"seconds":	0.99985498189926147,
				"bytes":	3613323440,
				"bits_per_second":	28910780106.4219,
				"retransmits":	11219,
				"omitted":	false,
				"sender":	true
			}
		}, {
			"streams":	[{
					"socket":	5,
					"start":	3.000034,
					"end":	4.000088,
					"seconds":	1.0000540018081665,
					"bytes":	1752150952,
					"bits_per_second":	14016450702.318,
					"retransmits":	6142,
					"snd_cwnd":	30408,
					"rtt":	17,
					"rttvar":	5,
					"pmtu":	1500,
					"omitted":	false,
					"sender":	true
				}],
			"sum":	{
				"start":	3.000034,
				"end":	4.000088,
				"seconds":	1.0000540018081665,
				"bytes":	1752150952,
				"bits_per_second":	14016450702.318,
				"retransmits":	6142,
				"omitted":	false,
				"sender":	true
			}
		}, {
			"streams":	[{
					"socket":	5,
					"start":	4.000088,
					"end":	5.00013,
					"seconds":	1.0000419616699219,
					"bytes":	2741194144,
					"bits_per_second":	21928632989.940639,
					"retransmits":	8698,
					"snd_cwnd":	4344,
					"rtt":	245,
					"rttvar":	404,
					"pmtu":	1500,
					"omitted":	false,
					"sender":	true
				}],
			"sum":	{
				"start":	4.000088,
				"end":	5.00013,
				"seconds":	1.0000419616699219,
				"bytes":	2741194144,
				"bits_per_second":	21928632989.940639,
				"retransmits":	8698,
				"omitted":	false,
				"sender":	true
			}
		}, {
			"streams":	[{
					"socket":	5,
					"start":	5.00013,
					"end":	6.000155,
					"seconds":	1.0000250339508057,
					"bytes":	3276487800,
					"bits_per_second":	26211246228.951351,
					"retransmits":	11168,
					"snd_cwnd":	198376,
					"rtt":	24,
					"rttvar":	5,
					"pmtu":	1500,
					"omitted":	false,
					"sender":	true
				}],
			"sum":	{
				"start":	5.00013,
				"end":	6.000155,
				"seconds":	1.0000250339508057,
				"bytes":	3276487800,
				"bits_per_second":	26211246228.951351,
				"retransmits":	11168,
				"omitted":	false,
				"sender":	true
			}
		}, {
			"streams":	[{
					"socket":	5,
					"start":	6.000155,
					"end":	7.000058,
					"seconds":	0.99990302324295044,
					"bytes":	2663612432,
					"bits_per_second":	21310966124.384335,
					"retransmits":	9573,
					"snd_cwnd":	31856,
					"rtt":	256,
					"rttvar":	412,
					"pmtu":	1500,
					"omitted":	false,
					"sender":	true
				}],
			"sum":	{
				"start":	6.000155,
				"end":	7.000058,
				"seconds":	0.99990302324295044,
				"bytes":	2663612432,
				"bits_per_second":	21310966124.384335,
				"retransmits":	9573,
				"omitted":	false,
				"sender":	true
			}
		}, {
			"streams":	[{
					"socket":	5,
					"start":	7.000058,
					"end":	8.000192,
					"seconds":	1.0001339912414551,
					"bytes":	2900049776,
					"bits_per_second":	23197289974.317947,
					"retransmits":	10009,
					"snd_cwnd":	231680,
					"rtt":	91,
					"rttvar":	45,
					"pmtu":	1500,
					"omitted":	false,
					"sender":	true
				}],
			"sum":	{
				"start":	7.000058,
				"end":	8.000192,
				"seconds":	1.0001339912414551,
				"bytes":	2900049776,
				"bits_per_second":	23197289974.317947,
				"retransmits":	10009,
				"omitted":	false,
				"sender":	true
			}
		}, {
			"streams":	[{
					"socket":	5,
					"start":	8.000192,
					"end":	9.000068,
					"seconds":	0.99987602233886719,
					"bytes":	2459369008,
					"bits_per_second":	19677391620.990364,
					"retransmits":	8527,
					"snd_cwnd":	11584,
					"rtt":	617,
					"rttvar":	507,
					"pmtu":	1500,
					"omitted":	false,
					"sender":	true
				}],
			"sum":	{
				"start":	8.000192,
				"end":	9.000068,
				"seconds":	0.99987602233886719,
				"bytes":	2459369008,
				"bits_per_second":	19677391620.990364,
				"retransmits":	8527,
				"omitted":	false,
				"sender":	true
			}
		}, {
			"streams":	[{
					"socket":	5,
					"start":	9.000068,
					"end":	10.000207,
					"seconds":	1.0001389980316162,
					"bytes":	3944042128,
					"bits_per_second":	31547951920.78149,
					"retransmits":	14488,
					"snd_cwnd":	143352,
					"rtt":	13,
					"rttvar":	5,
					"pmtu":	1500,
					"omitted":	false,
					"sender":	true
				}],
			"sum":	{
				"start":	9.000068,
				"end":	10.000207,
				"seconds":	1.0001389980316162,
				"bytes":	3944042128,
				"bits_per_second":	31547951920.78149,
				"retransmits":	14488,
				"omitted":	false,
				"sender":	true
			}
		}],
	"end":	{
		"streams":	[{
				"sender":	{
					"socket":	5,
					"start":	0,
					"end":	10.000207,
					"seconds":	10.000207,
					"bytes":	30298786768,
					"bits_per_second":	24238527676.87709,
					"retransmits":	104126,
					"max_snd_cwnd":	231680,
					"max_rtt":	617,
					"min_rtt":	13,
					"mean_rtt":	155,
					"sender":	true
				},
				"receiver":	{
					"socket":	5,
					"start":	0,
					"end":	20.048502,
					"seconds":	10.000207,
					"bytes":	30298786768,
					"bits_per_second":	12090194775.849089,
					"sender":	true
				}
			}],
		"sum_sent":	{
			"start":	0,
			"end":	10.000207,
			"seconds":	10.000207,
			"bytes":	30298786768,
			"bits_per_second":	24238527676.87709,
			"retransmits":	104126,
			"sender":	true
		},
		"sum_received":	{
			"start":	0,
			"end":	20.048502,
			"seconds":	20.048502,
			"bytes":	30298786768,
			"bits_per_second":	12090194775.849089,
			"sender":	true
		},
		"cpu_utilization_percent":	{
			"host_total":	59.823046713561034,
			"host_user":	0.78083553538098727,
			"host_system":	59.04220126016336,
			"remote_total":	22.891064857975646,
			"remote_user":	0.94980607472155676,
			"remote_system":	21.941263305343409
		},
		"sender_tcp_congestion":	"reno",
		"receiver_tcp_congestion":	"cubic"
	}
}
