{
	"start":	{
		"connected":	[{
				"socket":	5,
				"local_host":	"10.5.0.20",
				"local_port":	52398,
				"remote_host":	"10.5.0.10",
				"remote_port":	5201
			}],
		"version":	"iperf 3.9",
		"system_info":	"Linux client 6.8.0-65-generic #68~22.04.1-Ubuntu SMP PREEMPT_DYNAMIC Tue Jul 15 18:06:34 UTC 2 x86_64",
		"timestamp":	{
			"time":	"Fri, 01 Aug 2025 04:23:42 GMT",
			"timesecs":	1754022222
		},
		"connecting_to":	{
			"host":	"10.5.0.10",
			"port":	5201
		},
		"cookie":	"6pnc6grklzsw2mlvm6pwg5ib25edqncctwnx",
		"tcp_mss_default":	1448,
		"sock_bufsize":	0,
		"sndbuf_actual":	16384,
		"rcvbuf_actual":	131072,
		"test_start":	{
			"protocol":	"TCP",
			"num_streams":	1,
			"blksize":	131072,
			"omit":	0,
			"duration":	20,
			"bytes":	0,
			"blocks":	0,
			"reverse":	0,
			"tos":	0
		}
	},
	"intervals":	[{
			"streams":	[{
					"socket":	5,
					"start":	0,
					"end":	1.00008,
					"seconds":	1.0000799894332886,
					"bytes":	6004408320,
					"bits_per_second":	48031424553.569916,
					"retransmits":	0,
					"snd_cwnd":	815224,
					"rtt":	21,
					"rttvar":	5,
					"pmtu":	1500,
					"omitted":	false,
					"sender":	true
				}],
			"sum":	{
				"start":	0,
				"end":	1.00008,
				"seconds":	1.0000799894332886,
				"bytes":	6004408320,
				"bits_per_second":	48031424553.569916,
				"retransmits":	0,
				"omitted":	false,
				"sender":	true
			}
		}, {
			"streams":	[{
					"socket":	5,
					"start":	1.00008,
					"end":	2.000019,
					"seconds":	0.99993902444839478,
					"bytes":	6155141120,
					"bits_per_second":	49244131648.090561,
					"retransmits":	0,
					"snd_cwnd":	815224,
					"rtt":	24,
					"rttvar":	7,
					"pmtu":	1500,
					"omitted":	false,
					"sender":	true
				}],
			"sum":	{
				"start":	1.00008,
				"end":	2.000019,
				"seconds":	0.99993902444839478,
				"bytes":	6155141120,
				"bits_per_second":	49244131648.090561,
				"retransmits":	0,
				"omitted":	false,
				"sender":	true
			}
		}, {
			"streams":	[{
					"socket":	5,
					"start":	2.000019,
					"end":	3.000198,
					"seconds":	1.0001790523529053,
					"bytes":	6283591680,
					"bits_per_second":	50259734316.31427,
					"retransmits":	0,
					"snd_cwnd":	960024,
					"rtt":	20,
					"rttvar":	1,
					"pmtu":	1500,
					"omitted":	false,
					"sender":	true
				}],
			"sum":	{
				"start":	2.000019,
				"end":	3.000198,
				"seconds":	1.0001790523529053,
				"bytes":	6283591680,
				"bits_per_second":	50259734316.31427,
				"retransmits":	0,
				"omitted":	false,
				"sender":	true
			}
		}, {
			"streams":	[{
					"socket":	5,
					"start":	3.000198,
					"end":	4.000134,
					"seconds":	0.99993598461151123,
					"bytes":	5989990400,
					"bits_per_second":	47922991008.886978,
					"retransmits":	0,
					"snd_cwnd":	1350984,
					"rtt":	21,
					"rttvar":	6,
					"pmtu":	1500,
					"omitted":	false,
					"sender":	true
				}],
			"sum":	{
				"start":	3.000198,
				"end":	4.000134,
				"seconds":	0.99993598461151123,
				"bytes":	5989990400,
				"bits_per_second":	47922991008.886978,
				"retransmits":	0,
				"omitted":	false,
				"sender":	true
			}
		}, {
			"streams":	[{
					"socket":	5,
					"start":	4.000134,
					"end":	5.000193,
					"seconds":	1.0000590085983276,
					"bytes":	6221987840,
					"bits_per_second":	49772965687.0602,
					"retransmits":	0,
					"snd_cwnd":	1350984,
					"rtt":	20,
					"rttvar":	1,
					"pmtu":	1500,
					"omitted":	false,
					"sender":	true
				}],
			"sum":	{
				"start":	4.000134,
				"end":	5.000193,
				"seconds":	1.0000590085983276,
				"bytes":	6221987840,
				"bits_per_second":	49772965687.0602,
				"retransmits":	0,
				"omitted":	false,
				"sender":	true
			}
		}, {
			"streams":	[{
					"socket":	5,
					"start":	5.000193,
					"end":	6.000154,
					"seconds":	0.999961018562317,
					"bytes":	6241648640,
					"bits_per_second":	49935135663.379059,
					"retransmits":	0,
					"snd_cwnd":	1350984,
					"rtt":	20,
					"rttvar":	1,
					"pmtu":	1500,
					"omitted":	false,
					"sender":	true
				}],
			"sum":	{
				"start":	5.000193,
				"end":	6.000154,
				"seconds":	0.999961018562317,
				"bytes":	6241648640,
				"bits_per_second":	49935135663.379059,
				"retransmits":	0,
				"omitted":	false,
				"sender":	true
			}
		}, {
			"streams":	[{
					"socket":	5,
					"start":	6.000154,
					"end":	7.000045,
					"seconds":	0.99989098310470581,
					"bytes":	6359613440,
					"bits_per_second":	50882454567.221863,
					"retransmits":	0,
					"snd_cwnd":	1350984,
					"rtt":	20,
					"rttvar":	1,
					"pmtu":	1500,
					"omitted":	false,
					"sender":	true
				}],
			"sum":	{
				"start":	6.000154,
				"end":	7.000045,
				"seconds":	0.99989098310470581,
				"bytes":	6359613440,
				"bits_per_second":	50882454567.221863,
				"retransmits":	0,
				"omitted":	false,
				"sender":	true
			}
		}, {
			"streams":	[{
					"socket":	5,
					"start":	7.000045,
					"end":	8.000144,
					"seconds":	1.0000989437103271,
					"bytes":	6092226560,
					"bits_per_second":	48732990657.08905,
					"retransmits":	0,
					"snd_cwnd":	1350984,
					"rtt":	21,
					"rttvar":	2,
					"pmtu":	1500,
					"omitted":	false,
					"sender":	true
				}],
			"sum":	{
				"start":	7.000045,
				"end":	8.000144,
				"seconds":	1.0000989437103271,
				"bytes":	6092226560,
				"bits_per_second":	48732990657.08905,
				"retransmits":	0,
				"omitted":	false,
				"sender":	true
			}
		}, {
			"streams":	[{
					"socket":	5,
					"start":	8.000144,
					"end":	9.000071,
					"seconds":	0.99992698431015,
					"bytes":	5805178880,
					"bits_per_second":	46444822240.735863,
					"retransmits":	0,
					"snd_cwnd":	3718464,
					"rtt":	18,
					"rttvar":	9,
					"pmtu":	1500,
					"omitted":	false,
					"sender":	true
				}],
			"sum":	{
				"start":	8.000144,
				"end":	9.000071,
				"seconds":	0.99992698431015,
				"bytes":	5805178880,
				"bits_per_second":	46444822240.735863,
				"retransmits":	0,
				"omitted":	false,
				"sender":	true
			}
		}, {
			"streams":	[{
					"socket":	5,
					"start":	9.000071,
					"end":	10.00007,
					"seconds":	0.99999898672103882,
					"bytes":	6193152000,
					"bits_per_second":	49545266203.175873,
					"retransmits":	0,
					"snd_cwnd":	3718464,
					"rtt":	27,
					"rttvar":	11,
					"pmtu":	1500,
					"omitted":	false,
					"sender":	true
				}],
			"sum":	{
				"start":	9.000071,
				"end":	10.00007,
				"seconds":	0.99999898672103882,
				"bytes":	6193152000,
				"bits_per_second":	49545266203.175873,
				"retransmits":	0,
				"omitted":	false,
				"sender":	true
			}
		}, {
			"streams":	[{
					"socket":	5,
					"start":	10.00007,
					"end":	11.000169,
					"seconds":	1.0000989437103271,
					"bytes":	6001786880,
					"bits_per_second":	48009544797.506615,
					"retransmits":	0,
					"snd_cwnd":	3718464,
					"rtt":	19,
					"rttvar":	9,
					"pmtu":	1500,
					"omitted":	false,
					"sender":	true
				}],
			"sum":	{
				"start":	10.00007,
				"end":	11.000169,
				"seconds":	1.0000989437103271,
				"bytes":	6001786880,
				"bits_per_second":	48009544797.506615,
				"retransmits":	0,
				"omitted":	false,
				"sender":	true
			}
		}, {
			"streams":	[{
					"socket":	5,
					"start":	11.000169,
					"end":	12.000049,
					"seconds":	0.999880015850067,
					"bytes":	5971640320,
					"bits_per_second":	47778855265.333778,
					"retransmits":	0,
					"snd_cwnd":	3718464,
					"rtt":	23,
					"rttvar":	8,
					"pmtu":	1500,
					"omitted":	false,
					"sender":	true
				}],
			"sum":	{
				"start":	11.000169,
				"end":	12.000049,
				"seconds":	0.999880015850067,
				"bytes":	5971640320,
				"bits_per_second":	47778855265.333778,
				"retransmits":	0,
				"omitted":	false,
				"sender":	true
			}
		}, {
			"streams":	[{
					"socket":	5,
					"start":	12.000049,
					"end":	13.000189,
					"seconds":	1.0001399517059326,
					"bytes":	6084362240,
					"bits_per_second":	48668086738.2365,
					"retransmits":	0,
					"snd_cwnd":	3718464,
					"rtt":	21,
					"rttvar":	2,
					"pmtu":	1500,