{
	"start":	{
		"connected":	[{
				"socket":	5,
				"local_host":	"10.5.0.20",
				"local_port":	49366,
				"remote_host":	"10.5.0.10",
				"remote_port":	5201
			}],
		"version":	"iperf 3.9",
		"system_info":	"Linux client 6.8.0-65-generic #68~22.04.1-Ubuntu SMP PREEMPT_DYNAMIC Tue Jul 15 18:06:34 UTC 2 x86_64",
		"timestamp":	{
			"time":	"Fri, 01 Aug 2025 04:42:19 GMT",
			"timesecs":	1754023339
		},
		"connecting_to":	{
			"host":	"10.5.0.10",
			"port":	5201
		},
		"cookie":	"ascgvzfkgfgvzcml7jbcqwtmr3lxbh6phzj6",
		"tcp_mss_default":	1448,
		"sock_bufsize":	0,
		"sndbuf_actual":	16384,
		"rcvbuf_actual":	131072,
		"test_start":	{
			"protocol":	"TCP",
			"num_streams":	1,
			"blksize":	131072,
			"omit":	0,
			"duration":	10,
			"bytes":	0,
			"blocks":	0,
			"reverse":	0,
			"tos":	0
		}
	},
	"intervals":	[{
			"streams":	[{
					"socket":	5,
					"start":	0,
					"end":	1.000031,
					"seconds":	1.0000309944152832,
					"bytes":	5482741760,
					"bits_per_second":	43860574647.134827,
					"retransmits":	0,
					"snd_cwnd":	9658160,
					"rtt":	21,
					"rttvar":	1,
					"pmtu":	1500,
					"omitted":	false,
					"sender":	true
				}],
			"sum":	{
				"start":	0,
				"end":	1.000031,
				"seconds":	1.0000309944152832,
				"bytes":	5482741760,
				"bits_per_second":	43860574647.134827,
				"retransmits":	0,
				"omitted":	false,
				"sender":	true
			}
		}, {
			"streams":	[{
					"socket":	5,
					"start":	1.000031,
					"end":	2.000127,
					"seconds":	1.0000959634780884,
					"bytes":	6342574080,
					"bits_per_second":	50735723863.474731,
					"retransmits":	0,
					"snd_cwnd":	9658160,
					"rtt":	18,
					"rttvar":	2,
					"pmtu":	1500,
					"omitted":	false,
					"sender":	true
				}],
			"sum":	{
				"start":	1.000031,
				"end":	2.000127,
				"seconds":	1.0000959634780884,
				"bytes":	6342574080,
				"bits_per_second":	50735723863.474731,
				"retransmits":	0,
				"omitted":	false,
				"sender":	true
			}
		}, {
			"streams":	[{
					"socket":	5,
					"start":	2.000127,
					"end":	3.000105,
					"seconds":	0.999978005886078,
					"bytes":	6172180480,
					"bits_per_second":	49378529877.011421,
					"retransmits":	0,
					"snd_cwnd":	9658160,
					"rtt":	19,
					"rttvar":	1,
					"pmtu":	1500,
					"omitted":	false,
					"sender":	true
				}],
			"sum":	{
				"start":	2.000127,
				"end":	3.000105,
				"seconds":	0.999978005886078,
				"bytes":	6172180480,
				"bits_per_second":	49378529877.011421,
				"retransmits":	0,
				"omitted":	false,
				"sender":	true
			}
		}, {
			"streams":	[{
					"socket":	5,
					"start":	3.000105,
					"end":	4.000173,
					"seconds":	1.0000679492950439,
					"bytes":	6139412480,
					"bits_per_second":	49111962716.755173,
					"retransmits":	0,
					"snd_cwnd":	9658160,
					"rtt":	21,
					"rttvar":	4,
					"pmtu":	1500,
					"omitted":	false,
					"sender":	true
				}],
			"sum":	{
				"start":	3.000105,
				"end":	4.000173,
				"seconds":	1.0000679492950439,
				"bytes":	6139412480,
				"bits_per_second":	49111962716.755173,
				"retransmits":	0,
				"omitted":	false,
				"sender":	true
			}
		}, {
			"streams":	[{
					"socket":	5,
					"start":	4.000173,
					"end":	5.000125,
					"seconds":	0.99995201826095581,
					"bytes":	6186598400,
					"bits_per_second":	49495162063.9501,
					"retransmits":	0,
					"snd_cwnd":	9658160,
					"rtt":	21,
					"rttvar":	1,
					"pmtu":	1500,
					"omitted":	false,
					"sender":	true
				}],
			"sum":	{
				"start":	4.000173,
				"end":	5.000125,
				"seconds":	0.99995201826095581,
				"bytes":	6186598400,
				"bits_per_second":	49495162063.9501,
				"retransmits":	0,
				"omitted":	false,
				"sender":	true
			}
		}, {
			"streams":	[{
					"socket":	5,
					"start":	5.000125,
					"end":	6.000063,
					"seconds":	0.99993801116943359,
					"bytes":	5878579200,
					"bits_per_second":	47031549030.724144,
					"retransmits":	0,
					"snd_cwnd":	9658160,
					"rtt":	21,
					"rttvar":	1,
					"pmtu":	1500,
					"omitted":	false,
					"sender":	true
				}],
			"sum":	{
				"start":	5.000125,
				"end":	6.000063,
				"seconds":	0.99993801116943359,
				"bytes":	5878579200,
				"bits_per_second":	47031549030.724144,
				"retransmits":	0,
				"omitted":	false,
				"sender":	true
			}
		}, {
			"streams":	[{
					"socket":	5,
					"start":	6.000063,
					"end":	7.000202,
					"seconds":	1.0001389980316162,
					"bytes":	6033244160,
					"bits_per_second":	48259245339.890472,
					"retransmits":	0,
					"snd_cwnd":	9658160,
					"rtt":	21,
					"rttvar":	3,
					"pmtu":	1500,
					"omitted":	false,
					"sender":	true
				}],
			"sum":	{
				"start":	6.000063,
				"end":	7.000202,
				"seconds":	1.0001389980316162,
				"bytes":	6033244160,
				"bits_per_second":	48259245339.890472,
				"retransmits":	0,
				"omitted":	false,
				"sender":	true
			}
		}, {
			"streams":	[{
					"socket":	5,
					"start":	7.000202,
					"end":	8.000112,
					"seconds":	0.999909996986389,
					"bytes":	6105333760,
					"bits_per_second":	48847066463.187737,
					"retransmits":	0,
					"snd_cwnd":	9658160,
					"rtt":	19,
					"rttvar":	1,
					"pmtu":	1500,
					"omitted":	false,
					"sender":	true
				}],
			"sum":	{
				"start":	7.000202,
				"end":	8.000112,
				"seconds":	0.999909996986389,
				"bytes":	6105333760,
				"bits_per_second":	48847066463.187737,
				"retransmits":	0,
				"omitted":	false,
				"sender":	true
			}
		}, {
			"streams":	[{
					"socket":	5,
					"start":	8.000112,
					"end":	9.000015,
					"seconds":	0.99990302324295044,
					"bytes":	6266552320,
					"bits_per_second":	50137280710.890625,
					"retransmits":	0,
					"snd_cwnd":	9658160,
					"rtt":	32,
					"rttvar":	12,
					"pmtu":	1500,
					"omitted":	false,
					"sender":	true
				}],
			"sum":	{
				"start":	8.000112,
				"end":	9.000015,
				"seconds":	0.99990302324295044,
				"bytes":	6266552320,
				"bits_per_second":	50137280710.890625,
				"retransmits":	0,
				"omitted":	false,
				"sender":	true
			}
		}, {
			"streams":	[{
					"socket":	5,
					"start":	9.000015,
					"end":	10.000082,
					"seconds":	1.0000669956207275,
					"bytes":	6396313600,
					"bits_per_second":	51167080829.659,
					"retransmits":	0,
					"snd_cwnd":	9658160,
					"rtt":	27,
					"rttvar":	6,
					"pmtu":	1500,
					"omitted":	false,
					"sender":	true
				}],
			"sum":	{
				"start":	9.000015,
				"end":	10.000082,
				"seconds":	1.0000669956207275,
				"bytes":	6396313600,
				"bits_per_second":	51167080829.659,
				"retransmits":	0,
				"omitted":	false,
				"sender":	true
			}
		}],
	"end":	{
		"streams":	[{
				"sender":	{
					"socket":	5,
					"start":	0,
					"end":	10.000082,
					"seconds":	10.000082,
					"bytes":	61003530240,
					"bits_per_second":	48802424012.1231,
					"retransmits":	0,
					"max_snd_cwnd":	9658160,
					"max_rtt":	32,
					"min_rtt":	18,
					"mean_rtt":	22,
					"sender":	true
				},
				"receiver":	{
					"socket":	5,
					"start":	0,
					"end":	10.040491,
					"seconds":	10.000082,
					"bytes":	61003530240,
					"bits_per_second":	48606013582.4035,
					"sender":	true
				}
			}],
		"sum_sent":	{
			"start":	0,
			"end":	10.000082,
			"seconds":	10.000082,
			"bytes":	61003530240,
			"bits_per_second":	48802424012.1231,
			"retransmits":	0,
			"sender":	true
		},
		"sum_received":	{
			"start":	0,
			"end":	10.040491,
			"seconds":	10.040491,
			"bytes":	61003530240,
			"bits_per_second":	48606013582.4035,
			"sender":	true
		},
		"cpu_utilization_percent":	{
			"host_total":	99.38226105131973,
			"host_user":	1.160270409702262,
			"host_system":	98.2219906416175,
			"remote_total":	81.638720889264263,
			"remote_user":	3.4161963859214732,
			"remote_system":	78.2225245033428
		},
		"sender_tcp_congestion":	"reno",
		"receiver_tcp_congestion":	"cubic"
	}
}
