{
	"start":	{
		"connected":	[{
				"socket":	5,
				"local_host":	"10.5.0.20",
				"local_port":	40914,
				"remote_host":	"10.5.0.10",
				"remote_port":	5201
			}],
		"version":	"iperf 3.9",
		"system_info":	"Linux client 6.8.0-65-generic #68~22.04.1-Ubuntu SMP PREEMPT_DYNAMIC Tue Jul 15 18:06:34 UTC 2 x86_64",
		"timestamp":	{
			"time":	"Fri, 01 Aug 2025 04:38:19 GMT",
			"timesecs":	1754023099
		},
		"connecting_to":	{
			"host":	"10.5.0.10",
			"port":	5201
		},
		"cookie":	"mqf6m7uol5cbsnwrpijyfbygqvhlnyxjzmpb",
		"tcp_mss_default":	1448,
		"sock_bufsize":	0,
		"sndbuf_actual":	16384,
		"rcvbuf_actual":	131072,
		"test_start":	{
			"protocol":	"TCP",
			"num_streams":	1,
			"blksize":	131072,
			"omit":	0,
			"duration":	15,
			"bytes":	0,
			"blocks":	0,
			"reverse":	0,
			"tos":	0
		}
	},
	"intervals":	[{
			"streams":	[{
					"socket":	5,
					"start":	0,
					"end":	1.000131,
					"seconds":	1.0001310110092163,
					"bytes":	5832606504,
					"bits_per_second":	46654739747.46096,
					"retransmits":	45,
					"snd_cwnd":	419920,
					"rtt":	18,
					"rttvar":	5,
					"pmtu":	1500,
					"omitted":	false,
					"sender":	true
				}],
			"sum":	{
				"start":	0,
				"end":	1.000131,
				"seconds":	1.0001310110092163,
				"bytes":	5832606504,
				"bits_per_second":	46654739747.46096,
				"retransmits":	45,
				"omitted":	false,
				"sender":	true
			}
		}, {
			"streams":	[{
					"socket":	5,
					"start":	1.000131,
					"end":	2.000028,
					"seconds":	0.999897003173828,
					"bytes":	5801246720,
					"bits_per_second":	46414754332.383781,
					"retransmits":	0,
					"snd_cwnd":	469152,
					"rtt":	20,
					"rttvar":	9,
					"pmtu":	1500,
					"omitted":	false,
					"sender":	true
				}],
			"sum":	{
				"start":	1.000131,
				"end":	2.000028,
				"seconds":	0.999897003173828,
				"bytes":	5801246720,
				"bits_per_second":	46414754332.383781,
				"retransmits":	0,
				"omitted":	false,
				"sender":	true
			}
		}, {
			"streams":	[{
					"socket":	5,
					"start":	2.000028,
					"end":	3.000106,
					"seconds":	1.0000779628753662,
					"bytes":	5776343040,
					"bits_per_second":	46207141878.356712,
					"retransmits":	0,
					"snd_cwnd":	419920,
					"rtt":	17,
					"rttvar":	5,
					"pmtu":	1500,
					"omitted":	false,
					"sender":	true
				}],
			"sum":	{
				"start":	2.000028,
				"end":	3.000106,
				"seconds":	1.0000779628753662,
				"bytes":	5776343040,
				"bits_per_second":	46207141878.356712,
				"retransmits":	0,
				"omitted":	false,
				"sender":	true
			}
		}, {
			"streams":	[{
					"socket":	5,
					"start":	3.000106,
					"end":	4.00007,
					"seconds":	0.99996399879455566,
					"bytes":	5834014720,
					"bits_per_second":	46673798072.9933,
					"retransmits":	0,
					"snd_cwnd":	419920,
					"rtt":	16,
					"rttvar":	5,
					"pmtu":	1500,
					"omitted":	false,
					"sender":	true
				}],
			"sum":	{
				"start":	3.000106,
				"end":	4.00007,
				"seconds":	0.99996399879455566,
				"bytes":	5834014720,
				"bits_per_second":	46673798072.9933,
				"retransmits":	0,
				"omitted":	false,
				"sender":	true
			}
		}, {
			"streams":	[{
					"socket":	5,
					"start":	4.00007,
					"end":	5.000138,
					"seconds":	1.0000679492950439,
					"bytes":	5494538240,
					"bits_per_second":	43953319322.937164,
					"retransmits":	0,
					"snd_cwnd":	437296,
					"rtt":	23,
					"rttvar":	7,
					"pmtu":	1500,
					"omitted":	false,
					"sender":	true
				}],
			"sum":	{
				"start":	4.00007,
				"end":	5.000138,
				"seconds":	1.0000679492950439,
				"bytes":	5494538240,
				"bits_per_second":	43953319322.937164,
				"retransmits":	0,
				"omitted":	false,
				"sender":	true
			}
		}, {
			"streams":	[{
					"socket":	5,
					"start":	5.000138,
					"end":	6.000175,
					"seconds":	1.0000369548797607,
					"bytes":	5773721600,
					"bits_per_second":	46188065925.577339,
					"retransmits":	0,
					"snd_cwnd":	445984,
					"rtt":	15,
					"rttvar":	4,
					"pmtu":	1500,
					"omitted":	false,
					"sender":	true
				}],
			"sum":	{
				"start":	5.000138,
				"end":	6.000175,
				"seconds":	1.0000369548797607,
				"bytes":	5773721600,
				"bits_per_second":	46188065925.577339,
				"retransmits":	0,
				"omitted":	false,
				"sender":	true
			}
		}, {
			"streams":	[{
					"socket":	5,
					"start":	6.000175,
					"end":	7.000054,
					"seconds":	0.999879002571106,
					"bytes":	5811732480,
					"bits_per_second":	46499486158.270042,
					"retransmits":	0,
					"snd_cwnd":	477840,
					"rtt":	16,
					"rttvar":	6,
					"pmtu":	1500,
					"omitted":	false,
					"sender":	true
				}],
			"sum":	{
				"start":	6.000175,
				"end":	7.000054,
				"seconds":	0.999879002571106,
				"bytes":	5811732480,
				"bits_per_second":	46499486158.270042,
				"retransmits":	0,
				"omitted":	false,
				"sender":	true
			}
		}, {
			"streams":	[{
					"socket":	5,
					"start":	7.000054,
					"end":	8.00016,
					"seconds":	1.0001059770584106,
					"bytes":	5493227520,
					"bits_per_second":	43941163404.759224,
					"retransmits":	45,
					"snd_cwnd":	405440,
					"rtt":	23,
					"rttvar":	5,
					"pmtu":	1500,
					"omitted":	false,
					"sender":	true
				}],
			"sum":	{
				"start":	7.000054,
				"end":	8.00016,
				"seconds":	1.0001059770584106,
				"bytes":	5493227520,
				"bits_per_second":	43941163404.759224,
				"retransmits":	45,
				"omitted":	false,
				"sender":	true
			}
		}, {
			"streams":	[{
					"socket":	5,
					"start":	8.00016,
					"end":	9.000151,
					"seconds":	0.999990999698639,
					"bytes":	5761925120,
					"bits_per_second":	46095815836.234,
					"retransmits":	23,
					"snd_cwnd":	419920,
					"rtt":	14,
					"rttvar":	5,
					"pmtu":	1500,
					"omitted":	false,
					"sender":	true
				}],
			"sum":	{
				"start":	8.00016,
				"end":	9.000151,
				"seconds":	0.999990999698639,
				"bytes":	5761925120,
				"bits_per_second":	46095815836.234,
				"retransmits":	23,
				"omitted":	false,
				"sender":	true
			}
		}, {
			"streams":	[{
					"socket":	5,
					"start":	9.000151,
					"end":	10.000192,
					"seconds":	1.0000410079956055,
					"bytes":	5710807040,
					"bits_per_second":	45684582886.825737,
					"retransmits":	0,
					"snd_cwnd":	440192,
					"rtt":	16,
					"rttvar":	3,
					"pmtu":	1500,
					"omitted":	false,
					"sender":	true
				}],
			"sum":	{
				"start":	9.000151,
				"end":	10.000192,
				"seconds":	1.0000410079956055,
				"bytes":	5710807040,
				"bits_per_second":	45684582886.825737,
				"retransmits":	0,
				"omitted":	false,
				"sender":	true
			}
		}, {
			"streams":	[{
					"socket":	5,
					"start":	10.000192,
					"end":	11.000134,
					"seconds":	0.99994200468063354,
					"bytes":	4782817280,
					"bits_per_second":	38264757416.826866,
					"retransmits":	5,
					"snd_cwnd":	425712,
					"rtt":	15,
					"rttvar":	5,
					"pmtu":	1500,
					"omitted":	false,
					"sender":	true
				}],
			"sum":	{
				"start":	10.000192,
				"end":	11.000134,
				"seconds":	0.99994200468063354,
				"bytes":	4782817280,
				"bits_per_second":	38264757416.826866,
				"retransmits":	5,
				"omitted":	false,
				"sender":	true
			}
		}, {
			"streams":	[{
					"socket":	5,
					"start":	11.000134,
					"end":	12.000203,
					"seconds":	1.00006902217865,
					"bytes":	5818286080,
					"bits_per_second":	46543076135.484062,
					"retransmits":	6,
					"snd_cwnd":	367792,
					"rtt":	18,
					"rttvar":	6,
					"pmtu":	1500,
					"omitted":	false,
					"sender":	true
				}],
			"sum":	{
				"start":	11.000134,
				"end":	12.000203,
				"seconds":	1.00006902217865,
				"bytes":	5818286080,
				"bits_per_second":	46543076135.484062,
				"retransmits":	6,
				"omitted":	false,
				"sender":	true
			}
		}, {
			"streams":	[{
					"socket":	5,
					"start":	12.000203,
					"end":	13.000022,
					"seconds":	0.999818980693817,
					"bytes":	5688524800,
					"bits_per_second":	45516437753.98214,
					"retransmits":	0,
					"snd_cwnd":	417024,
					"rtt":	17,
					"rttvar":	9,
					"pmtu":	1500,
					"omitted":	false,