{
	"start":	{
		"connected":	[{
				"socket":	5,
				"local_host":	"10.5.0.20",
				"local_port":	54174,
				"remote_host":	"10.5.0.10",
				"remote_port":	5201
			}],
		"version":	"iperf 3.9",
		"system_info":	"Linux client 6.8.0-65-generic #68~22.04.1-Ubuntu SMP PREEMPT_DYNAMIC Tue Jul 15 18:06:34 UTC 2 x86_64",
		"timestamp":	{
			"time":	"Fri, 01 Aug 2025 04:37:51 GMT",
			"timesecs":	1754023071
		},
		"connecting_to":	{
			"host":	"10.5.0.10",
			"port":	5201
		},
		"cookie":	"gx7kqht7wklr7qpwematj6zctgslwi2ydwns",
		"tcp_mss_default":	1448,
		"sock_bufsize":	0,
		"sndbuf_actual":	16384,
		"rcvbuf_actual":	131072,
		"test_start":	{
			"protocol":	"TCP",
			"num_streams":	1,
			"blksize":	131072,
			"omit":	0,
			"duration":	15,
			"bytes":	0,
			"blocks":	0,
			"reverse":	0,
			"tos":	0
		}
	},
	"intervals":	[{
			"streams":	[{
					"socket":	5,
					"start":	0,
					"end":	1.000103,
					"seconds":	1.0001029968261719,
					"bytes":	40855920,
					"bits_per_second":	326813699.2262302,
					"retransmits":	0,
					"snd_cwnd":	10531304,
					"rtt":	50032,
					"rttvar":	11,
					"pmtu":	1500,
					"omitted":	false,
					"sender":	true
				}],
			"sum":	{
				"start":	0,
				"end":	1.000103,
				"seconds":	1.0001029968261719,
				"bytes":	40855920,
				"bits_per_second":	326813699.2262302,
				"retransmits":	0,
				"omitted":	false,
				"sender":	true
			}
		}, {
			"streams":	[{
					"socket":	5,
					"start":	1.000103,
					"end":	2.000063,
					"seconds":	0.99996000528335571,
					"bytes":	70778880,
					"bits_per_second":	566253687.15576661,
					"retransmits":	0,
					"snd_cwnd":	10531304,
					"rtt":	50017,
					"rttvar":	10,
					"pmtu":	1500,
					"omitted":	false,
					"sender":	true
				}],
			"sum":	{
				"start":	1.000103,
				"end":	2.000063,
				"seconds":	0.99996000528335571,
				"bytes":	70778880,
				"bits_per_second":	566253687.15576661,
				"retransmits":	0,
				"omitted":	false,
				"sender":	true
			}
		}, {
			"streams":	[{
					"socket":	5,
					"start":	2.000063,
					"end":	3.000103,
					"seconds":	1.0000400543212891,
					"bytes":	70778880,
					"bits_per_second":	566208360.90839565,
					"retransmits":	0,
					"snd_cwnd":	10531304,
					"rtt":	50042,
					"rttvar":	32,
					"pmtu":	1500,
					"omitted":	false,
					"sender":	true
				}],
			"sum":	{
				"start":	2.000063,
				"end":	3.000103,
				"seconds":	1.0000400543212891,
				"bytes":	70778880,
				"bits_per_second":	566208360.90839565,
				"retransmits":	0,
				"omitted":	false,
				"sender":	true
			}
		}, {
			"streams":	[{
					"socket":	5,
					"start":	3.000103,
					"end":	4.000063,
					"seconds":	0.99996000528335571,
					"bytes":	70778880,
					"bits_per_second":	566253687.15576661,
					"retransmits":	0,
					"snd_cwnd":	10531304,
					"rtt":	50024,
					"rttvar":	16,
					"pmtu":	1500,
					"omitted":	false,
					"sender":	true
				}],
			"sum":	{
				"start":	3.000103,
				"end":	4.000063,
				"seconds":	0.99996000528335571,
				"bytes":	70778880,
				"bits_per_second":	566253687.15576661,
				"retransmits":	0,
				"omitted":	false,
				"sender":	true
			}
		}, {
			"streams":	[{
					"socket":	5,
					"start":	4.000063,
					"end":	5.000057,
					"seconds":	0.99999397993087769,
					"bytes":	70778880,
					"bits_per_second":	566234448.770521,
					"retransmits":	0,
					"snd_cwnd":	10531304,
					"rtt":	50019,
					"rttvar":	11,
					"pmtu":	1500,
					"omitted":	false,
					"sender":	true
				}],
			"sum":	{
				"start":	4.000063,
				"end":	5.000057,
				"seconds":	0.99999397993087769,
				"bytes":	70778880,
				"bits_per_second":	566234448.770521,
				"retransmits":	0,
				"omitted":	false,
				"sender":	true
			}
		}, {
			"streams":	[{
					"socket":	5,
					"start":	5.000057,
					"end":	6.000026,
					"seconds":	0.9999690055847168,
					"bytes":	69468160,
					"bits_per_second":	555762505.53389537,
					"retransmits":	0,
					"snd_cwnd":	10531304,
					"rtt":	50026,
					"rttvar":	8,
					"pmtu":	1500,
					"omitted":	false,
					"sender":	true
				}],
			"sum":	{
				"start":	5.000057,
				"end":	6.000026,
				"seconds":	0.9999690055847168,
				"bytes":	69468160,
				"bits_per_second":	555762505.53389537,
				"retransmits":	0,
				"omitted":	false,
				"sender":	true
			}
		}, {
			"streams":	[{
					"socket":	5,
					"start":	6.000026,
					"end":	7.000078,
					"seconds":	1.0000519752502441,
					"bytes":	70778880,
					"bits_per_second":	566201611.529552,
					"retransmits":	0,
					"snd_cwnd":	10531304,
					"rtt":	50072,
					"rttvar":	66,
					"pmtu":	1500,
					"omitted":	false,
					"sender":	true
				}],
			"sum":	{
				"start":	6.000026,
				"end":	7.000078,
				"seconds":	1.0000519752502441,
				"bytes":	70778880,
				"bits_per_second":	566201611.529552,
				"retransmits":	0,
				"omitted":	false,
				"sender":	true
			}
		}, {
			"streams":	[{
					"socket":	5,
					"start":	7.000078,
					"end":	8.000094,
					"seconds":	1.0000159740448,
					"bytes":	70778880,
					"bits_per_second":	566221995.144483,
					"retransmits":	0,
					"snd_cwnd":	10531304,
					"rtt":	50050,
					"rttvar":	23,
					"pmtu":	1500,
					"omitted":	false,
					"sender":	true
				}],
			"sum":	{
				"start":	7.000078,
				"end":	8.000094,
				"seconds":	1.0000159740448,
				"bytes":	70778880,
				"bits_per_second":	566221995.144483,
				"retransmits":	0,
				"omitted":	false,
				"sender":	true
			}
		}, {
			"streams":	[{
					"socket":	5,
					"start":	8.000094,
					"end":	9.000083,
					"seconds":	0.99998897314071655,
					"bytes":	70778880,
					"bits_per_second":	566237283.81884968,
					"retransmits":	0,
					"snd_cwnd":	10531304,
					"rtt":	50043,
					"rttvar":	18,
					"pmtu":	1500,
					"omitted":	false,
					"sender":	true
				}],
			"sum":	{
				"start":	8.000094,
				"end":	9.000083,
				"seconds":	0.99998897314071655,
				"bytes":	70778880,
				"bits_per_second":	566237283.81884968,
				"retransmits":	0,
				"omitted":	false,
				"sender":	true
			}
		}, {
			"streams":	[{
					"socket":	5,
					"start":	9.000083,
					"end":	10.000093,
					"seconds":	1.0000100135803223,
					"bytes":	70778880,
					"bits_per_second":	566225370.0567764,
					"retransmits":	0,
					"snd_cwnd":	10531304,
					"rtt":	50016,
					"rttvar":	9,
					"pmtu":	1500,
					"omitted":	false,
					"sender":	true
				}],
			"sum":	{
				"start":	9.000083,
				"end":	10.000093,
				"seconds":	1.0000100135803223,
				"bytes":	70778880,
				"bits_per_second":	566225370.0567764,
				"retransmits":	0,
				"omitted":	false,
				"sender":	true
			}
		}, {
			"streams":	[{
					"socket":	5,
					"start":	10.000093,
					"end":	11.000062,
					"seconds":	0.9999690055847168,
					"bytes":	70778880,
					"bits_per_second":	566248590.5439688,
					"retransmits":	0,
					"snd_cwnd":	10531304,
					"rtt":	50015,
					"rttvar":	4,
					"pmtu":	1500,
					"omitted":	false,
					"sender":	true
				}],
			"sum":	{
				"start":	10.000093,
				"end":	11.000062,
				"seconds":	0.9999690055847168,
				"bytes":	70778880,
				"bits_per_second":	566248590.5439688,
				"retransmits":	0,
				"omitted":	false,
				"sender":	true
			}
		}, {
			"streams":	[{
					"socket":	5,
					"start":	11.000062,
					"end":	12.000279,
					"seconds":	1.0002169609069824,
					"bytes":	70778880,
					"bits_per_second":	566108216.647866,
					"retransmits":	0,
					"snd_cwnd":	10531304,
					"rtt":	50040,
					"rttvar":	24,
					"pmtu":	1500,
					"omitted":	false,
					"sender":	true
				}],
			"sum":	{
				"start":	11.000062,
				"end":	12.000279,
				"seconds":	1.0002169609069824,
				"bytes":	70778880,
				"bits_per_second":	566108216.647866,
				"retransmits":	0,
				"omitted":	false,
				"sender":	true
			}
		}, {
			"streams":	[{
					"socket":	5,
					"start":	12.000279,
					"end":	13.000092,
					"seconds":	0.9998130202293396,
					"bytes":	69468160,
					"bits_per_second":	555849212.558286,
					"retransmits":	0,
					"snd_cwnd":	10531304,
					"rtt":	50046,
					"rttvar":	22,
					"pmtu":	1500,