{
	"start":	{
		"connected":	[{
				"socket":	5,
				"local_host":	"10.5.0.20",
				"local_port":	37542,
				"remote_host":	"10.5.0.10",
				"remote_port":	5201
			}],
		"version":	"iperf 3.9",
		"system_info":	"Linux client 6.8.0-65-generic #68~22.04.1-Ubuntu SMP PREEMPT_DYNAMIC Tue Jul 15 18:06:34 UTC 2 x86_64",
		"timestamp":	{
			"time":	"Fri, 01 Aug 2025 04:29:46 GMT",
			"timesecs":	1754022586
		},
		"connecting_to":	{
			"host":	"10.5.0.10",
			"port":	5201
		},
		"cookie":	"dflzp4aadu2tsma5fzz3ij57uqj5lqiaw2fl",
		"tcp_mss_default":	1448,
		"sock_bufsize":	262144,
		"sndbuf_actual":	425984,
		"rcvbuf_actual":	425984,
		"test_start":	{
			"protocol":	"TCP",
			"num_streams":	1,
			"blksize":	131072,
			"omit":	0,
			"duration":	20,
			"bytes":	0,
			"blocks":	0,
			"reverse":	0,
			"tos":	0
		}
	},
	"intervals":	[{
			"streams":	[{
					"socket":	5,
					"start":	0,
					"end":	1.000069,
					"seconds":	1.00006902217865,
					"bytes":	2435588,
					"bits_per_second":	19483359.216099486,
					"retransmits":	0,
					"snd_cwnd":	790608,
					"rtt":	75097,
					"rttvar":	27,
					"pmtu":	1500,
					"omitted":	false,
					"sender":	true
				}],
			"sum":	{
				"start":	0,
				"end":	1.000069,
				"seconds":	1.00006902217865,
				"bytes":	2435588,
				"bits_per_second":	19483359.216099486,
				"retransmits":	0,
				"omitted":	false,
				"sender":	true
			}
		}, {
			"streams":	[{
					"socket":	5,
					"start":	1.000069,
					"end":	2.000176,
					"seconds":	1.0001070499420166,
					"bytes":	3388476,
					"bits_per_second":	27104906.421339229,
					"retransmits":	0,
					"snd_cwnd":	790608,
					"rtt":	75212,
					"rttvar":	53,
					"pmtu":	1500,
					"omitted":	false,
					"sender":	true
				}],
			"sum":	{
				"start":	1.000069,
				"end":	2.000176,
				"seconds":	1.0001070499420166,
				"bytes":	3388476,
				"bits_per_second":	27104906.421339229,
				"retransmits":	0,
				"omitted":	false,
				"sender":	true
			}
		}, {
			"streams":	[{
					"socket":	5,
					"start":	2.000176,
					"end":	3.000094,
					"seconds":	0.999917984008789,
					"bytes":	3575268,
					"bits_per_second":	28604490.025602534,
					"retransmits":	0,
					"snd_cwnd":	790608,
					"rtt":	75202,
					"rttvar":	43,
					"pmtu":	1500,
					"omitted":	false,
					"sender":	true
				}],
			"sum":	{
				"start":	2.000176,
				"end":	3.000094,
				"seconds":	0.999917984008789,
				"bytes":	3575268,
				"bits_per_second":	28604490.025602534,
				"retransmits":	0,
				"omitted":	false,
				"sender":	true
			}
		}, {
			"streams":	[{
					"socket":	5,
					"start":	3.000094,
					"end":	4.000171,
					"seconds":	1.00007700920105,
					"bytes":	3362412,
					"bits_per_second":	26897224.666218,
					"retransmits":	0,
					"snd_cwnd":	790608,
					"rtt":	75174,
					"rttvar":	101,
					"pmtu":	1500,
					"omitted":	false,
					"sender":	true
				}],
			"sum":	{
				"start":	3.000094,
				"end":	4.000171,
				"seconds":	1.00007700920105,
				"bytes":	3362412,
				"bits_per_second":	26897224.666218,
				"retransmits":	0,
				"omitted":	false,
				"sender":	true
			}
		}, {
			"streams":	[{
					"socket":	5,
					"start":	4.000171,
					"end":	5.000063,
					"seconds":	0.999891996383667,
					"bytes":	3567976,
					"bits_per_second":	28546891.167481154,
					"retransmits":	0,
					"snd_cwnd":	790608,
					"rtt":	75026,
					"rttvar":	10,
					"pmtu":	1500,
					"omitted":	false,
					"sender":	true
				}],
			"sum":	{
				"start":	4.000171,
				"end":	5.000063,
				"seconds":	0.999891996383667,
				"bytes":	3567976,
				"bits_per_second":	28546891.167481154,
				"retransmits":	0,
				"omitted":	false,
				"sender":	true
			}
		}, {
			"streams":	[{
					"socket":	5,
					"start":	5.000063,
					"end":	6.00009,
					"seconds":	1.0000269412994385,
					"bytes":	3372496,
					"bits_per_second":	26979241.144185711,
					"retransmits":	0,
					"snd_cwnd":	790608,
					"rtt":	75113,
					"rttvar":	68,
					"pmtu":	1500,
					"omitted":	false,
					"sender":	true
				}],
			"sum":	{
				"start":	5.000063,
				"end":	6.00009,
				"seconds":	1.0000269412994385,
				"bytes":	3372496,
				"bits_per_second":	26979241.144185711,
				"retransmits":	0,
				"omitted":	false,
				"sender":	true
			}
		}, {
			"streams":	[{
					"socket":	5,
					"start":	6.00009,
					"end":	7.000145,
					"seconds":	1.0000549554824829,
					"bytes":	3363808,
					"bits_per_second":	26908985.203735,
					"retransmits":	0,
					"snd_cwnd":	790608,
					"rtt":	75124,
					"rttvar":	50,
					"pmtu":	1500,
					"omitted":	false,
					"sender":	true
				}],
			"sum":	{
				"start":	6.00009,
				"end":	7.000145,
				"seconds":	1.0000549554824829,
				"bytes":	3363808,
				"bits_per_second":	26908985.203735,
				"retransmits":	0,
				"omitted":	false,
				"sender":	true
			}
		}, {
			"streams":	[{
					"socket":	5,
					"start":	7.000145,
					"end":	8.000092,
					"seconds":	0.99994701147079468,
					"bytes":	3592592,
					"bits_per_second":	28742259.010030981,
					"retransmits":	0,
					"snd_cwnd":	790608,
					"rtt":	75065,
					"rttvar":	26,
					"pmtu":	1500,
					"omitted":	false,
					"sender":	true
				}],
			"sum":	{
				"start":	7.000145,
				"end":	8.000092,
				"seconds":	0.99994701147079468,
				"bytes":	3592592,
				"bits_per_second":	28742259.010030981,
				"retransmits":	0,
				"omitted":	false,
				"sender":	true
			}
		}, {
			"streams":	[{
					"socket":	5,
					"start":	8.000092,
					"end":	9.000059,
					"seconds":	0.99996697902679443,
					"bytes":	3362308,
					"bits_per_second":	26899352.242789656,
					"retransmits":	0,
					"snd_cwnd":	593680,
					"rtt":	75061,
					"rttvar":	30,
					"pmtu":	1500,
					"omitted":	false,
					"sender":	true
				}],
			"sum":	{
				"start":	8.000092,
				"end":	9.000059,
				"seconds":	0.99996697902679443,
				"bytes":	3362308,
				"bits_per_second":	26899352.242789656,
				"retransmits":	0,
				"omitted":	false,
				"sender":	true
			}
		}, {
			"streams":	[{
					"socket":	5,
					"start":	9.000059,
					"end":	10.000074,
					"seconds":	1.0000150203704834,
					"bytes":	3174016,
					"bits_per_second":	25391746.606558748,
					"retransmits":	0,
					"snd_cwnd":	576304,
					"rtt":	75047,
					"rttvar":	27,
					"pmtu":	1500,
					"omitted":	false,
					"sender":	true
				}],
			"sum":	{
				"start":	9.000059,
				"end":	10.000074,
				"seconds":	1.0000150203704834,
				"bytes":	3174016,
				"bits_per_second":	25391746.606558748,
				"retransmits":	0,
				"omitted":	false,
				"sender":	true
			}
		}, {
			"streams":	[{
					"socket":	5,
					"start":	10.000074,
					"end":	11.000105,
					"seconds":	1.0000309944152832,
					"bytes":	3372392,
					"bits_per_second":	26978299.823371641,
					"retransmits":	0,
					"snd_cwnd":	576304,
					"rtt":	75057,
					"rttvar":	23,
					"pmtu":	1500,
					"omitted":	false,
					"sender":	true
				}],
			"sum":	{
				"start":	10.000074,
				"end":	11.000105,
				"seconds":	1.0000309944152832,
				"bytes":	3372392,
				"bits_per_second":	26978299.823371641,
				"retransmits":	0,
				"omitted":	false,
				"sender":	true
			}
		}, {
			"streams":	[{
					"socket":	5,
					"start":	11.000105,
					"end":	12.000063,
					"seconds":	0.99995797872543335,
					"bytes":	3372392,
					"bits_per_second":	26980269.74532285,
					"retransmits":	0,
					"snd_cwnd":	576304,
					"rtt":	75105,
					"rttvar":	165,
					"pmtu":	1500,
					"omitted":	false,
					"sender":	true
				}],
			"sum":	{
				"start":	11.000105,
				"end":	12.000063,
				"seconds":	0.99995797872543335,
				"bytes":	3372392,
				"bits_per_second":	26980269.74532285,
				"retransmits":	0,
				"omitted":	false,
				"sender":	true
			}
		}, {
			"streams":	[{
					"socket":	5,
					"start":	12.000063,
					"end":	13.00006,
					"seconds":	0.99999701976776123,
					"bytes":	3372392,
					"bits_per_second":	26979216.4043305,
					"retransmits":	0,
					"snd_cwnd":	573408,
					"rtt":	75048,
					"rttvar":	20,
					"pmtu":	1500,
					"omitted":	false,
					"sender":	true
				}],