{
	"start":	{
		"connected":	[{
				"socket":	5,
				"local_host":	"10.5.0.20",
				"local_port":	49286,
				"remote_host":	"10.5.0.10",
				"remote_port":	5201
			}],
		"version":	"iperf 3.9",
		"system_info":	"Linux client 6.8.0-65-generic #68~22.04.1-Ubuntu SMP PREEMPT_DYNAMIC Tue Jul 15 18:06:34 UTC 2 x86_64",
		"timestamp":	{
			"time":	"Fri, 01 Aug 2025 04:30:57 GMT",
			"timesecs":	1754022657
		},
		"connecting_to":	{
			"host":	"10.5.0.10",
			"port":	5201
		},
		"cookie":	"rzhy7efvixr6miifffcxxkezqezgs6nwqhhn",
		"tcp_mss_default":	1448,
		"sock_bufsize":	262144,
		"sndbuf_actual":	425984,
		"rcvbuf_actual":	425984,
		"test_start":	{
			"protocol":	"TCP",
			"num_streams":	1,
			"blksize":	131072,
			"omit":	0,
			"duration":	20,
			"bytes":	0,
			"blocks":	0,
			"reverse":	0,
			"tos":	0
		}
	},
	"intervals":	[{
			"streams":	[{
					"socket":	5,
					"start":	0,
					"end":	1.000047,
					"seconds":	1.000046968460083,
					"bytes":	4247842072,
					"bits_per_second":	33981140534.157246,
					"retransmits":	8992,
					"snd_cwnd":	367792,
					"rtt":	17,
					"rttvar":	8,
					"pmtu":	1500,
					"omitted":	false,
					"sender":	true
				}],
			"sum":	{
				"start":	0,
				"end":	1.000047,
				"seconds":	1.000046968460083,
				"bytes":	4247842072,
				"bits_per_second":	33981140534.157246,
				"retransmits":	8992,
				"omitted":	false,
				"sender":	true
			}
		}, {
			"streams":	[{
					"socket":	5,
					"start":	1.000047,
					"end":	2.00014,
					"seconds":	1.0000929832458496,
					"bytes":	5679044892,
					"bits_per_second":	45428135080.547318,
					"retransmits":	11260,
					"snd_cwnd":	469152,
					"rtt":	16,
					"rttvar":	9,
					"pmtu":	1500,
					"omitted":	false,
					"sender":	true
				}],
			"sum":	{
				"start":	1.000047,
				"end":	2.00014,
				"seconds":	1.0000929832458496,
				"bytes":	5679044892,
				"bits_per_second":	45428135080.547318,
				"retransmits":	11260,
				"omitted":	false,
				"sender":	true
			}
		}, {
			"streams":	[{
					"socket":	5,
					"start":	2.00014,
					"end":	3.000029,
					"seconds":	0.99988901615142822,
					"bytes":	5593939252,
					"bits_per_second":	44756481262.539047,
					"retransmits":	12213,
					"snd_cwnd":	445984,
					"rtt":	98,
					"rttvar":	168,
					"pmtu":	1500,
					"omitted":	false,
					"sender":	true
				}],
			"sum":	{
				"start":	2.00014,
				"end":	3.000029,
				"seconds":	0.99988901615142822,
				"bytes":	5593939252,
				"bits_per_second":	44756481262.539047,
				"retransmits":	12213,
				"omitted":	false,
				"sender":	true
			}
		}, {
			"streams":	[{
					"socket":	5,
					"start":	3.000029,
					"end":	4.000198,
					"seconds":	1.000169038772583,
					"bytes":	5577724152,
					"bits_per_second":	44614251677.6567,
					"retransmits":	12395,
					"snd_cwnd":	472048,
					"rtt":	16,
					"rttvar":	5,
					"pmtu":	1500,
					"omitted":	false,
					"sender":	true
				}],
			"sum":	{
				"start":	3.000029,
				"end":	4.000198,
				"seconds":	1.000169038772583,
				"bytes":	5577724152,
				"bits_per_second":	44614251677.6567,
				"retransmits":	12395,
				"omitted":	false,
				"sender":	true
			}
		}, {
			"streams":	[{
					"socket":	5,
					"start":	4.000198,
					"end":	5.0001,
					"seconds":	0.99990200996398926,
					"bytes":	3932960068,
					"bits_per_second":	31466763973.334888,
					"retransmits":	8184,
					"snd_cwnd":	1448,
					"rtt":	13,
					"rttvar":	6,
					"pmtu":	1500,
					"omitted":	false,
					"sender":	true
				}],
			"sum":	{
				"start":	4.000198,
				"end":	5.0001,
				"seconds":	0.99990200996398926,
				"bytes":	3932960068,
				"bits_per_second":	31466763973.334888,
				"retransmits":	8184,
				"omitted":	false,
				"sender":	true
			}
		}, {
			"streams":	[{
					"socket":	5,
					"start":	5.0001,
					"end":	6.000194,
					"seconds":	1.0000940561294556,
					"bytes":	4747044632,
					"bits_per_second":	37972785482.772842,
					"retransmits":	9770,
					"snd_cwnd":	431504,
					"rtt":	14,
					"rttvar":	6,
					"pmtu":	1500,
					"omitted":	false,
					"sender":	true
				}],
			"sum":	{
				"start":	5.0001,
				"end":	6.000194,
				"seconds":	1.0000940561294556,
				"bytes":	4747044632,
				"bits_per_second":	37972785482.772842,
				"retransmits":	9770,
				"omitted":	false,
				"sender":	true
			}
		}, {
			"streams":	[{
					"socket":	5,
					"start":	6.000194,
					"end":	7.000036,
					"seconds":	0.99984198808670044,
					"bytes":	5694132056,
					"bits_per_second":	45560255511.14373,
					"retransmits":	12239,
					"snd_cwnd":	431504,
					"rtt":	23,
					"rttvar":	13,
					"pmtu":	1500,
					"omitted":	false,
					"sender":	true
				}],
			"sum":	{
				"start":	6.000194,
				"end":	7.000036,
				"seconds":	0.99984198808670044,
				"bytes":	5694132056,
				"bits_per_second":	45560255511.14373,
				"retransmits":	12239,
				"omitted":	false,
				"sender":	true
			}
		}, {
			"streams":	[{
					"socket":	5,
					"start":	7.000036,
					"end":	8.000301,
					"seconds":	1.0002650022506714,
					"bytes":	4436245868,
					"bits_per_second":	35480564514.548553,
					"retransmits":	9109,
					"snd_cwnd":	422816,
					"rtt":	22,
					"rttvar":	8,
					"pmtu":	1500,
					"omitted":	false,
					"sender":	true
				}],
			"sum":	{
				"start":	7.000036,
				"end":	8.000301,
				"seconds":	1.0002650022506714,
				"bytes":	4436245868,
				"bits_per_second":	35480564514.548553,
				"retransmits":	9109,
				"omitted":	false,
				"sender":	true
			}
		}, {
			"streams":	[{
					"socket":	5,
					"start":	8.000301,
					"end":	9.000177,
					"seconds":	0.99987602233886719,
					"bytes":	5623944800,
					"bits_per_second":	44997137039.807869,
					"retransmits":	10404,
					"snd_cwnd":	425712,
					"rtt":	60,
					"rttvar":	90,
					"pmtu":	1500,
					"omitted":	false,
					"sender":	true
				}],
			"sum":	{
				"start":	8.000301,
				"end":	9.000177,
				"seconds":	0.99987602233886719,
				"bytes":	5623944800,
				"bits_per_second":	44997137039.807869,
				"retransmits":	10404,
				"omitted":	false,
				"sender":	true
			}
		}, {
			"streams":	[{
					"socket":	5,
					"start":	9.000177,
					"end":	10.000224,
					"seconds":	1.000046968460083,
					"bytes":	4592638016,
					"bits_per_second":	36739378535.965759,
					"retransmits":	9697,
					"snd_cwnd":	11584,
					"rtt":	106,
					"rttvar":	193,
					"pmtu":	1500,
					"omitted":	false,
					"sender":	true
				}],
			"sum":	{
				"start":	9.000177,
				"end":	10.000224,
				"seconds":	1.000046968460083,
				"bytes":	4592638016,
				"bits_per_second":	36739378535.965759,
				"retransmits":	9697,
				"omitted":	false,
				"sender":	true
			}
		}, {
			"streams":	[{
					"socket":	5,
					"start":	10.000224,
					"end":	11.000206,
					"seconds":	0.99998199939727783,
					"bytes":	3464745528,
					"bits_per_second":	27718463173.043648,
					"retransmits":	7093,
					"snd_cwnd":	11584,
					"rtt":	249,
					"rttvar":	403,
					"pmtu":	1500,
					"omitted":	false,
					"sender":	true
				}],
			"sum":	{
				"start":	10.000224,
				"end":	11.000206,
				"seconds":	0.99998199939727783,
				"bytes":	3464745528,
				"bits_per_second":	27718463173.043648,
				"retransmits":	7093,
				"omitted":	false,
				"sender":	true
			}
		}, {
			"streams":	[{
					"socket":	5,
					"start":	11.000206,
					"end":	12.000311,
					"seconds":	1.0001050233840942,
					"bytes":	4063196804,
					"bits_per_second":	32502160945.067173,
					"retransmits":	8230,
					"snd_cwnd":	425712,
					"rtt":	39,
					"rttvar":	19,
					"pmtu":	1500,
					"omitted":	false,
					"sender":	true
				}],
			"sum":	{
				"start":	11.000206,
				"end":	12.000311,
				"seconds":	1.0001050233840942,
				"bytes":	4063196804,
				"bits_per_second":	32502160945.067173,
				"retransmits":	8230,
				"omitted":	false,
				"sender":	true
			}
		}, {
			"streams":	[{
					"socket":	5,
					"start":	12.000311,
					"end":	13.000153,
					"seconds":	0.99984198808670044,
					"bytes":	5603838020,
					"bits_per_second":	44837789064.838257,
					"retransmits":	11781,