{
	"start":	{
		"connected":	[{
				"socket":	5,
				"local_host":	"10.5.0.20",
				"local_port":	60006,
				"remote_host":	"10.5.0.10",
				"remote_port":	5201
			}],
		"version":	"iperf 3.9",
		"system_info":	"Linux client 6.8.0-65-generic #68~22.04.1-Ubuntu SMP PREEMPT_DYNAMIC Tue Jul 15 18:06:34 UTC 2 x86_64",
		"timestamp":	{
			"time":	"Fri, 01 Aug 2025 04:30:10 GMT",
			"timesecs":	1754022610
		},
		"connecting_to":	{
			"host":	"10.5.0.10",
			"port":	5201
		},
		"cookie":	"jsrucoccfvu36kpohwc3elbrl4wdiaqiluso",
		"tcp_mss_default":	1448,
		"sock_bufsize":	262144,
		"sndbuf_actual":	425984,
		"rcvbuf_actual":	425984,
		"test_start":	{
			"protocol":	"TCP",
			"num_streams":	1,
			"blksize":	131072,
			"omit":	0,
			"duration":	20,
			"bytes":	0,
			"blocks":	0,
			"reverse":	0,
			"tos":	0
		}
	},
	"intervals":	[{
			"streams":	[{
					"socket":	5,
					"start":	0,
					"end":	1.000063,
					"seconds":	1.0000629425048828,
					"bytes":	2425504,
					"bits_per_second":	19402810.738490351,
					"retransmits":	0,
					"snd_cwnd":	790608,
					"rtt":	75039,
					"rttvar":	16,
					"pmtu":	1500,
					"omitted":	false,
					"sender":	true
				}],
			"sum":	{
				"start":	0,
				"end":	1.000063,
				"seconds":	1.0000629425048828,
				"bytes":	2425504,
				"bits_per_second":	19402810.738490351,
				"retransmits":	0,
				"omitted":	false,
				"sender":	true
			}
		}, {
			"streams":	[{
					"socket":	5,
					"start":	1.000063,
					"end":	2.000134,
					"seconds":	1.0000710487365723,
					"bytes":	3399956,
					"bits_per_second":	27197715.636666361,
					"retransmits":	0,
					"snd_cwnd":	790608,
					"rtt":	75057,
					"rttvar":	31,
					"pmtu":	1500,
					"omitted":	false,
					"sender":	true
				}],
			"sum":	{
				"start":	1.000063,
				"end":	2.000134,
				"seconds":	1.0000710487365723,
				"bytes":	3399956,
				"bits_per_second":	27197715.636666361,
				"retransmits":	0,
				"omitted":	false,
				"sender":	true
			}
		}, {
			"streams":	[{
					"socket":	5,
					"start":	2.000134,
					"end":	3.000087,
					"seconds":	0.99995297193527222,
					"bytes":	3560684,
					"bits_per_second":	28486811.679623559,
					"retransmits":	0,
					"snd_cwnd":	790608,
					"rtt":	75136,
					"rttvar":	43,
					"pmtu":	1500,
					"omitted":	false,
					"sender":	true
				}],
			"sum":	{
				"start":	2.000134,
				"end":	3.000087,
				"seconds":	0.99995297193527222,
				"bytes":	3560684,
				"bits_per_second":	28486811.679623559,
				"retransmits":	0,
				"omitted":	false,
				"sender":	true
			}
		}, {
			"streams":	[{
					"socket":	5,
					"start":	3.000087,
					"end":	4.000137,
					"seconds":	1.0000499486923218,
					"bytes":	3355120,
					"bits_per_second":	26839619.39610875,
					"retransmits":	0,
					"snd_cwnd":	790608,
					"rtt":	75135,
					"rttvar":	91,
					"pmtu":	1500,
					"omitted":	false,
					"sender":	true
				}],
			"sum":	{
				"start":	3.000087,
				"end":	4.000137,
				"seconds":	1.0000499486923218,
				"bytes":	3355120,
				"bits_per_second":	26839619.39610875,
				"retransmits":	0,
				"omitted":	false,
				"sender":	true
			}
		}, {
			"streams":	[{
					"socket":	5,
					"start":	4.000137,
					"end":	5.00009,
					"seconds":	0.99995297193527222,
					"bytes":	3566528,
					"bits_per_second":	28533565.878383044,
					"retransmits":	0,
					"snd_cwnd":	790608,
					"rtt":	75137,
					"rttvar":	82,
					"pmtu":	1500,
					"omitted":	false,
					"sender":	true
				}],
			"sum":	{
				"start":	4.000137,
				"end":	5.00009,
				"seconds":	0.99995297193527222,
				"bytes":	3566528,
				"bits_per_second":	28533565.878383044,
				"retransmits":	0,
				"omitted":	false,
				"sender":	true
			}
		}, {
			"streams":	[{
					"socket":	5,
					"start":	5.00009,
					"end":	6.000064,
					"seconds":	0.999974012374878,
					"bytes":	3339140,
					"bits_per_second":	26713814.228589755,
					"retransmits":	0,
					"snd_cwnd":	790608,
					"rtt":	75046,
					"rttvar":	18,
					"pmtu":	1500,
					"omitted":	false,
					"sender":	true
				}],
			"sum":	{
				"start":	5.00009,
				"end":	6.000064,
				"seconds":	0.999974012374878,
				"bytes":	3339140,
				"bits_per_second":	26713814.228589755,
				"retransmits":	0,
				"omitted":	false,
				"sender":	true
			}
		}, {
			"streams":	[{
					"socket":	5,
					"start":	6.000064,
					"end":	7.000088,
					"seconds":	1.0000239610672,
					"bytes":	3550600,
					"bits_per_second":	28404119.40698614,
					"retransmits":	0,
					"snd_cwnd":	790608,
					"rtt":	75035,
					"rttvar":	15,
					"pmtu":	1500,
					"omitted":	false,
					"sender":	true
				}],
			"sum":	{
				"start":	6.000064,
				"end":	7.000088,
				"seconds":	1.0000239610672,
				"bytes":	3550600,
				"bits_per_second":	28404119.40698614,
				"retransmits":	0,
				"omitted":	false,
				"sender":	true
			}
		}, {
			"streams":	[{
					"socket":	5,
					"start":	7.000088,
					"end":	8.000097,
					"seconds":	1.0000089406967163,
					"bytes":	3347828,
					"bits_per_second":	26782384.546822429,
					"retransmits":	0,
					"snd_cwnd":	790608,
					"rtt":	75170,
					"rttvar":	38,
					"pmtu":	1500,
					"omitted":	false,
					"sender":	true
				}],
			"sum":	{
				"start":	7.000088,
				"end":	8.000097,
				"seconds":	1.0000089406967163,
				"bytes":	3347828,
				"bits_per_second":	26782384.546822429,
				"retransmits":	0,
				"omitted":	false,
				"sender":	true
			}
		}, {
			"streams":	[{
					"socket":	5,
					"start":	8.000097,
					"end":	9.000105,
					"seconds":	1.0000079870224,
					"bytes":	3562080,
					"bits_per_second":	28496412.398515858,
					"retransmits":	0,
					"snd_cwnd":	790608,
					"rtt":	75156,
					"rttvar":	59,
					"pmtu":	1500,
					"omitted":	false,
					"sender":	true
				}],
			"sum":	{
				"start":	8.000097,
				"end":	9.000105,
				"seconds":	1.0000079870224,
				"bytes":	3562080,
				"bits_per_second":	28496412.398515858,
				"retransmits":	0,
				"omitted":	false,
				"sender":	true
			}
		}, {
			"streams":	[{
					"socket":	5,
					"start":	9.000105,
					"end":	10.000108,
					"seconds":	1.0000029802322388,
					"bytes":	3381184,
					"bits_per_second":	27049391.386531752,
					"retransmits":	0,
					"snd_cwnd":	790608,
					"rtt":	75135,
					"rttvar":	67,
					"pmtu":	1500,
					"omitted":	false,
					"sender":	true
				}],
			"sum":	{
				"start":	9.000105,
				"end":	10.000108,
				"seconds":	1.0000029802322388,
				"bytes":	3381184,
				"bits_per_second":	27049391.386531752,
				"retransmits":	0,
				"omitted":	false,
				"sender":	true
			}
		}, {
			"streams":	[{
					"socket":	5,
					"start":	10.000108,
					"end":	11.00006,
					"seconds":	0.99995201826095581,
					"bytes":	2548532,
					"bits_per_second":	20389234.310920019,
					"retransmits":	0,
					"snd_cwnd":	706624,
					"rtt":	75035,
					"rttvar":	13,
					"pmtu":	1500,
					"omitted":	false,
					"sender":	true
				}],
			"sum":	{
				"start":	10.000108,
				"end":	11.00006,
				"seconds":	0.99995201826095581,
				"bytes":	2548532,
				"bits_per_second":	20389234.310920019,
				"retransmits":	0,
				"omitted":	false,
				"sender":	true
			}
		}, {
			"streams":	[{
					"socket":	5,
					"start":	11.00006,
					"end":	12.000063,
					"seconds":	1.0000029802322388,
					"bytes":	3174016,
					"bits_per_second":	25392052.325787049,
					"retransmits":	0,
					"snd_cwnd":	582096,
					"rtt":	75037,
					"rttvar":	27,
					"pmtu":	1500,
					"omitted":	false,
					"sender":	true
				}],
			"sum":	{
				"start":	11.00006,
				"end":	12.000063,
				"seconds":	1.0000029802322388,
				"bytes":	3174016,
				"bits_per_second":	25392052.325787049,
				"retransmits":	0,
				"omitted":	false,
				"sender":	true
			}
		}, {
			"streams":	[{
					"socket":	5,
					"start":	12.000063,
					"end":	13.000095,
					"seconds":	1.0000319480895996,
					"bytes":	3372392,
					"bits_per_second":	26978274.095681947,
					"retransmits":	0,
					"snd_cwnd":	579200,
					"rtt":	75078,
					"rttvar":	49,
					"pmtu":	1500,
					"omitted":	false,