{
	"start":	{
		"connected":	[{
				"socket":	5,
				"local_host":	"10.5.0.20",
				"local_port":	48584,
				"remote_host":	"10.5.0.10",
				"remote_port":	5201
			}],
		"version":	"iperf 3.9",
		"system_info":	"Linux client 6.8.0-65-generic #68~22.04.1-Ubuntu SMP PREEMPT_DYNAMIC Tue Jul 15 18:06:34 UTC 2 x86_64",
		"timestamp":	{
			"time":	"Fri, 01 Aug 2025 04:41:46 GMT",
			"timesecs":	1754023306
		},
		"connecting_to":	{
			"host":	"10.5.0.10",
			"port":	5201
		},
		"cookie":	"bo6dyoxqq7ax7wybfpqnh6ubgjo3qwv7gpu6",
		"tcp_mss_default":	1448,
		"sock_bufsize":	0,
		"sndbuf_actual":	16384,
		"rcvbuf_actual":	131072,
		"test_start":	{
			"protocol":	"TCP",
			"num_streams":	1,
			"blksize":	131072,
			"omit":	0,
			"duration":	10,
			"bytes":	0,
			"blocks":	0,
			"reverse":	0,
			"tos":	0
		}
	},
	"intervals":	[{
			"streams":	[{
					"socket":	5,
					"start":	0,
					"end":	1.000071,
					"seconds":	1.0000710487365723,
					"bytes":	5527306240,
					"bits_per_second":	44215308478.195473,
					"retransmits":	45,
					"snd_cwnd":	448880,
					"rtt":	21,
					"rttvar":	13,
					"pmtu":	1500,
					"omitted":	false,
					"sender":	true
				}],
			"sum":	{
				"start":	0,
				"end":	1.000071,
				"seconds":	1.0000710487365723,
				"bytes":	5527306240,
				"bits_per_second":	44215308478.195473,
				"retransmits":	45,
				"omitted":	false,
				"sender":	true
			}
		}, {
			"streams":	[{
					"socket":	5,
					"start":	1.000071,
					"end":	2.000172,
					"seconds":	1.0001009702682495,
					"bytes":	5841879040,
					"bits_per_second":	46730313947.665321,
					"retransmits":	0,
					"snd_cwnd":	489424,
					"rtt":	16,
					"rttvar":	5,
					"pmtu":	1500,
					"omitted":	false,
					"sender":	true
				}],
			"sum":	{
				"start":	1.000071,
				"end":	2.000172,
				"seconds":	1.0001009702682495,
				"bytes":	5841879040,
				"bits_per_second":	46730313947.665321,
				"retransmits":	0,
				"omitted":	false,
				"sender":	true
			}
		}, {
			"streams":	[{
					"socket":	5,
					"start":	2.000172,
					"end":	3.000164,
					"seconds":	0.9999920129776,
					"bytes":	5989990400,
					"bits_per_second":	47920305940.556961,
					"retransmits":	41,
					"snd_cwnd":	405440,
					"rtt":	16,
					"rttvar":	5,
					"pmtu":	1500,
					"omitted":	false,
					"sender":	true
				}],
			"sum":	{
				"start":	2.000172,
				"end":	3.000164,
				"seconds":	0.9999920129776,
				"bytes":	5989990400,
				"bits_per_second":	47920305940.556961,
				"retransmits":	41,
				"omitted":	false,
				"sender":	true
			}
		}, {
			"streams":	[{
					"socket":	5,
					"start":	3.000164,
					"end":	4.000143,
					"seconds":	0.999979019165039,
					"bytes":	6093537280,
					"bits_per_second":	48749321041.459229,
					"retransmits":	0,
					"snd_cwnd":	443088,
					"rtt":	19,
					"rttvar":	3,
					"pmtu":	1500,
					"omitted":	false,
					"sender":	true
				}],
			"sum":	{
				"start":	3.000164,
				"end":	4.000143,
				"seconds":	0.999979019165039,
				"bytes":	6093537280,
				"bits_per_second":	48749321041.459229,
				"retransmits":	0,
				"omitted":	false,
				"sender":	true
			}
		}, {
			"streams":	[{
					"socket":	5,
					"start":	4.000143,
					"end":	5.000159,
					"seconds":	1.0000159740448,
					"bytes":	5831393280,
					"bits_per_second":	46650401044.403786,
					"retransmits":	45,
					"snd_cwnd":	440192,
					"rtt":	24,
					"rttvar":	4,
					"pmtu":	1500,
					"omitted":	false,
					"sender":	true
				}],
			"sum":	{
				"start":	4.000143,
				"end":	5.000159,
				"seconds":	1.0000159740448,
				"bytes":	5831393280,
				"bits_per_second":	46650401044.403786,
				"retransmits":	45,
				"omitted":	false,
				"sender":	true
			}
		}, {
			"streams":	[{
					"socket":	5,
					"start":	5.000159,
					"end":	6.000101,
					"seconds":	0.99994200468063354,
					"bytes":	5940183040,
					"bits_per_second":	47524220502.345673,
					"retransmits":	0,
					"snd_cwnd":	443088,
					"rtt":	16,
					"rttvar":	4,
					"pmtu":	1500,
					"omitted":	false,
					"sender":	true
				}],
			"sum":	{
				"start":	5.000159,
				"end":	6.000101,
				"seconds":	0.99994200468063354,
				"bytes":	5940183040,
				"bits_per_second":	47524220502.345673,
				"retransmits":	0,
				"omitted":	false,
				"sender":	true
			}
		}, {
			"streams":	[{
					"socket":	5,
					"start":	6.000101,
					"end":	7.00013,
					"seconds":	1.0000289678573608,
					"bytes":	5969018880,
					"bits_per_second":	47750767802.569427,
					"retransmits":	0,
					"snd_cwnd":	405440,
					"rtt":	20,
					"rttvar":	7,
					"pmtu":	1500,
					"omitted":	false,
					"sender":	true
				}],
			"sum":	{
				"start":	6.000101,
				"end":	7.00013,
				"seconds":	1.0000289678573608,
				"bytes":	5969018880,
				"bits_per_second":	47750767802.569427,
				"retransmits":	0,
				"omitted":	false,
				"sender":	true
			}
		}, {
			"streams":	[{
					"socket":	5,
					"start":	7.00013,
					"end":	8.000251,
					"seconds":	1.000120997428894,
					"bytes":	5813043200,
					"bits_per_second":	46498719374.50882,
					"retransmits":	0,
					"snd_cwnd":	385168,
					"rtt":	14,
					"rttvar":	7,
					"pmtu":	1500,
					"omitted":	false,
					"sender":	true
				}],
			"sum":	{
				"start":	7.00013,
				"end":	8.000251,
				"seconds":	1.000120997428894,
				"bytes":	5813043200,
				"bits_per_second":	46498719374.50882,
				"retransmits":	0,
				"omitted":	false,
				"sender":	true
			}
		}, {
			"streams":	[{
					"socket":	5,
					"start":	8.000251,
					"end":	9.000048,
					"seconds":	0.999796986579895,
					"bytes":	5957222400,
					"bits_per_second":	47667456333.337936,
					"retransmits":	0,
					"snd_cwnd":	402544,
					"rtt":	25,
					"rttvar":	8,
					"pmtu":	1500,
					"omitted":	false,
					"sender":	true
				}],
			"sum":	{
				"start":	8.000251,
				"end":	9.000048,
				"seconds":	0.999796986579895,
				"bytes":	5957222400,
				"bits_per_second":	47667456333.337936,
				"retransmits":	0,
				"omitted":	false,
				"sender":	true
			}
		}, {
			"streams":	[{
					"socket":	5,
					"start":	9.000048,
					"end":	10.000088,
					"seconds":	1.0000400543212891,
					"bytes":	6024069120,
					"bits_per_second":	48190622717.31456,
					"retransmits":	0,
					"snd_cwnd":	428608,
					"rtt":	20,
					"rttvar":	7,
					"pmtu":	1500,
					"omitted":	false,
					"sender":	true
				}],
			"sum":	{
				"start":	9.000048,
				"end":	10.000088,
				"seconds":	1.0000400543212891,
				"bytes":	6024069120,
				"bits_per_second":	48190622717.31456,
				"retransmits":	0,
				"omitted":	false,
				"sender":	true
			}
		}],
	"end":	{
		"streams":	[{
				"sender":	{
					"socket":	5,
					"start":	0,
					"end":	10.000088,
					"seconds":	10.000088,
					"bytes":	58987642880,
					"bits_per_second":	47189699034.6485,
					"retransmits":	131,
					"max_snd_cwnd":	489424,
					"max_rtt":	25,
					"min_rtt":	14,
					"mean_rtt":	19,
					"sender":	true
				},
				"receiver":	{
					"socket":	5,
					"start":	0,
					"end":	10.038591,
					"seconds":	10.000088,
					"bytes":	58987642880,
					"bits_per_second":	47008703018.182533,
					"sender":	true
				}
			}],
		"sum_sent":	{
			"start":	0,
			"end":	10.000088,
			"seconds":	10.000088,
			"bytes":	58987642880,
			"bits_per_second":	47189699034.6485,
			"retransmits":	131,
			"sender":	true
		},
		"sum_received":	{
			"start":	0,
			"end":	10.038591,
			"seconds":	10.038591,
			"bytes":	58987642880,
			"bits_per_second":	47008703018.182533,
			"sender":	true
		},
		"cpu_utilization_percent":	{
			"host_total":	99.458901542259042,
			"host_user":	1.1109018251422673,
			"host_system":	98.3479600420516,
			"remote_total":	76.484672848199025,
			"remote_user":	3.20308062464094,
			"remote_system":	73.2815741888035
		},
		"sender_tcp_congestion":	"bbr",
		"receiver_tcp_congestion":	"cubic"
	}
}
