{
	"start":	{
		"connected":	[{
				"socket":	5,
				"local_host":	"10.5.0.20",
				"local_port":	36558,
				"remote_host":	"10.5.0.10",
				"remote_port":	5201
			}],
		"version":	"iperf 3.9",
		"system_info":	"Linux client 6.8.0-65-generic #68~22.04.1-Ubuntu SMP PREEMPT_DYNAMIC Tue Jul 15 18:06:34 UTC 2 x86_64",
		"timestamp":	{
			"time":	"Fri, 01 Aug 2025 04:40:39 GMT",
			"timesecs":	1754023239
		},
		"connecting_to":	{
			"host":	"10.5.0.10",
			"port":	5201
		},
		"cookie":	"dpr576h3ba6ga5rqwgll2qoiki43behjc55e",
		"tcp_mss_default":	1448,
		"sock_bufsize":	0,
		"sndbuf_actual":	16384,
		"rcvbuf_actual":	131072,
		"test_start":	{
			"protocol":	"TCP",
			"num_streams":	1,
			"blksize":	131072,
			"omit":	0,
			"duration":	10,
			"bytes":	0,
			"blocks":	0,
			"reverse":	0,
			"tos":	0
		}
	},
	"intervals":	[{
			"streams":	[{
					"socket":	5,
					"start":	0,
					"end":	1.00004,
					"seconds":	1.0000400543212891,
					"bytes":	5676728320,
					"bits_per_second":	45412007612.8567,
					"retransmits":	0,
					"snd_cwnd":	1058488,
					"rtt":	18,
					"rttvar":	5,
					"pmtu":	1500,
					"omitted":	false,
					"sender":	true
				}],
			"sum":	{
				"start":	0,
				"end":	1.00004,
				"seconds":	1.0000400543212891,
				"bytes":	5676728320,
				"bits_per_second":	45412007612.8567,
				"retransmits":	0,
				"omitted":	false,
				"sender":	true
			}
		}, {
			"streams":	[{
					"socket":	5,
					"start":	1.00004,
					"end":	2.000078,
					"seconds":	1.0000380277633667,
					"bytes":	6139412480,
					"bits_per_second":	49113432166.02346,
					"retransmits":	0,
					"snd_cwnd":	1452344,
					"rtt":	20,
					"rttvar":	1,
					"pmtu":	1500,
					"omitted":	false,
					"sender":	true
				}],
			"sum":	{
				"start":	1.00004,
				"end":	2.000078,
				"seconds":	1.0000380277633667,
				"bytes":	6139412480,
				"bits_per_second":	49113432166.02346,
				"retransmits":	0,
				"omitted":	false,
				"sender":	true
			}
		}, {
			"streams":	[{
					"socket":	5,
					"start":	2.000078,
					"end":	3.00006,
					"seconds":	0.99998199939727783,
					"bytes":	6221987840,
					"bits_per_second":	49776798732.378761,
					"retransmits":	0,
					"snd_cwnd":	1452344,
					"rtt":	19,
					"rttvar":	1,
					"pmtu":	1500,
					"omitted":	false,
					"sender":	true
				}],
			"sum":	{
				"start":	2.000078,
				"end":	3.00006,
				"seconds":	0.99998199939727783,
				"bytes":	6221987840,
				"bits_per_second":	49776798732.378761,
				"retransmits":	0,
				"omitted":	false,
				"sender":	true
			}
		}, {
			"streams":	[{
					"socket":	5,
					"start":	3.00006,
					"end":	4.000085,
					"seconds":	1.0000250339508057,
					"bytes":	6211502080,
					"bits_per_second":	49690772683.641144,
					"retransmits":	0,
					"snd_cwnd":	1526192,
					"rtt":	25,
					"rttvar":	10,
					"pmtu":	1500,
					"omitted":	false,
					"sender":	true
				}],
			"sum":	{
				"start":	3.00006,
				"end":	4.000085,
				"seconds":	1.0000250339508057,
				"bytes":	6211502080,
				"bits_per_second":	49690772683.641144,
				"retransmits":	0,
				"omitted":	false,
				"sender":	true
			}
		}, {
			"streams":	[{
					"socket":	5,
					"start":	4.000085,
					"end":	5.000019,
					"seconds":	0.99993401765823364,
					"bytes":	6183976960,
					"bits_per_second":	49475080161.648148,
					"retransmits":	0,
					"snd_cwnd":	1526192,
					"rtt":	19,
					"rttvar":	2,
					"pmtu":	1500,
					"omitted":	false,
					"sender":	true
				}],
			"sum":	{
				"start":	4.000085,
				"end":	5.000019,
				"seconds":	0.99993401765823364,
				"bytes":	6183976960,
				"bits_per_second":	49475080161.648148,
				"retransmits":	0,
				"omitted":	false,
				"sender":	true
			}
		}, {
			"streams":	[{
					"socket":	5,
					"start":	5.000019,
					"end":	6.000184,
					"seconds":	1.0001649856567383,
					"bytes":	6105333760,
					"bits_per_second":	48834613069.2912,
					"retransmits":	0,
					"snd_cwnd":	1526192,
					"rtt":	20,
					"rttvar":	1,
					"pmtu":	1500,
					"omitted":	false,
					"sender":	true
				}],
			"sum":	{
				"start":	5.000019,
				"end":	6.000184,
				"seconds":	1.0001649856567383,
				"bytes":	6105333760,
				"bits_per_second":	48834613069.2912,
				"retransmits":	0,
				"omitted":	false,
				"sender":	true
			}
		}, {
			"streams":	[{
					"socket":	5,
					"start":	6.000184,
					"end":	7.000161,
					"seconds":	0.9999769926071167,
					"bytes":	6058147840,
					"bits_per_second":	48466297803.155159,
					"retransmits":	0,
					"snd_cwnd":	1526192,
					"rtt":	19,
					"rttvar":	3,
					"pmtu":	1500,
					"omitted":	false,
					"sender":	true
				}],
			"sum":	{
				"start":	6.000184,
				"end":	7.000161,
				"seconds":	0.9999769926071167,
				"bytes":	6058147840,
				"bits_per_second":	48466297803.155159,
				"retransmits":	0,
				"omitted":	false,
				"sender":	true
			}
		}, {
			"streams":	[{
					"socket":	5,
					"start":	7.000161,
					"end":	8.000154,
					"seconds":	0.99999302625656128,
					"bytes":	5913968640,
					"bits_per_second":	47312079062.300934,
					"retransmits":	0,
					"snd_cwnd":	2484768,
					"rtt":	20,
					"rttvar":	1,
					"pmtu":	1500,
					"omitted":	false,
					"sender":	true
				}],
			"sum":	{
				"start":	7.000161,
				"end":	8.000154,
				"seconds":	0.99999302625656128,
				"bytes":	5913968640,
				"bits_per_second":	47312079062.300934,
				"retransmits":	0,
				"omitted":	false,
				"sender":	true
			}
		}, {
			"streams":	[{
					"socket":	5,
					"start":	8.000154,
					"end":	9.000077,
					"seconds":	0.9999229907989502,
					"bytes":	6063390720,
					"bits_per_second":	48510861542.689644,
					"retransmits":	0,
					"snd_cwnd":	2484768,
					"rtt":	20,
					"rttvar":	1,
					"pmtu":	1500,
					"omitted":	false,
					"sender":	true
				}],
			"sum":	{
				"start":	8.000154,
				"end":	9.000077,
				"seconds":	0.9999229907989502,
				"bytes":	6063390720,
				"bits_per_second":	48510861542.689644,
				"retransmits":	0,
				"omitted":	false,
				"sender":	true
			}
		}, {
			"streams":	[{
					"socket":	5,
					"start":	9.000077,
					"end":	10.000187,
					"seconds":	1.0001100301742554,
					"bytes":	6233784320,
					"bits_per_second":	49864787928.695,
					"retransmits":	0,
					"snd_cwnd":	2484768,
					"rtt":	19,
					"rttvar":	1,
					"pmtu":	1500,
					"omitted":	false,
					"sender":	true
				}],
			"sum":	{
				"start":	9.000077,
				"end":	10.000187,
				"seconds":	1.0001100301742554,
				"bytes":	6233784320,
				"bits_per_second":	49864787928.695,
				"retransmits":	0,
				"omitted":	false,
				"sender":	true
			}
		}],
	"end":	{
		"streams":	[{
				"sender":	{
					"socket":	5,
					"start":	0,
					"end":	10.000187,
					"seconds":	10.000187,
					"bytes":	60808232960,
					"bits_per_second":	48645676693.845825,
					"retransmits":	0,
					"max_snd_cwnd":	2484768,
					"max_rtt":	25,
					"min_rtt":	18,
					"mean_rtt":	19,
					"sender":	true
				},
				"receiver":	{
					"socket":	5,
					"start":	0,
					"end":	10.038579,
					"seconds":	10.000187,
					"bytes":	60808232960,
					"bits_per_second":	48459633946.198959,
					"sender":	true
				}
			}],
		"sum_sent":	{
			"start":	0,
			"end":	10.000187,
			"seconds":	10.000187,
			"bytes":	60808232960,
			"bits_per_second":	48645676693.845825,
			"retransmits":	0,
			"sender":	true
		},
		"sum_received":	{
			"start":	0,
			"end":	10.038579,
			"seconds":	10.038579,
			"bytes":	60808232960,
			"bits_per_second":	48459633946.198959,
			"sender":	true
		},
		"cpu_utilization_percent":	{
			"host_total":	99.51962403081977,
			"host_user":	1.2093905408425207,
			"host_system":	98.31019381571484,
			"remote_total":	81.7422347737953,
			"remote_user":	3.2531844892160371,
			"remote_system":	78.489032248406431
		},
		"sender_tcp_congestion":	"cubic",
		"receiver_tcp_congestion":	"cubic"
	}
}
