{
	"start":	{
		"connected":	[{
				"socket":	5,
				"local_host":	"10.5.0.20",
				"local_port":	59996,
				"remote_host":	"10.5.0.10",
				"remote_port":	5201
			}],
		"version":	"iperf 3.9",
		"system_info":	"Linux client 6.8.0-65-generic #68~22.04.1-Ubuntu SMP PREEMPT_DYNAMIC Tue Jul 15 18:06:34 UTC 2 x86_64",
		"timestamp":	{
			"time":	"Fri, 01 Aug 2025 04:37:34 GMT",
			"timesecs":	1754023054
		},
		"connecting_to":	{
			"host":	"10.5.0.10",
			"port":	5201
		},
		"cookie":	"qgwpmdqca7lbfmdhjryf5wpgzmanxnygtmfq",
		"tcp_mss_default":	1448,
		"sock_bufsize":	0,
		"sndbuf_actual":	16384,
		"rcvbuf_actual":	131072,
		"test_start":	{
			"protocol":	"TCP",
			"num_streams":	1,
			"blksize":	131072,
			"omit":	0,
			"duration":	15,
			"bytes":	0,
			"blocks":	0,
			"reverse":	0,
			"tos":	0
		}
	},
	"intervals":	[{
			"streams":	[{
					"socket":	5,
					"start":	0,
					"end":	1.000098,
					"seconds":	1.0000979900360107,
					"bytes":	40855920,
					"bits_per_second":	326815335.35351986,
					"retransmits":	0,
					"snd_cwnd":	10531304,
					"rtt":	50021,
					"rttvar":	14,
					"pmtu":	1500,
					"omitted":	false,
					"sender":	true
				}],
			"sum":	{
				"start":	0,
				"end":	1.000098,
				"seconds":	1.0000979900360107,
				"bytes":	40855920,
				"bits_per_second":	326815335.35351986,
				"retransmits":	0,
				"omitted":	false,
				"sender":	true
			}
		}, {
			"streams":	[{
					"socket":	5,
					"start":	1.000098,
					"end":	2.00014,
					"seconds":	1.0000419616699219,
					"bytes":	70778880,
					"bits_per_second":	566207280.99696743,
					"retransmits":	0,
					"snd_cwnd":	10531304,
					"rtt":	50058,
					"rttvar":	42,
					"pmtu":	1500,
					"omitted":	false,
					"sender":	true
				}],
			"sum":	{
				"start":	1.000098,
				"end":	2.00014,
				"seconds":	1.0000419616699219,
				"bytes":	70778880,
				"bits_per_second":	566207280.99696743,
				"retransmits":	0,
				"omitted":	false,
				"sender":	true
			}
		}, {
			"streams":	[{
					"socket":	5,
					"start":	2.00014,
					"end":	3.000095,
					"seconds":	0.99995499849319458,
					"bytes":	70778880,
					"bits_per_second":	566256522.39674628,
					"retransmits":	0,
					"snd_cwnd":	10531304,
					"rtt":	50049,
					"rttvar":	25,
					"pmtu":	1500,
					"omitted":	false,
					"sender":	true
				}],
			"sum":	{
				"start":	2.00014,
				"end":	3.000095,
				"seconds":	0.99995499849319458,
				"bytes":	70778880,
				"bits_per_second":	566256522.39674628,
				"retransmits":	0,
				"omitted":	false,
				"sender":	true
			}
		}, {
			"streams":	[{
					"socket":	5,
					"start":	3.000095,
					"end":	4.000058,
					"seconds":	0.99996298551559448,
					"bytes":	70778880,
					"bits_per_second":	566251999.525806,
					"retransmits":	0,
					"snd_cwnd":	10531304,
					"rtt":	50020,
					"rttvar":	10,
					"pmtu":	1500,
					"omitted":	false,
					"sender":	true
				}],
			"sum":	{
				"start":	3.000095,
				"end":	4.000058,
				"seconds":	0.99996298551559448,
				"bytes":	70778880,
				"bits_per_second":	566251999.525806,
				"retransmits":	0,
				"omitted":	false,
				"sender":	true
			}
		}, {
			"streams":	[{
					"socket":	5,
					"start":	4.000058,
					"end":	5.000109,
					"seconds":	1.0000510215759277,
					"bytes":	70778880,
					"bits_per_second":	566202151.473938,
					"retransmits":	0,
					"snd_cwnd":	10531304,
					"rtt":	50047,
					"rttvar":	21,
					"pmtu":	1500,
					"omitted":	false,
					"sender":	true
				}],
			"sum":	{
				"start":	4.000058,
				"end":	5.000109,
				"seconds":	1.0000510215759277,
				"bytes":	70778880,
				"bits_per_second":	566202151.473938,
				"retransmits":	0,
				"omitted":	false,
				"sender":	true
			}
		}, {
			"streams":	[{
					"socket":	5,
					"start":	5.000109,
					"end":	6.000034,
					"seconds":	0.99992501735687256,
					"bytes":	70778880,
					"bits_per_second":	566273500.68381429,
					"retransmits":	0,
					"snd_cwnd":	10531304,
					"rtt":	50022,
					"rttvar":	11,
					"pmtu":	1500,
					"omitted":	false,
					"sender":	true
				}],
			"sum":	{
				"start":	5.000109,
				"end":	6.000034,
				"seconds":	0.99992501735687256,
				"bytes":	70778880,
				"bits_per_second":	566273500.68381429,
				"retransmits":	0,
				"omitted":	false,
				"sender":	true
			}
		}, {
			"streams":	[{
					"socket":	5,
					"start":	6.000034,
					"end":	7.000086,
					"seconds":	1.0000519752502441,
					"bytes":	69468160,
					"bits_per_second":	555716396.501227,
					"retransmits":	0,
					"snd_cwnd":	10531304,
					"rtt":	50043,
					"rttvar":	32,
					"pmtu":	1500,
					"omitted":	false,
					"sender":	true
				}],
			"sum":	{
				"start":	6.000034,
				"end":	7.000086,
				"seconds":	1.0000519752502441,
				"bytes":	69468160,
				"bits_per_second":	555716396.501227,
				"retransmits":	0,
				"omitted":	false,
				"sender":	true
			}
		}, {
			"streams":	[{
					"socket":	5,
					"start":	7.000086,
					"end":	8.000106,
					"seconds":	1.0000200271606445,
					"bytes":	70778880,
					"bits_per_second":	566219700.22710347,
					"retransmits":	0,
					"snd_cwnd":	10531304,
					"rtt":	50107,
					"rttvar":	75,
					"pmtu":	1500,
					"omitted":	false,
					"sender":	true
				}],
			"sum":	{
				"start":	7.000086,
				"end":	8.000106,
				"seconds":	1.0000200271606445,
				"bytes":	70778880,
				"bits_per_second":	566219700.22710347,
				"retransmits":	0,
				"omitted":	false,
				"sender":	true
			}
		}, {
			"streams":	[{
					"socket":	5,
					"start":	8.000106,
					"end":	9.000114,
					"seconds":	1.0000079870224,
					"bytes":	70778880,
					"bits_per_second":	566226517.536121,
					"retransmits":	0,
					"snd_cwnd":	10531304,
					"rtt":	50052,
					"rttvar":	32,
					"pmtu":	1500,
					"omitted":	false,
					"sender":	true
				}],
			"sum":	{
				"start":	8.000106,
				"end":	9.000114,
				"seconds":	1.0000079870224,
				"bytes":	70778880,
				"bits_per_second":	566226517.536121,
				"retransmits":	0,
				"omitted":	false,
				"sender":	true
			}
		}, {
			"streams":	[{
					"socket":	5,
					"start":	9.000114,
					"end":	10.000088,
					"seconds":	0.999974012374878,
					"bytes":	70778880,
					"bits_per_second":	566245755.3824178,
					"retransmits":	0,
					"snd_cwnd":	10531304,
					"rtt":	50050,
					"rttvar":	18,
					"pmtu":	1500,
					"omitted":	false,
					"sender":	true
				}],
			"sum":	{
				"start":	9.000114,
				"end":	10.000088,
				"seconds":	0.999974012374878,
				"bytes":	70778880,
				"bits_per_second":	566245755.3824178,
				"retransmits":	0,
				"omitted":	false,
				"sender":	true
			}
		}, {
			"streams":	[{
					"socket":	5,
					"start":	10.000088,
					"end":	11.000077,
					"seconds":	0.99998897314071655,
					"bytes":	70778880,
					"bits_per_second":	566237283.81884968,
					"retransmits":	0,
					"snd_cwnd":	10531304,
					"rtt":	50041,
					"rttvar":	21,
					"pmtu":	1500,
					"omitted":	false,
					"sender":	true
				}],
			"sum":	{
				"start":	10.000088,
				"end":	11.000077,
				"seconds":	0.99998897314071655,
				"bytes":	70778880,
				"bits_per_second":	566237283.81884968,
				"retransmits":	0,
				"omitted":	false,
				"sender":	true
			}
		}, {
			"streams":	[{
					"socket":	5,
					"start":	11.000077,
					"end":	12.000061,
					"seconds":	0.9999840259552002,
					"bytes":	70778880,
					"bits_per_second":	566240085.1444875,
					"retransmits":	0,
					"snd_cwnd":	10531304,
					"rtt":	50047,
					"rttvar":	16,
					"pmtu":	1500,
					"omitted":	false,
					"sender":	true
				}],
			"sum":	{
				"start":	11.000077,
				"end":	12.000061,
				"seconds":	0.9999840259552002,
				"bytes":	70778880,
				"bits_per_second":	566240085.1444875,
				"retransmits":	0,
				"omitted":	false,
				"sender":	true
			}
		}, {
			"streams":	[{
					"socket":	5,
					"start":	12.000061,
					"end":	13.000097,
					"seconds":	1.0000360012054443,
					"bytes":	69468160,
					"bits_per_second":	555725273.220268,
					"retransmits":	0,
					"snd_cwnd":	10531304,
					"rtt":	50017,
					"rttvar":	10,
					"pmtu":	1500,