{
	"start":	{
		"connected":	[{
				"socket":	5,
				"local_host":	"10.5.0.20",
				"local_port":	47040,
				"remote_host":	"10.5.0.10",
				"remote_port":	5201
			}],
		"version":	"iperf 3.9",
		"system_info":	"Linux client 6.8.0-65-generic #68~22.04.1-Ubuntu SMP PREEMPT_DYNAMIC Tue Jul 15 18:06:34 UTC 2 x86_64",
		"timestamp":	{
			"time":	"Fri, 01 Aug 2025 04:27:12 GMT",
			"timesecs":	1754022432
		},
		"connecting_to":	{
			"host":	"10.5.0.10",
			"port":	5201
		},
		"cookie":	"j5xwqkmqsiypacgxd4i3esx7eeg3jnnxmb46",
		"tcp_mss_default":	1448,
		"sock_bufsize":	65536,
		"sndbuf_actual":	131072,
		"rcvbuf_actual":	131072,
		"test_start":	{
			"protocol":	"TCP",
			"num_streams":	1,
			"blksize":	131072,
			"omit":	0,
			"duration":	20,
			"bytes":	0,
			"blocks":	0,
			"reverse":	0,
			"tos":	0
		}
	},
	"intervals":	[{
			"streams":	[{
					"socket":	5,
					"start":	0,
					"end":	1.000051,
					"seconds":	1.0000510215759277,
					"bytes":	11886984,
					"bits_per_second":	95091020.3062874,
					"retransmits":	0,
					"snd_cwnd":	98464,
					"rtt":	6281,
					"rttvar":	220,
					"pmtu":	1500,
					"omitted":	false,
					"sender":	true
				}],
			"sum":	{
				"start":	0,
				"end":	1.000051,
				"seconds":	1.0000510215759277,
				"bytes":	11886984,
				"bits_per_second":	95091020.3062874,
				"retransmits":	0,
				"omitted":	false,
				"sender":	true
			}
		}, {
			"streams":	[{
					"socket":	5,
					"start":	1.000051,
					"end":	2.000061,
					"seconds":	1.0000100135803223,
					"bytes":	11990238,
					"bits_per_second":	95920943.4879278,
					"retransmits":	0,
					"snd_cwnd":	98464,
					"rtt":	6171,
					"rttvar":	202,
					"pmtu":	1500,
					"omitted":	false,
					"sender":	true
				}],
			"sum":	{
				"start":	1.000051,
				"end":	2.000061,
				"seconds":	1.0000100135803223,
				"bytes":	11990238,
				"bits_per_second":	95920943.4879278,
				"retransmits":	0,
				"omitted":	false,
				"sender":	true
			}
		}, {
			"streams":	[{
					"socket":	5,
					"start":	2.000061,
					"end":	3.000058,
					"seconds":	0.99999701976776123,
					"bytes":	11949936,
					"bits_per_second":	95599772.909525245,
					"retransmits":	0,
					"snd_cwnd":	98464,
					"rtt":	6216,
					"rttvar":	218,
					"pmtu":	1500,
					"omitted":	false,
					"sender":	true
				}],
			"sum":	{
				"start":	2.000061,
				"end":	3.000058,
				"seconds":	0.99999701976776123,
				"bytes":	11949936,
				"bits_per_second":	95599772.909525245,
				"retransmits":	0,
				"omitted":	false,
				"sender":	true
			}
		}, {
			"streams":	[{
					"socket":	5,
					"start":	3.000058,
					"end":	4.000058,
					"seconds":	1,
					"bytes":	11916772,
					"bits_per_second":	95334176,
					"retransmits":	0,
					"snd_cwnd":	98464,
					"rtt":	6325,
					"rttvar":	279,
					"pmtu":	1500,
					"omitted":	false,
					"sender":	true
				}],
			"sum":	{
				"start":	3.000058,
				"end":	4.000058,
				"seconds":	1,
				"bytes":	11916772,
				"bits_per_second":	95334176,
				"retransmits":	0,
				"omitted":	false,
				"sender":	true
			}
		}, {
			"streams":	[{
					"socket":	5,
					"start":	4.000058,
					"end":	5.000061,
					"seconds":	1.0000029802322388,
					"bytes":	11981226,
					"bits_per_second":	95849522.346163437,
					"retransmits":	0,
					"snd_cwnd":	98464,
					"rtt":	6340,
					"rttvar":	264,
					"pmtu":	1500,
					"omitted":	false,
					"sender":	true
				}],
			"sum":	{
				"start":	4.000058,
				"end":	5.000061,
				"seconds":	1.0000029802322388,
				"bytes":	11981226,
				"bits_per_second":	95849522.346163437,
				"retransmits":	0,
				"omitted":	false,
				"sender":	true
			}
		}, {
			"streams":	[{
					"socket":	5,
					"start":	5.000061,
					"end":	6.000061,
					"seconds":	1,
					"bytes":	11934542,
					"bits_per_second":	95476336,
					"retransmits":	0,
					"snd_cwnd":	98464,
					"rtt":	6262,
					"rttvar":	230,
					"pmtu":	1500,
					"omitted":	false,
					"sender":	true
				}],
			"sum":	{
				"start":	5.000061,
				"end":	6.000061,
				"seconds":	1,
				"bytes":	11934542,
				"bits_per_second":	95476336,
				"retransmits":	0,
				"omitted":	false,
				"sender":	true
			}
		}, {
			"streams":	[{
					"socket":	5,
					"start":	6.000061,
					"end":	7.00006,
					"seconds":	0.99999898672103882,
					"bytes":	11942888,
					"bits_per_second":	95543200.811915264,
					"retransmits":	0,
					"snd_cwnd":	98464,
					"rtt":	6254,
					"rttvar":	288,
					"pmtu":	1500,
					"omitted":	false,
					"sender":	true
				}],
			"sum":	{
				"start":	6.000061,
				"end":	7.00006,
				"seconds":	0.99999898672103882,
				"bytes":	11942888,
				"bits_per_second":	95543200.811915264,
				"retransmits":	0,
				"omitted":	false,
				"sender":	true
			}
		}, {
			"streams":	[{
					"socket":	5,
					"start":	7.00006,
					"end":	8.00006,
					"seconds":	1,
					"bytes":	11990240,
					"bits_per_second":	95921920,
					"retransmits":	0,
					"snd_cwnd":	98464,
					"rtt":	6249,
					"rttvar":	287,
					"pmtu":	1500,
					"omitted":	false,
					"sender":	true
				}],
			"sum":	{
				"start":	7.00006,
				"end":	8.00006,
				"seconds":	1,
				"bytes":	11990240,
				"bits_per_second":	95921920,
				"retransmits":	0,
				"omitted":	false,
				"sender":	true
			}
		}, {
			"streams":	[{
					"socket":	5,
					"start":	8.00006,
					"end":	9.000058,
					"seconds":	0.99999797344207764,
					"bytes":	11939236,
					"bits_per_second":	95514081.5648187,
					"retransmits":	0,
					"snd_cwnd":	98464,
					"rtt":	6344,
					"rttvar":	260,
					"pmtu":	1500,
					"omitted":	false,
					"sender":	true
				}],
			"sum":	{
				"start":	8.00006,
				"end":	9.000058,
				"seconds":	0.99999797344207764,
				"bytes":	11939236,
				"bits_per_second":	95514081.5648187,
				"retransmits":	0,
				"omitted":	false,
				"sender":	true
			}
		}, {
			"streams":	[{
					"socket":	5,
					"start":	9.000058,
					"end":	10.00006,
					"seconds":	1.0000020265579224,
					"bytes":	11934356,
					"bits_per_second":	95474654.5150825,
					"retransmits":	0,
					"snd_cwnd":	98464,
					"rtt":	6371,
					"rttvar":	262,
					"pmtu":	1500,
					"omitted":	false,
					"sender":	true
				}],
			"sum":	{
				"start":	9.000058,
				"end":	10.00006,
				"seconds":	1.0000020265579224,
				"bytes":	11934356,
				"bits_per_second":	95474654.5150825,
				"retransmits":	0,
				"omitted":	false,
				"sender":	true
			}
		}, {
			"streams":	[{
					"socket":	5,
					"start":	10.00006,
					"end":	11.000063,
					"seconds":	1.0000029802322388,
					"bytes":	11962570,
					"bits_per_second":	95700274.7909558,
					"retransmits":	0,
					"snd_cwnd":	98464,
					"rtt":	6246,
					"rttvar":	218,
					"pmtu":	1500,
					"omitted":	false,
					"sender":	true
				}],
			"sum":	{
				"start":	10.00006,
				"end":	11.000063,
				"seconds":	1.0000029802322388,
				"bytes":	11962570,
				"bits_per_second":	95700274.7909558,
				"retransmits":	0,
				"omitted":	false,
				"sender":	true
			}
		}, {
			"streams":	[{
					"socket":	5,
					"start":	11.000063,
					"end":	12.000059,
					"seconds":	0.9999960064888,
					"bytes":	11939876,
					"bits_per_second":	95519389.4577516,
					"retransmits":	0,
					"snd_cwnd":	98464,
					"rtt":	6204,
					"rttvar":	198,
					"pmtu":	1500,
					"omitted":	false,
					"sender":	true
				}],
			"sum":	{
				"start":	11.000063,
				"end":	12.000059,
				"seconds":	0.9999960064888,
				"bytes":	11939876,
				"bits_per_second":	95519389.4577516,
				"retransmits":	0,
				"omitted":	false,
				"sender":	true
			}
		}, {
			"streams":	[{
					"socket":	5,
					"start":	12.000059,
					"end":	13.00006,
					"seconds":	1.0000009536743164,
					"bytes":	11940918,
					"bits_per_second":	95527252.8981124,
					"retransmits":	0,
					"snd_cwnd":	98464,
					"rtt":	6145,
					"rttvar":	283,
					"pmtu":	1500,
					"omitted":	false,
					"sender":	true
				}],
			"sum":	{
				"start":	12.000059,
				"end":	13.00006,
				"seconds":	1.0000009536743164,
				"bytes":	11940918,
				"bits_per_second":	95527252.8981124,