{
	"start":	{
		"connected":	[{
				"socket":	5,
				"local_host":	"10.5.0.20",
				"local_port":	34150,
				"remote_host":	"10.5.0.10",
				"remote_port":	5201
			}],
		"version":	"iperf 3.9",
		"system_info":	"Linux client 6.8.0-65-generic #68~22.04.1-Ubuntu SMP PREEMPT_DYNAMIC Tue Jul 15 18:06:34 UTC 2 x86_64",
		"timestamp":	{
			"time":	"Fri, 01 Aug 2025 04:41:24 GMT",
			"timesecs":	1754023284
		},
		"connecting_to":	{
			"host":	"10.5.0.10",
			"port":	5201
		},
		"cookie":	"3frshbrmrvf3t23xhx5xrgqht57hpmre5lll",
		"tcp_mss_default":	1448,
		"sock_bufsize":	0,
		"sndbuf_actual":	16384,
		"rcvbuf_actual":	131072,
		"test_start":	{
			"protocol":	"TCP",
			"num_streams":	1,
			"blksize":	131072,
			"omit":	0,
			"duration":	10,
			"bytes":	0,
			"blocks":	0,
			"reverse":	0,
			"tos":	0
		}
	},
	"intervals":	[{
			"streams":	[{
					"socket":	5,
					"start":	0,
					"end":	1.000121,
					"seconds":	1.000120997428894,
					"bytes":	5666242560,
					"bits_per_second":	45324456337.317162,
					"retransmits":	0,
					"snd_cwnd":	431504,
					"rtt":	18,
					"rttvar":	2,
					"pmtu":	1500,
					"omitted":	false,
					"sender":	true
				}],
			"sum":	{
				"start":	0,
				"end":	1.000121,
				"seconds":	1.000120997428894,
				"bytes":	5666242560,
				"bits_per_second":	45324456337.317162,
				"retransmits":	0,
				"omitted":	false,
				"sender":	true
			}
		}, {
			"streams":	[{
					"socket":	5,
					"start":	1.000121,
					"end":	2.000049,
					"seconds":	0.99992799758911133,
					"bytes":	6029312000,
					"bits_per_second":	48237969250.082382,
					"retransmits":	0,
					"snd_cwnd":	463360,
					"rtt":	17,
					"rttvar":	8,
					"pmtu":	1500,
					"omitted":	false,
					"sender":	true
				}],
			"sum":	{
				"start":	1.000121,
				"end":	2.000049,
				"seconds":	0.99992799758911133,
				"bytes":	6029312000,
				"bits_per_second":	48237969250.082382,
				"retransmits":	0,
				"omitted":	false,
				"sender":	true
			}
		}, {
			"streams":	[{
					"socket":	5,
					"start":	2.000049,
					"end":	3.000241,
					"seconds":	1.0001920461654663,
					"bytes":	5933629440,
					"bits_per_second":	47459921024.153976,
					"retransmits":	0,
					"snd_cwnd":	373584,
					"rtt":	20,
					"rttvar":	2,
					"pmtu":	1500,
					"omitted":	false,
					"sender":	true
				}],
			"sum":	{
				"start":	2.000049,
				"end":	3.000241,
				"seconds":	1.0001920461654663,
				"bytes":	5933629440,
				"bits_per_second":	47459921024.153976,
				"retransmits":	0,
				"omitted":	false,
				"sender":	true
			}
		}, {
			"streams":	[{
					"socket":	5,
					"start":	3.000241,
					"end":	4.000062,
					"seconds":	0.9998210072517395,
					"bytes":	6067322880,
					"bits_per_second":	48547272649.752129,
					"retransmits":	0,
					"snd_cwnd":	402544,
					"rtt":	19,
					"rttvar":	3,
					"pmtu":	1500,
					"omitted":	false,
					"sender":	true
				}],
			"sum":	{
				"start":	3.000241,
				"end":	4.000062,
				"seconds":	0.9998210072517395,
				"bytes":	6067322880,
				"bits_per_second":	48547272649.752129,
				"retransmits":	0,
				"omitted":	false,
				"sender":	true
			}
		}, {
			"streams":	[{
					"socket":	5,
					"start":	4.000062,
					"end":	5.000145,
					"seconds":	1.0000829696655273,
					"bytes":	5999165440,
					"bits_per_second":	47989341860.356972,
					"retransmits":	0,
					"snd_cwnd":	405440,
					"rtt":	19,
					"rttvar":	2,
					"pmtu":	1500,
					"omitted":	false,
					"sender":	true
				}],
			"sum":	{
				"start":	4.000062,
				"end":	5.000145,
				"seconds":	1.0000829696655273,
				"bytes":	5999165440,
				"bits_per_second":	47989341860.356972,
				"retransmits":	0,
				"omitted":	false,
				"sender":	true
			}
		}, {
			"streams":	[{
					"socket":	5,
					"start":	5.000145,
					"end":	6.000078,
					"seconds":	0.99993300437927246,
					"bytes":	6113198080,
					"bits_per_second":	48908861319.523178,
					"retransmits":	0,
					"snd_cwnd":	414128,
					"rtt":	13,
					"rttvar":	3,
					"pmtu":	1500,
					"omitted":	false,
					"sender":	true
				}],
			"sum":	{
				"start":	5.000145,
				"end":	6.000078,
				"seconds":	0.99993300437927246,
				"bytes":	6113198080,
				"bits_per_second":	48908861319.523178,
				"retransmits":	0,
				"omitted":	false,
				"sender":	true
			}
		}, {
			"streams":	[{
					"socket":	5,
					"start":	6.000078,
					"end":	7.00007,
					"seconds":	0.9999920129776,
					"bytes":	5814353920,
					"bits_per_second":	46515202877.967323,
					"retransmits":	0,
					"snd_cwnd":	428608,
					"rtt":	22,
					"rttvar":	6,
					"pmtu":	1500,
					"omitted":	false,
					"sender":	true
				}],
			"sum":	{
				"start":	6.000078,
				"end":	7.00007,
				"seconds":	0.9999920129776,
				"bytes":	5814353920,
				"bits_per_second":	46515202877.967323,
				"retransmits":	0,
				"omitted":	false,
				"sender":	true
			}
		}, {
			"streams":	[{
					"socket":	5,
					"start":	7.00007,
					"end":	8.000066,
					"seconds":	0.9999960064888,
					"bytes":	5864161280,
					"bits_per_second":	46913477589.498184,
					"retransmits":	0,
					"snd_cwnd":	364896,
					"rtt":	22,
					"rttvar":	1,
					"pmtu":	1500,
					"omitted":	false,
					"sender":	true
				}],
			"sum":	{
				"start":	7.00007,
				"end":	8.000066,
				"seconds":	0.9999960064888,
				"bytes":	5864161280,
				"bits_per_second":	46913477589.498184,
				"retransmits":	0,
				"omitted":	false,
				"sender":	true
			}
		}, {
			"streams":	[{
					"socket":	5,
					"start":	8.000066,
					"end":	9.000063,
					"seconds":	0.99999701976776123,
					"bytes":	6062080000,
					"bits_per_second":	48496784531.68074,
					"retransmits":	0,
					"snd_cwnd":	379376,
					"rtt":	23,
					"rttvar":	5,
					"pmtu":	1500,
					"omitted":	false,
					"sender":	true
				}],
			"sum":	{
				"start":	8.000066,
				"end":	9.000063,
				"seconds":	0.99999701976776123,
				"bytes":	6062080000,
				"bits_per_second":	48496784531.68074,
				"retransmits":	0,
				"omitted":	false,
				"sender":	true
			}
		}, {
			"streams":	[{
					"socket":	5,
					"start":	9.000063,
					"end":	10.000126,
					"seconds":	1.0000629425048828,
					"bytes":	6021447680,
					"bits_per_second":	48168549590.832184,
					"retransmits":	45,
					"snd_cwnd":	408336,
					"rtt":	14,
					"rttvar":	2,
					"pmtu":	1500,
					"omitted":	false,
					"sender":	true
				}],
			"sum":	{
				"start":	9.000063,
				"end":	10.000126,
				"seconds":	1.0000629425048828,
				"bytes":	6021447680,
				"bits_per_second":	48168549590.832184,
				"retransmits":	45,
				"omitted":	false,
				"sender":	true
			}
		}],
	"end":	{
		"streams":	[{
				"sender":	{
					"socket":	5,
					"start":	0,
					"end":	10.000126,
					"seconds":	10.000126,
					"bytes":	59570913280,
					"bits_per_second":	47656130156.760025,
					"retransmits":	45,
					"max_snd_cwnd":	463360,
					"max_rtt":	23,
					"min_rtt":	13,
					"mean_rtt":	18,
					"sender":	true
				},
				"receiver":	{
					"socket":	5,
					"start":	0,
					"end":	10.038661,
					"seconds":	10.000126,
					"bytes":	59570913280,
					"bits_per_second":	47473194506.717583,
					"sender":	true
				}
			}],
		"sum_sent":	{
			"start":	0,
			"end":	10.000126,
			"seconds":	10.000126,
			"bytes":	59570913280,
			"bits_per_second":	47656130156.760025,
			"retransmits":	45,
			"sender":	true
		},
		"sum_received":	{
			"start":	0,
			"end":	10.038661,
			"seconds":	10.038661,
			"bytes":	59570913280,
			"bits_per_second":	47473194506.717583,
			"sender":	true
		},
		"cpu_utilization_percent":	{
			"host_total":	99.327625172904177,
			"host_user":	1.2595795311606406,
			"host_system":	98.068005967760527,
			"remote_total":	76.5978829934274,
			"remote_user":	3.2732604413284161,
			"remote_system":	73.3245864851006
		},
		"sender_tcp_congestion":	"bbr",
		"receiver_tcp_congestion":	"cubic"
	}
}
