{
	"start":	{
		"connected":	[{
				"socket":	5,
				"local_host":	"10.5.0.20",
				"local_port":	52368,
				"remote_host":	"10.5.0.10",
				"remote_port":	5201
			}],
		"version":	"iperf 3.9",
		"system_info":	"Linux client 6.8.0-65-generic #68~22.04.1-Ubuntu SMP PREEMPT_DYNAMIC Tue Jul 15 18:06:34 UTC 2 x86_64",
		"timestamp":	{
			"time":	"Fri, 01 Aug 2025 04:43:35 GMT",
			"timesecs":	1754023415
		},
		"connecting_to":	{
			"host":	"10.5.0.10",
			"port":	5201
		},
		"cookie":	"liltssqask7dbsjpesdy7hpppougfoan6keb",
		"tcp_mss_default":	1448,
		"sock_bufsize":	0,
		"sndbuf_actual":	16384,
		"rcvbuf_actual":	131072,
		"test_start":	{
			"protocol":	"TCP",
			"num_streams":	1,
			"blksize":	131072,
			"omit":	0,
			"duration":	10,
			"bytes":	0,
			"blocks":	0,
			"reverse":	0,
			"tos":	0
		}
	},
	"intervals":	[{
			"streams":	[{
					"socket":	5,
					"start":	0,
					"end":	1.000096,
					"seconds":	1.0000959634780884,
					"bytes":	5794277792,
					"bits_per_second":	46349774450.435127,
					"retransmits":	0,
					"snd_cwnd":	3980552,
					"rtt":	37,
					"rttvar":	17,
					"pmtu":	1500,
					"omitted":	false,
					"sender":	true
				}],
			"sum":	{
				"start":	0,
				"end":	1.000096,
				"seconds":	1.0000959634780884,
				"bytes":	5794277792,
				"bits_per_second":	46349774450.435127,
				"retransmits":	0,
				"omitted":	false,
				"sender":	true
			}
		}, {
			"streams":	[{
					"socket":	5,
					"start":	1.000096,
					"end":	2.000017,
					"seconds":	0.99992102384567261,
					"bytes":	6054215680,
					"bits_per_second":	48437550851.491287,
					"retransmits":	0,
					"snd_cwnd":	3980552,
					"rtt":	22,
					"rttvar":	2,
					"pmtu":	1500,
					"omitted":	false,
					"sender":	true
				}],
			"sum":	{
				"start":	1.000096,
				"end":	2.000017,
				"seconds":	0.99992102384567261,
				"bytes":	6054215680,
				"bits_per_second":	48437550851.491287,
				"retransmits":	0,
				"omitted":	false,
				"sender":	true
			}
		}, {
			"streams":	[{
					"socket":	5,
					"start":	2.000017,
					"end":	3.000188,
					"seconds":	1.0001709461212158,
					"bytes":	6218055680,
					"bits_per_second":	49735943273.4124,
					"retransmits":	0,
					"snd_cwnd":	3980552,
					"rtt":	22,
					"rttvar":	3,
					"pmtu":	1500,
					"omitted":	false,
					"sender":	true
				}],
			"sum":	{
				"start":	2.000017,
				"end":	3.000188,
				"seconds":	1.0001709461212158,
				"bytes":	6218055680,
				"bits_per_second":	49735943273.4124,
				"retransmits":	0,
				"omitted":	false,
				"sender":	true
			}
		}, {
			"streams":	[{
					"socket":	5,
					"start":	3.000188,
					"end":	4.000046,
					"seconds":	0.999858021736145,
					"bytes":	6197084160,
					"bits_per_second":	49583713089.499931,
					"retransmits":	0,
					"snd_cwnd":	3980552,
					"rtt":	21,
					"rttvar":	1,
					"pmtu":	1500,
					"omitted":	false,
					"sender":	true
				}],
			"sum":	{
				"start":	3.000188,
				"end":	4.000046,
				"seconds":	0.999858021736145,
				"bytes":	6197084160,
				"bits_per_second":	49583713089.499931,
				"retransmits":	0,
				"omitted":	false,
				"sender":	true
			}
		}, {
			"streams":	[{
					"socket":	5,
					"start":	4.000046,
					"end":	5.000115,
					"seconds":	1.00006902217865,
					"bytes":	6242959360,
					"bits_per_second":	49940227896.6683,
					"retransmits":	0,
					"snd_cwnd":	3980552,
					"rtt":	20,
					"rttvar":	1,
					"pmtu":	1500,
					"omitted":	false,
					"sender":	true
				}],
			"sum":	{
				"start":	4.000046,
				"end":	5.000115,
				"seconds":	1.00006902217865,
				"bytes":	6242959360,
				"bits_per_second":	49940227896.6683,
				"retransmits":	0,
				"omitted":	false,
				"sender":	true
			}
		}, {
			"streams":	[{
					"socket":	5,
					"start":	5.000115,
					"end":	6.000112,
					"seconds":	0.99999701976776123,
					"bytes":	6204948480,
					"bits_per_second":	49639735777.940887,
					"retransmits":	0,
					"snd_cwnd":	3980552,
					"rtt":	19,
					"rttvar":	1,
					"pmtu":	1500,
					"omitted":	false,
					"sender":	true
				}],
			"sum":	{
				"start":	5.000115,
				"end":	6.000112,
				"seconds":	0.99999701976776123,
				"bytes":	6204948480,
				"bits_per_second":	49639735777.940887,
				"retransmits":	0,
				"omitted":	false,
				"sender":	true
			}
		}, {
			"streams":	[{
					"socket":	5,
					"start":	6.000112,
					"end":	7.000063,
					"seconds":	0.99995100498199463,
					"bytes":	6021447680,
					"bits_per_second":	48173941723.142113,
					"retransmits":	0,
					"snd_cwnd":	3980552,
					"rtt":	23,
					"rttvar":	6,
					"pmtu":	1500,
					"omitted":	false,
					"sender":	true
				}],
			"sum":	{
				"start":	6.000112,
				"end":	7.000063,
				"seconds":	0.99995100498199463,
				"bytes":	6021447680,
				"bits_per_second":	48173941723.142113,
				"retransmits":	0,
				"omitted":	false,
				"sender":	true
			}
		}, {
			"streams":	[{
					"socket":	5,
					"start":	7.000063,
					"end":	8.000043,
					"seconds":	0.99997997283935547,
					"bytes":	6176112640,
					"bits_per_second":	49409890659.817673,
					"retransmits":	0,
					"snd_cwnd":	3980552,
					"rtt":	24,
					"rttvar":	8,
					"pmtu":	1500,
					"omitted":	false,
					"sender":	true
				}],
			"sum":	{
				"start":	7.000063,
				"end":	8.000043,
				"seconds":	0.99997997283935547,
				"bytes":	6176112640,
				"bits_per_second":	49409890659.817673,
				"retransmits":	0,
				"omitted":	false,
				"sender":	true
			}
		}, {
			"streams":	[{
					"socket":	5,
					"start":	8.000043,
					"end":	9.000189,
					"seconds":	1.0001460313797,
					"bytes":	6097469440,
					"bits_per_second":	48772633185.0844,
					"retransmits":	0,
					"snd_cwnd":	3980552,
					"rtt":	22,
					"rttvar":	2,
					"pmtu":	1500,
					"omitted":	false,
					"sender":	true
				}],
			"sum":	{
				"start":	8.000043,
				"end":	9.000189,
				"seconds":	1.0001460313797,
				"bytes":	6097469440,
				"bits_per_second":	48772633185.0844,
				"retransmits":	0,
				"omitted":	false,
				"sender":	true
			}
		}, {
			"streams":	[{
					"socket":	5,
					"start":	9.000189,
					"end":	10.000051,
					"seconds":	0.999862015247345,
					"bytes":	6094848000,
					"bits_per_second":	48765512897.235222,
					"retransmits":	0,
					"snd_cwnd":	3980552,
					"rtt":	20,
					"rttvar":	1,
					"pmtu":	1500,
					"omitted":	false,
					"sender":	true
				}],
			"sum":	{
				"start":	9.000189,
				"end":	10.000051,
				"seconds":	0.999862015247345,
				"bytes":	6094848000,
				"bits_per_second":	48765512897.235222,
				"retransmits":	0,
				"omitted":	false,
				"sender":	true
			}
		}],
	"end":	{
		"streams":	[{
				"sender":	{
					"socket":	5,
					"start":	0,
					"end":	10.000051,
					"seconds":	10.000051,
					"bytes":	61101418912,
					"bits_per_second":	48880885837.082237,
					"retransmits":	0,
					"max_snd_cwnd":	3980552,
					"max_rtt":	37,
					"min_rtt":	19,
					"mean_rtt":	23,
					"sender":	true
				},
				"receiver":	{
					"socket":	5,
					"start":	0,
					"end":	20.048523,
					"seconds":	10.000051,
					"bytes":	61101418912,
					"bits_per_second":	24381414595.778454,
					"sender":	true
				}
			}],
		"sum_sent":	{
			"start":	0,
			"end":	10.000051,
			"seconds":	10.000051,
			"bytes":	61101418912,
			"bits_per_second":	48880885837.082237,
			"retransmits":	0,
			"sender":	true
		},
		"sum_received":	{
			"start":	0,
			"end":	20.048523,
			"seconds":	20.048523,
			"bytes":	61101418912,
			"bits_per_second":	24381414595.778454,
			"sender":	true
		},
		"cpu_utilization_percent":	{
			"host_total":	99.2168866570179,
			"host_user":	1.1586454973090614,
			"host_system":	98.0582114020168,
			"remote_total":	40.589262751380417,
			"remote_user":	1.7787473546316137,
			"remote_system":	38.81051087156073
		},
		"sender_tcp_congestion":	"cubic",
		"receiver_tcp_congestion":	"cubic"
	}
}
