{
	"start":	{
		"connected":	[{
				"socket":	5,
				"local_host":	"10.5.0.20",
				"local_port":	55052,
				"remote_host":	"10.5.0.10",
				"remote_port":	5201
			}],
		"version":	"iperf 3.9",
		"system_info":	"Linux client 6.8.0-65-generic #68~22.04.1-Ubuntu SMP PREEMPT_DYNAMIC Tue Jul 15 18:06:34 UTC 2 x86_64",
		"timestamp":	{
			"time":	"Fri, 01 Aug 2025 04:45:10 GMT",
			"timesecs":	1754023510
		},
		"connecting_to":	{
			"host":	"10.5.0.10",
			"port":	5201
		},
		"cookie":	"j6llxgd6vfcefop2l7u2k7r4bsg6hduiv57r",
		"tcp_mss_default":	1448,
		"sock_bufsize":	0,
		"sndbuf_actual":	16384,
		"rcvbuf_actual":	131072,
		"test_start":	{
			"protocol":	"TCP",
			"num_streams":	1,
			"blksize":	131072,
			"omit":	0,
			"duration":	10,
			"bytes":	0,
			"blocks":	0,
			"reverse":	0,
			"tos":	0
		}
	},
	"intervals":	[{
			"streams":	[{
					"socket":	5,
					"start":	0,
					"end":	1.00009,
					"seconds":	1.0000900030136108,
					"bytes":	5984747520,
					"bits_per_second":	47873671385.302711,
					"retransmits":	0,
					"snd_cwnd":	2526760,
					"rtt":	23,
					"rttvar":	3,
					"pmtu":	1500,
					"omitted":	false,
					"sender":	true
				}],
			"sum":	{
				"start":	0,
				"end":	1.00009,
				"seconds":	1.0000900030136108,
				"bytes":	5984747520,
				"bits_per_second":	47873671385.302711,
				"retransmits":	0,
				"omitted":	false,
				"sender":	true
			}
		}, {
			"streams":	[{
					"socket":	5,
					"start":	1.00009,
					"end":	2.000123,
					"seconds":	1.0000330209732056,
					"bytes":	6166543184,
					"bits_per_second":	49330716523.731461,
					"retransmits":	0,
					"snd_cwnd":	4885552,
					"rtt":	21,
					"rttvar":	1,
					"pmtu":	1500,
					"omitted":	false,
					"sender":	true
				}],
			"sum":	{
				"start":	1.00009,
				"end":	2.000123,
				"seconds":	1.0000330209732056,
				"bytes":	6166543184,
				"bits_per_second":	49330716523.731461,
				"retransmits":	0,
				"omitted":	false,
				"sender":	true
			}
		}, {
			"streams":	[{
					"socket":	5,
					"start":	2.000123,
					"end":	3.000069,
					"seconds":	0.9999459981918335,
					"bytes":	6102712320,
					"bits_per_second":	48824335162.3813,
					"retransmits":	0,
					"snd_cwnd":	4885552,
					"rtt":	21,
					"rttvar":	1,
					"pmtu":	1500,
					"omitted":	false,
					"sender":	true
				}],
			"sum":	{
				"start":	2.000123,
				"end":	3.000069,
				"seconds":	0.9999459981918335,
				"bytes":	6102712320,
				"bits_per_second":	48824335162.3813,
				"retransmits":	0,
				"omitted":	false,
				"sender":	true
			}
		}, {
			"streams":	[{
					"socket":	5,
					"start":	3.000069,
					"end":	4.000181,
					"seconds":	1.0001120567321777,
					"bytes":	6160384000,
					"bits_per_second":	49277550118.763969,
					"retransmits":	0,
					"snd_cwnd":	4885552,
					"rtt":	22,
					"rttvar":	5,
					"pmtu":	1500,
					"omitted":	false,
					"sender":	true
				}],
			"sum":	{
				"start":	3.000069,
				"end":	4.000181,
				"seconds":	1.0001120567321777,
				"bytes":	6160384000,
				"bits_per_second":	49277550118.763969,
				"retransmits":	0,
				"omitted":	false,
				"sender":	true
			}
		}, {
			"streams":	[{
					"socket":	5,
					"start":	4.000181,
					"end":	5.000118,
					"seconds":	0.99993699789047241,
					"bytes":	6014894080,
					"bits_per_second":	48122184439.134743,
					"retransmits":	0,
					"snd_cwnd":	4885552,
					"rtt":	30,
					"rttvar":	11,
					"pmtu":	1500,
					"omitted":	false,
					"sender":	true
				}],
			"sum":	{
				"start":	4.000181,
				"end":	5.000118,
				"seconds":	0.99993699789047241,
				"bytes":	6014894080,
				"bits_per_second":	48122184439.134743,
				"retransmits":	0,
				"omitted":	false,
				"sender":	true
			}
		}, {
			"streams":	[{
					"socket":	5,
					"start":	5.000118,
					"end":	6.000123,
					"seconds":	1.0000050067901611,
					"bytes":	6114508800,
					"bits_per_second":	48915825488.726219,
					"retransmits":	0,
					"snd_cwnd":	4885552,
					"rtt":	23,
					"rttvar":	1,
					"pmtu":	1500,
					"omitted":	false,
					"sender":	true
				}],
			"sum":	{
				"start":	5.000118,
				"end":	6.000123,
				"seconds":	1.0000050067901611,
				"bytes":	6114508800,
				"bits_per_second":	48915825488.726219,
				"retransmits":	0,
				"omitted":	false,
				"sender":	true
			}
		}, {
			"streams":	[{
					"socket":	5,
					"start":	6.000123,
					"end":	7.000063,
					"seconds":	0.99993997812271118,
					"bytes":	5954600960,
					"bits_per_second":	47639667102.2529,
					"retransmits":	0,
					"snd_cwnd":	4885552,
					"rtt":	24,
					"rttvar":	10,
					"pmtu":	1500,
					"omitted":	false,
					"sender":	true
				}],
			"sum":	{
				"start":	6.000123,
				"end":	7.000063,
				"seconds":	0.99993997812271118,
				"bytes":	5954600960,
				"bits_per_second":	47639667102.2529,
				"retransmits":	0,
				"omitted":	false,
				"sender":	true
			}
		}, {
			"streams":	[{
					"socket":	5,
					"start":	7.000063,
					"end":	8.000107,
					"seconds":	1.0000439882278442,
					"bytes":	6041108480,
					"bits_per_second":	48326742032.260513,
					"retransmits":	0,
					"snd_cwnd":	4885552,
					"rtt":	23,
					"rttvar":	6,
					"pmtu":	1500,
					"omitted":	false,
					"sender":	true
				}],
			"sum":	{
				"start":	7.000063,
				"end":	8.000107,
				"seconds":	1.0000439882278442,
				"bytes":	6041108480,
				"bits_per_second":	48326742032.260513,
				"retransmits":	0,
				"omitted":	false,
				"sender":	true
			}
		}, {
			"streams":	[{
					"socket":	5,
					"start":	8.000107,
					"end":	9.000148,
					"seconds":	1.0000410079956055,
					"bytes":	6241648640,
					"bits_per_second":	49931141543.966988,
					"retransmits":	0,
					"snd_cwnd":	4885552,
					"rtt":	32,
					"rttvar":	14,
					"pmtu":	1500,
					"omitted":	false,
					"sender":	true
				}],
			"sum":	{
				"start":	8.000107,
				"end":	9.000148,
				"seconds":	1.0000410079956055,
				"bytes":	6241648640,
				"bits_per_second":	49931141543.966988,
				"retransmits":	0,
				"omitted":	false,
				"sender":	true
			}
		}, {
			"streams":	[{
					"socket":	5,
					"start":	9.000148,
					"end":	10.000041,
					"seconds":	0.99989300966262817,
					"bytes":	6214123520,
					"bits_per_second":	49718307538.4971,
					"retransmits":	0,
					"snd_cwnd":	7441272,
					"rtt":	27,
					"rttvar":	16,
					"pmtu":	1500,
					"omitted":	false,
					"sender":	true
				}],
			"sum":	{
				"start":	9.000148,
				"end":	10.000041,
				"seconds":	0.99989300966262817,
				"bytes":	6214123520,
				"bits_per_second":	49718307538.4971,
				"retransmits":	0,
				"omitted":	false,
				"sender":	true
			}
		}],
	"end":	{
		"streams":	[{
				"sender":	{
					"socket":	5,
					"start":	0,
					"end":	10.000041,
					"seconds":	10.000041,
					"bytes":	60995271504,
					"bits_per_second":	48796017139.529732,
					"retransmits":	0,
					"max_snd_cwnd":	7441272,
					"max_rtt":	32,
					"min_rtt":	21,
					"mean_rtt":	24,
					"sender":	true
				},
				"receiver":	{
					"socket":	5,
					"start":	0,
					"end":	20.047646,
					"seconds":	10.000041,
					"bytes":	60995271504,
					"bits_per_second":	24340123126.276272,
					"sender":	true
				}
			}],
		"sum_sent":	{
			"start":	0,
			"end":	10.000041,
			"seconds":	10.000041,
			"bytes":	60995271504,
			"bits_per_second":	48796017139.529732,
			"retransmits":	0,
			"sender":	true
		},
		"sum_received":	{
			"start":	0,
			"end":	20.047646,
			"seconds":	20.047646,
			"bytes":	60995271504,
			"bits_per_second":	24340123126.276272,
			"sender":	true
		},
		"cpu_utilization_percent":	{
			"host_total":	99.568103666228964,
			"host_user":	1.1956398942318174,
			"host_system":	98.3724439347597,
			"remote_total":	40.558184253151268,
			"remote_user":	1.796418456081295,
			"remote_system":	38.761765797069977
		},
		"sender_tcp_congestion":	"reno",
		"receiver_tcp_congestion":	"cubic"
	}
}
