{
	"start":	{
		"connected":	[{
				"socket":	5,
				"local_host":	"10.5.0.20",
				"local_port":	58958,
				"remote_host":	"10.5.0.10",
				"remote_port":	5201
			}],
		"version":	"iperf 3.9",
		"system_info":	"Linux client 6.8.0-65-generic #68~22.04.1-Ubuntu SMP PREEMPT_DYNAMIC Tue Jul 15 18:06:34 UTC 2 x86_64",
		"timestamp":	{
			"time":	"Fri, 01 Aug 2025 04:46:17 GMT",
			"timesecs":	1754023577
		},
		"connecting_to":	{
			"host":	"10.5.0.10",
			"port":	5201
		},
		"cookie":	"e7ogw6vo73c76r6czvlc7j3glcnt7rqkef73",
		"tcp_mss_default":	1448,
		"sock_bufsize":	0,
		"sndbuf_actual":	16384,
		"rcvbuf_actual":	131072,
		"test_start":	{
			"protocol":	"TCP",
			"num_streams":	1,
			"blksize":	131072,
			"omit":	0,
			"duration":	10,
			"bytes":	0,
			"blocks":	0,
			"reverse":	0,
			"tos":	0
		}
	},
	"intervals":	[{
			"streams":	[{
					"socket":	5,
					"start":	0,
					"end":	1.00004,
					"seconds":	1.0000400543212891,
					"bytes":	5926746584,
					"bits_per_second":	47412073613.5705,
					"retransmits":	0,
					"snd_cwnd":	3285512,
					"rtt":	12,
					"rttvar":	6,
					"pmtu":	1500,
					"omitted":	false,
					"sender":	true
				}],
			"sum":	{
				"start":	0,
				"end":	1.00004,
				"seconds":	1.0000400543212891,
				"bytes":	5926746584,
				"bits_per_second":	47412073613.5705,
				"retransmits":	0,
				"omitted":	false,
				"sender":	true
			}
		}, {
			"streams":	[{
					"socket":	5,
					"start":	1.00004,
					"end":	2.000178,
					"seconds":	1.0001380443573,
					"bytes":	5882511360,
					"bits_per_second":	47053595396.664825,
					"retransmits":	0,
					"snd_cwnd":	3285512,
					"rtt":	13,
					"rttvar":	6,
					"pmtu":	1500,
					"omitted":	false,
					"sender":	true
				}],
			"sum":	{
				"start":	1.00004,
				"end":	2.000178,
				"seconds":	1.0001380443573,
				"bytes":	5882511360,
				"bits_per_second":	47053595396.664825,
				"retransmits":	0,
				"omitted":	false,
				"sender":	true
			}
		}, {
			"streams":	[{
					"socket":	5,
					"start":	2.000178,
					"end":	3.000124,
					"seconds":	0.9999459981918335,
					"bytes":	5919211520,
					"bits_per_second":	47356249483.100075,
					"retransmits":	0,
					"snd_cwnd":	3285512,
					"rtt":	13,
					"rttvar":	7,
					"pmtu":	1500,
					"omitted":	false,
					"sender":	true
				}],
			"sum":	{
				"start":	2.000178,
				"end":	3.000124,
				"seconds":	0.9999459981918335,
				"bytes":	5919211520,
				"bits_per_second":	47356249483.100075,
				"retransmits":	0,
				"omitted":	false,
				"sender":	true
			}
		}, {
			"streams":	[{
					"socket":	5,
					"start":	3.000124,
					"end":	4.000167,
					"seconds":	1.0000430345535278,
					"bytes":	5996544000,
					"bits_per_second":	47970287620.089668,
					"retransmits":	0,
					"snd_cwnd":	3285512,
					"rtt":	12,
					"rttvar":	6,
					"pmtu":	1500,
					"omitted":	false,
					"sender":	true
				}],
			"sum":	{
				"start":	3.000124,
				"end":	4.000167,
				"seconds":	1.0000430345535278,
				"bytes":	5996544000,
				"bits_per_second":	47970287620.089668,
				"retransmits":	0,
				"omitted":	false,
				"sender":	true
			}
		}, {
			"streams":	[{
					"socket":	5,
					"start":	4.000167,
					"end":	5.000235,
					"seconds":	1.0000679492950439,
					"bytes":	5819596800,
					"bits_per_second":	46553611114.943,
					"retransmits":	0,
					"snd_cwnd":	8396952,
					"rtt":	21,
					"rttvar":	8,
					"pmtu":	1500,
					"omitted":	false,
					"sender":	true
				}],
			"sum":	{
				"start":	4.000167,
				"end":	5.000235,
				"seconds":	1.0000679492950439,
				"bytes":	5819596800,
				"bits_per_second":	46553611114.943,
				"retransmits":	0,
				"omitted":	false,
				"sender":	true
			}
		}, {
			"streams":	[{
					"socket":	5,
					"start":	5.000235,
					"end":	6.000111,
					"seconds":	0.99987602233886719,
					"bytes":	6047662080,
					"bits_per_second":	48387295583.735016,
					"retransmits":	0,
					"snd_cwnd":	8396952,
					"rtt":	13,
					"rttvar":	6,
					"pmtu":	1500,
					"omitted":	false,
					"sender":	true
				}],
			"sum":	{
				"start":	5.000235,
				"end":	6.000111,
				"seconds":	0.99987602233886719,
				"bytes":	6047662080,
				"bits_per_second":	48387295583.735016,
				"retransmits":	0,
				"omitted":	false,
				"sender":	true
			}
		}, {
			"streams":	[{
					"socket":	5,
					"start":	6.000111,
					"end":	7.000096,
					"seconds":	0.9999849796295166,
					"bytes":	6024069120,
					"bits_per_second":	48193276840.872955,
					"retransmits":	0,
					"snd_cwnd":	8396952,
					"rtt":	15,
					"rttvar":	6,
					"pmtu":	1500,
					"omitted":	false,
					"sender":	true
				}],
			"sum":	{
				"start":	6.000111,
				"end":	7.000096,
				"seconds":	0.9999849796295166,
				"bytes":	6024069120,
				"bits_per_second":	48193276840.872955,
				"retransmits":	0,
				"omitted":	false,
				"sender":	true
			}
		}, {
			"streams":	[{
					"socket":	5,
					"start":	7.000096,
					"end":	8.000183,
					"seconds":	1.0000870227813721,
					"bytes":	6064701440,
					"bits_per_second":	48513389749.890175,
					"retransmits":	0,
					"snd_cwnd":	8396952,
					"rtt":	13,
					"rttvar":	5,
					"pmtu":	1500,
					"omitted":	false,
					"sender":	true
				}],
			"sum":	{
				"start":	7.000096,
				"end":	8.000183,
				"seconds":	1.0000870227813721,
				"bytes":	6064701440,
				"bits_per_second":	48513389749.890175,
				"retransmits":	0,
				"omitted":	false,
				"sender":	true
			}
		}, {
			"streams":	[{
					"socket":	5,
					"start":	8.000183,
					"end":	9.000079,
					"seconds":	0.999895989894867,
					"bytes":	5688524800,
					"bits_per_second":	45512932204.863541,
					"retransmits":	0,
					"snd_cwnd":	8396952,
					"rtt":	20,
					"rttvar":	8,
					"pmtu":	1500,
					"omitted":	false,
					"sender":	true
				}],
			"sum":	{
				"start":	8.000183,
				"end":	9.000079,
				"seconds":	0.999895989894867,
				"bytes":	5688524800,
				"bits_per_second":	45512932204.863541,
				"retransmits":	0,
				"omitted":	false,
				"sender":	true
			}
		}, {
			"streams":	[{
					"socket":	5,
					"start":	9.000079,
					"end":	10.000114,
					"seconds":	1.0000350475311279,
					"bytes":	5436866560,
					"bits_per_second":	43493408143.424232,
					"retransmits":	0,
					"snd_cwnd":	8396952,
					"rtt":	12,
					"rttvar":	6,
					"pmtu":	1500,
					"omitted":	false,
					"sender":	true
				}],
			"sum":	{
				"start":	9.000079,
				"end":	10.000114,
				"seconds":	1.0000350475311279,
				"bytes":	5436866560,
				"bits_per_second":	43493408143.424232,
				"retransmits":	0,
				"omitted":	false,
				"sender":	true
			}
		}],
	"end":	{
		"streams":	[{
				"sender":	{
					"socket":	5,
					"start":	0,
					"end":	10.000114,
					"seconds":	10.000114,
					"bytes":	58806434264,
					"bits_per_second":	47044611102.63343,
					"retransmits":	0,
					"max_snd_cwnd":	8396952,
					"max_rtt":	21,
					"min_rtt":	12,
					"mean_rtt":	14,
					"sender":	true
				},
				"receiver":	{
					"socket":	5,
					"start":	0,
					"end":	20.048216,
					"seconds":	10.000114,
					"bytes":	58806434264,
					"bits_per_second":	23466001868.295914,
					"sender":	true
				}
			}],
		"sum_sent":	{
			"start":	0,
			"end":	10.000114,
			"seconds":	10.000114,
			"bytes":	58806434264,
			"bits_per_second":	47044611102.63343,
			"retransmits":	0,
			"sender":	true
		},
		"sum_received":	{
			"start":	0,
			"end":	20.048216,
			"seconds":	20.048216,
			"bytes":	58806434264,
			"bits_per_second":	23466001868.295914,
			"sender":	true
		},
		"cpu_utilization_percent":	{
			"host_total":	99.422503565028535,
			"host_user":	1.1488730324152023,
			"host_system":	98.273630532613339,
			"remote_total":	38.999416269891753,
			"remote_user":	1.622714491173475,
			"remote_system":	37.376692727937467
		},
		"sender_tcp_congestion":	"reno",
		"receiver_tcp_congestion":	"cubic"
	}
}
