{
	"start":	{
		"connected":	[{
				"socket":	5,
				"local_host":	"10.5.0.20",
				"local_port":	45426,
				"remote_host":	"10.5.0.10",
				"remote_port":	5201
			}],
		"version":	"iperf 3.9",
		"system_info":	"Linux client 6.8.0-65-generic #68~22.04.1-Ubuntu SMP PREEMPT_DYNAMIC Tue Jul 15 18:06:34 UTC 2 x86_64",
		"timestamp":	{
			"time":	"Fri, 01 Aug 2025 04:48:10 GMT",
			"timesecs":	1754023690
		},
		"connecting_to":	{
			"host":	"10.5.0.10",
			"port":	5201
		},
		"cookie":	"fmxhfepvzzzipv5b2lvepsk2b7raczqufsex",
		"tcp_mss_default":	1448,
		"sock_bufsize":	0,
		"sndbuf_actual":	16384,
		"rcvbuf_actual":	131072,
		"test_start":	{
			"protocol":	"TCP",
			"num_streams":	1,
			"blksize":	131072,
			"omit":	0,
			"duration":	10,
			"bytes":	0,
			"blocks":	0,
			"reverse":	0,
			"tos":	0
		}
	},
	"intervals":	[{
			"streams":	[{
					"socket":	5,
					"start":	0,
					"end":	1.00022,
					"seconds":	1.0002199411392212,
					"bytes":	41629712,
					"bits_per_second":	332964463.416596,
					"retransmits":	0,
					"snd_cwnd":	7917664,
					"rtt":	50197,
					"rttvar":	53,
					"pmtu":	1500,
					"omitted":	false,
					"sender":	true
				}],
			"sum":	{
				"start":	0,
				"end":	1.00022,
				"seconds":	1.0002199411392212,
				"bytes":	41629712,
				"bits_per_second":	332964463.416596,
				"retransmits":	0,
				"omitted":	false,
				"sender":	true
			}
		}, {
			"streams":	[{
					"socket":	5,
					"start":	1.00022,
					"end":	2.000146,
					"seconds":	0.999925971031189,
					"bytes":	77332480,
					"bits_per_second":	618705642.1406852,
					"retransmits":	0,
					"snd_cwnd":	8139208,
					"rtt":	50151,
					"rttvar":	41,
					"pmtu":	1500,
					"omitted":	false,
					"sender":	true
				}],
			"sum":	{
				"start":	1.00022,
				"end":	2.000146,
				"seconds":	0.999925971031189,
				"bytes":	77332480,
				"bits_per_second":	618705642.1406852,
				"retransmits":	0,
				"omitted":	false,
				"sender":	true
			}
		}, {
			"streams":	[{
					"socket":	5,
					"start":	2.000146,
					"end":	3.000097,
					"seconds":	0.99995100498199463,
					"bytes":	77332480,
					"bits_per_second":	618690152.735173,
					"retransmits":	0,
					"snd_cwnd":	8139208,
					"rtt":	50270,
					"rttvar":	402,
					"pmtu":	1500,
					"omitted":	false,
					"sender":	true
				}],
			"sum":	{
				"start":	2.000146,
				"end":	3.000097,
				"seconds":	0.99995100498199463,
				"bytes":	77332480,
				"bits_per_second":	618690152.735173,
				"retransmits":	0,
				"omitted":	false,
				"sender":	true
			}
		}, {
			"streams":	[{
					"socket":	5,
					"start":	3.000097,
					"end":	4.000289,
					"seconds":	1.0001920461654663,
					"bytes":	73400320,
					"bits_per_second":	587089811.6528877,
					"retransmits":	0,
					"snd_cwnd":	8139208,
					"rtt":	50106,
					"rttvar":	21,
					"pmtu":	1500,
					"omitted":	false,
					"sender":	true
				}],
			"sum":	{
				"start":	3.000097,
				"end":	4.000289,
				"seconds":	1.0001920461654663,
				"bytes":	73400320,
				"bits_per_second":	587089811.6528877,
				"retransmits":	0,
				"omitted":	false,
				"sender":	true
			}
		}, {
			"streams":	[{
					"socket":	5,
					"start":	4.000289,
					"end":	5.00009,
					"seconds":	0.999800980091095,
					"bytes":	78643200,
					"bits_per_second":	629270837.424741,
					"retransmits":	0,
					"snd_cwnd":	8139208,
					"rtt":	50136,
					"rttvar":	32,
					"pmtu":	1500,
					"omitted":	false,
					"sender":	true
				}],
			"sum":	{
				"start":	4.000289,
				"end":	5.00009,
				"seconds":	0.999800980091095,
				"bytes":	78643200,
				"bits_per_second":	629270837.424741,
				"retransmits":	0,
				"omitted":	false,
				"sender":	true
			}
		}, {
			"streams":	[{
					"socket":	5,
					"start":	5.00009,
					"end":	6.000098,
					"seconds":	1.0000079870224,
					"bytes":	74711040,
					"bits_per_second":	597683546.28812778,
					"retransmits":	0,
					"snd_cwnd":	8139208,
					"rtt":	50206,
					"rttvar":	68,
					"pmtu":	1500,
					"omitted":	false,
					"sender":	true
				}],
			"sum":	{
				"start":	5.00009,
				"end":	6.000098,
				"seconds":	1.0000079870224,
				"bytes":	74711040,
				"bits_per_second":	597683546.28812778,
				"retransmits":	0,
				"omitted":	false,
				"sender":	true
			}
		}, {
			"streams":	[{
					"socket":	5,
					"start":	6.000098,
					"end":	7.000144,
					"seconds":	1.0000460147857666,
					"bytes":	76021760,
					"bits_per_second":	608146096.28766453,
					"retransmits":	0,
					"snd_cwnd":	8139208,
					"rtt":	50151,
					"rttvar":	41,
					"pmtu":	1500,
					"omitted":	false,
					"sender":	true
				}],
			"sum":	{
				"start":	6.000098,
				"end":	7.000144,
				"seconds":	1.0000460147857666,
				"bytes":	76021760,
				"bits_per_second":	608146096.28766453,
				"retransmits":	0,
				"omitted":	false,
				"sender":	true
			}
		}, {
			"streams":	[{
					"socket":	5,
					"start":	7.000144,
					"end":	8.000225,
					"seconds":	1.000080943107605,
					"bytes":	76021760,
					"bits_per_second":	608124856.48430431,
					"retransmits":	0,
					"snd_cwnd":	8139208,
					"rtt":	50144,
					"rttvar":	35,
					"pmtu":	1500,
					"omitted":	false,
					"sender":	true
				}],
			"sum":	{
				"start":	7.000144,
				"end":	8.000225,
				"seconds":	1.000080943107605,
				"bytes":	76021760,
				"bits_per_second":	608124856.48430431,
				"retransmits":	0,
				"omitted":	false,
				"sender":	true
			}
		}, {
			"streams":	[{
					"socket":	5,
					"start":	8.000225,
					"end":	9.000096,
					"seconds":	0.999871015548706,
					"bytes":	74711040,
					"bits_per_second":	597765422.44501662,
					"retransmits":	0,
					"snd_cwnd":	8139208,
					"rtt":	50144,
					"rttvar":	55,
					"pmtu":	1500,
					"omitted":	false,
					"sender":	true
				}],
			"sum":	{
				"start":	8.000225,
				"end":	9.000096,
				"seconds":	0.999871015548706,
				"bytes":	74711040,
				"bits_per_second":	597765422.44501662,
				"retransmits":	0,
				"omitted":	false,
				"sender":	true
			}
		}, {
			"streams":	[{
					"socket":	5,
					"start":	9.000096,
					"end":	10.000146,
					"seconds":	1.0000499486923218,
					"bytes":	76021760,
					"bits_per_second":	608143704.01724064,
					"retransmits":	0,
					"snd_cwnd":	8139208,
					"rtt":	50135,
					"rttvar":	18,
					"pmtu":	1500,
					"omitted":	false,
					"sender":	true
				}],
			"sum":	{
				"start":	9.000096,
				"end":	10.000146,
				"seconds":	1.0000499486923218,
				"bytes":	76021760,
				"bits_per_second":	608143704.01724064,
				"retransmits":	0,
				"omitted":	false,
				"sender":	true
			}
		}],
	"end":	{
		"streams":	[{
				"sender":	{
					"socket":	5,
					"start":	0,
					"end":	10.000146,
					"seconds":	10.000146,
					"bytes":	725825552,
					"bits_per_second":	580651964.08132434,
					"retransmits":	0,
					"max_snd_cwnd":	8139208,
					"max_rtt":	50270,
					"min_rtt":	50106,
					"mean_rtt":	50164,
					"sender":	true
				},
				"receiver":	{
					"socket":	5,
					"start":	0,
					"end":	20.03177,
					"seconds":	10.000146,
					"bytes":	725825552,
					"bits_per_second":	289869762.68197966,
					"sender":	true
				}
			}],
		"sum_sent":	{
			"start":	0,
			"end":	10.000146,
			"seconds":	10.000146,
			"bytes":	725825552,
			"bits_per_second":	580651964.08132434,
			"retransmits":	0,
			"sender":	true
		},
		"sum_received":	{
			"start":	0,
			"end":	20.03177,
			"seconds":	20.03177,
			"bytes":	725825552,
			"bits_per_second":	289869762.68197966,
			"sender":	true
		},
		"cpu_utilization_percent":	{
			"host_total":	5.0453689052520128,
			"host_user":	0.2496924384898839,
			"host_system":	4.7956958973242463,
			"remote_total":	1.8571657244616711,
			"remote_user":	0.0869270754056984,
			"remote_system":	1.7702386490559729
		},
		"sender_tcp_congestion":	"cubic",
		"receiver_tcp_congestion":	"cubic"
	}
}
