{
	"start":	{
		"connected":	[{
				"socket":	5,
				"local_host":	"10.5.0.20",
				"local_port":	35006,
				"remote_host":	"10.5.0.10",
				"remote_port":	5201
			}],
		"version":	"iperf 3.9",
		"system_info":	"Linux client 6.8.0-65-generic #68~22.04.1-Ubuntu SMP PREEMPT_DYNAMIC Tue Jul 15 18:06:34 UTC 2 x86_64",
		"timestamp":	{
			"time":	"Fri, 01 Aug 2025 02:34:28 GMT",
			"timesecs":	1754015668
		},
		"connecting_to":	{
			"host":	"10.5.0.10",
			"port":	5201
		},
		"cookie":	"eihg64kcvv3i7fmgnooq2ettilkevei2cvsz",
		"tcp_mss_default":	1448,
		"sock_bufsize":	0,
		"sndbuf_actual":	16384,
		"rcvbuf_actual":	131072,
		"test_start":	{
			"protocol":	"TCP",
			"num_streams":	1,
			"blksize":	131072,
			"omit":	0,
			"duration":	10,
			"bytes":	0,
			"blocks":	0,
			"reverse":	0,
			"tos":	0
		}
	},
	"intervals":	[{
			"streams":	[{
					"socket":	5,
					"start":	0,
					"end":	1.000217,
					"seconds":	1.0002169609069824,
					"bytes":	1653616,
					"bits_per_second":	13226058.462360203,
					"retransmits":	0,
					"snd_cwnd":	75296,
					"rtt":	25826,
					"rttvar":	6034,
					"pmtu":	1500,
					"omitted":	false,
					"sender":	true
				}],
			"sum":	{
				"start":	0,
				"end":	1.000217,
				"seconds":	1.0002169609069824,
				"bytes":	1653616,
				"bits_per_second":	13226058.462360203,
				"retransmits":	0,
				"omitted":	false,
				"sender":	true
			}
		}, {
			"streams":	[{
					"socket":	5,
					"start":	1.000217,
					"end":	2.00017,
					"seconds":	0.99995297193527222,
					"bytes":	1320576,
					"bits_per_second":	10565104.856435044,
					"retransmits":	0,
					"snd_cwnd":	120184,
					"rtt":	48892,
					"rttvar":	6464,
					"pmtu":	1500,
					"omitted":	false,
					"sender":	true
				}],
			"sum":	{
				"start":	1.000217,
				"end":	2.00017,
				"seconds":	0.99995297193527222,
				"bytes":	1320576,
				"bits_per_second":	10565104.856435044,
				"retransmits":	0,
				"omitted":	false,
				"sender":	true
			}
		}, {
			"streams":	[{
					"socket":	5,
					"start":	2.00017,
					"end":	3.000066,
					"seconds":	0.999895989894867,
					"bytes":	1555152,
					"bits_per_second":	12442510.146788487,
					"retransmits":	0,
					"snd_cwnd":	160728,
					"rtt":	64061,
					"rttvar":	9974,
					"pmtu":	1500,
					"omitted":	false,
					"sender":	true
				}],
			"sum":	{
				"start":	2.00017,
				"end":	3.000066,
				"seconds":	0.999895989894867,
				"bytes":	1555152,
				"bits_per_second":	12442510.146788487,
				"retransmits":	0,
				"omitted":	false,
				"sender":	true
			}
		}, {
			"streams":	[{
					"socket":	5,
					"start":	3.000066,
					"end":	4.000251,
					"seconds":	1.0001850128173828,
					"bytes":	977400,
					"bits_per_second":	7817753.6153780138,
					"retransmits":	0,
					"snd_cwnd":	170864,
					"rtt":	76961,
					"rttvar":	9157,
					"pmtu":	1500,
					"omitted":	false,
					"sender":	true
				}],
			"sum":	{
				"start":	3.000066,
				"end":	4.000251,
				"seconds":	1.0001850128173828,
				"bytes":	977400,
				"bits_per_second":	7817753.6153780138,
				"retransmits":	0,
				"omitted":	false,
				"sender":	true
			}
		}, {
			"streams":	[{
					"socket":	5,
					"start":	4.000251,
					"end":	5.000346,
					"seconds":	1.000095009803772,
					"bytes":	1172880,
					"bits_per_second":	9382148.6039021835,
					"retransmits":	0,
					"snd_cwnd":	170864,
					"rtt":	68296,
					"rttvar":	10451,
					"pmtu":	1500,
					"omitted":	false,
					"sender":	true
				}],
			"sum":	{
				"start":	4.000251,
				"end":	5.000346,
				"seconds":	1.000095009803772,
				"bytes":	1172880,
				"bits_per_second":	9382148.6039021835,
				"retransmits":	0,
				"omitted":	false,
				"sender":	true
			}
		}, {
			"streams":	[{
					"socket":	5,
					"start":	5.000346,
					"end":	6.000371,
					"seconds":	1.0000250339508057,
					"bytes":	1172880,
					"bits_per_second":	9382805.1113184243,
					"retransmits":	0,
					"snd_cwnd":	170864,
					"rtt":	65245,
					"rttvar":	11895,
					"pmtu":	1500,
					"omitted":	false,
					"sender":	true
				}],
			"sum":	{
				"start":	5.000346,
				"end":	6.000371,
				"seconds":	1.0000250339508057,
				"bytes":	1172880,
				"bits_per_second":	9382805.1113184243,
				"retransmits":	0,
				"omitted":	false,
				"sender":	true
			}
		}, {
			"streams":	[{
					"socket":	5,
					"start":	6.000371,
					"end":	7.000074,
					"seconds":	0.99970299005508423,
					"bytes":	1563840,
					"bits_per_second":	12514436.91221795,
					"retransmits":	0,
					"snd_cwnd":	170864,
					"rtt":	57614,
					"rttvar":	4775,
					"pmtu":	1500,
					"omitted":	false,
					"sender":	true
				}],
			"sum":	{
				"start":	6.000371,
				"end":	7.000074,
				"seconds":	0.99970299005508423,
				"bytes":	1563840,
				"bits_per_second":	12514436.91221795,
				"retransmits":	0,
				"omitted":	false,
				"sender":	true
			}
		}, {
			"streams":	[{
					"socket":	5,
					"start":	7.000074,
					"end":	8.0001,
					"seconds":	1.0000259876251221,
					"bytes":	1172880,
					"bits_per_second":	9382796.16341071,
					"retransmits":	0,
					"snd_cwnd":	170864,
					"rtt":	71442,
					"rttvar":	5631,
					"pmtu":	1500,
					"omitted":	false,
					"sender":	true
				}],
			"sum":	{
				"start":	7.000074,
				"end":	8.0001,
				"seconds":	1.0000259876251221,
				"bytes":	1172880,
				"bits_per_second":	9382796.16341071,
				"retransmits":	0,
				"omitted":	false,
				"sender":	true
			}
		}, {
			"streams":	[{
					"socket":	5,
					"start":	8.0001,
					"end":	9.000065,
					"seconds":	0.999965012073517,
					"bytes":	1172880,
					"bits_per_second":	9383368.3046004064,
					"retransmits":	0,
					"snd_cwnd":	170864,
					"rtt":	81086,
					"rttvar":	6824,
					"pmtu":	1500,
					"omitted":	false,
					"sender":	true
				}],
			"sum":	{
				"start":	8.0001,
				"end":	9.000065,
				"seconds":	0.999965012073517,
				"bytes":	1172880,
				"bits_per_second":	9383368.3046004064,
				"retransmits":	0,
				"omitted":	false,
				"sender":	true
			}
		}, {
			"streams":	[{
					"socket":	5,
					"start":	9.000065,
					"end":	10.000092,
					"seconds":	1.0000269412994385,
					"bytes":	1172880,
					"bits_per_second":	9382787.21552006,
					"retransmits":	0,
					"snd_cwnd":	170864,
					"rtt":	57313,
					"rttvar":	4607,
					"pmtu":	1500,
					"omitted":	false,
					"sender":	true
				}],
			"sum":	{
				"start":	9.000065,
				"end":	10.000092,
				"seconds":	1.0000269412994385,
				"bytes":	1172880,
				"bits_per_second":	9382787.21552006,
				"retransmits":	0,
				"omitted":	false,
				"sender":	true
			}
		}],
	"end":	{
		"streams":	[{
				"sender":	{
					"socket":	5,
					"start":	0,
					"end":	10.000092,
					"seconds":	10.000092,
					"bytes":	12934984,
					"bits_per_second":	10347891.999393605,
					"retransmits":	0,
					"max_snd_cwnd":	170864,
					"max_rtt":	81086,
					"min_rtt":	25826,
					"mean_rtt":	61673,
					"sender":	true
				},
				"receiver":	{
					"socket":	5,
					"start":	0,
					"end":	10.124144,
					"seconds":	10.000092,
					"bytes":	12058624,
					"bits_per_second":	9528607.2580555957,
					"sender":	true
				}
			}],
		"sum_sent":	{
			"start":	0,
			"end":	10.000092,
			"seconds":	10.000092,
			"bytes":	12934984,
			"bits_per_second":	10347891.999393605,
			"retransmits":	0,
			"sender":	true
		},
		"sum_received":	{
			"start":	0,
			"end":	10.124144,
			"seconds":	10.124144,
			"bytes":	12058624,
			"bits_per_second":	9528607.2580555957,
			"sender":	true
		},
		"cpu_utilization_percent":	{
			"host_total":	0.45694516578657413,
			"host_user":	0.019431601358367134,
			"host_system":	0.437483806998868,
			"remote_total":	1.6567743732608831,
			"remote_user":	0.14752213078324691,
			"remote_system":	1.5092193940851213
		},
		"sender_tcp_congestion":	"cubic",
		"receiver_tcp_congestion":	"cubic"
	}
}
