{
	"start":	{
		"connected":	[{
				"socket":	5,
				"local_host":	"10.5.0.20",
				"local_port":	45324,
				"remote_host":	"10.5.0.10",
				"remote_port":	5201
			}],
		"version":	"iperf 3.9",
		"system_info":	"Linux client 6.8.0-65-generic #68~22.04.1-Ubuntu SMP PREEMPT_DYNAMIC Tue Jul 15 18:06:34 UTC 2 x86_64",
		"timestamp":	{
			"time":	"Fri, 01 Aug 2025 04:29:22 GMT",
			"timesecs":	1754022562
		},
		"connecting_to":	{
			"host":	"10.5.0.10",
			"port":	5201
		},
		"cookie":	"kccbtcvnnwikzb4e3fhak37dtfdaktxvjwto",
		"tcp_mss_default":	1448,
		"sock_bufsize":	262144,
		"sndbuf_actual":	425984,
		"rcvbuf_actual":	425984,
		"test_start":	{
			"protocol":	"TCP",
			"num_streams":	1,
			"blksize":	131072,
			"omit":	0,
			"duration":	20,
			"bytes":	0,
			"blocks":	0,
			"reverse":	0,
			"tos":	0
		}
	},
	"intervals":	[{
			"streams":	[{
					"socket":	5,
					"start":	0,
					"end":	1.000104,
					"seconds":	1.0001039505004883,
					"bytes":	2428296,
					"bits_per_second":	19424348.829217546,
					"retransmits":	0,
					"snd_cwnd":	790608,
					"rtt":	75139,
					"rttvar":	67,
					"pmtu":	1500,
					"omitted":	false,
					"sender":	true
				}],
			"sum":	{
				"start":	0,
				"end":	1.000104,
				"seconds":	1.0001039505004883,
				"bytes":	2428296,
				"bits_per_second":	19424348.829217546,
				"retransmits":	0,
				"omitted":	false,
				"sender":	true
			}
		}, {
			"streams":	[{
					"socket":	5,
					"start":	1.000104,
					"end":	2.000106,
					"seconds":	1.0000020265579224,
					"bytes":	3371100,
					"bits_per_second":	26968745.346275464,
					"retransmits":	0,
					"snd_cwnd":	790608,
					"rtt":	75175,
					"rttvar":	81,
					"pmtu":	1500,
					"omitted":	false,
					"sender":	true
				}],
			"sum":	{
				"start":	1.000104,
				"end":	2.000106,
				"seconds":	1.0000020265579224,
				"bytes":	3371100,
				"bits_per_second":	26968745.346275464,
				"retransmits":	0,
				"omitted":	false,
				"sender":	true
			}
		}, {
			"streams":	[{
					"socket":	5,
					"start":	2.000106,
					"end":	3.000991,
					"seconds":	1.000885009765625,
					"bytes":	3559288,
					"bits_per_second":	28449126.245449279,
					"retransmits":	0,
					"snd_cwnd":	790608,
					"rtt":	75147,
					"rttvar":	60,
					"pmtu":	1500,
					"omitted":	false,
					"sender":	true
				}],
			"sum":	{
				"start":	2.000106,
				"end":	3.000991,
				"seconds":	1.000885009765625,
				"bytes":	3559288,
				"bits_per_second":	28449126.245449279,
				"retransmits":	0,
				"omitted":	false,
				"sender":	true
			}
		}, {
			"streams":	[{
					"socket":	5,
					"start":	3.000991,
					"end":	4.000068,
					"seconds":	0.999077022075653,
					"bytes":	3356516,
					"bits_per_second":	26876934.817510672,
					"retransmits":	0,
					"snd_cwnd":	790608,
					"rtt":	75071,
					"rttvar":	28,
					"pmtu":	1500,
					"omitted":	false,
					"sender":	true
				}],
			"sum":	{
				"start":	3.000991,
				"end":	4.000068,
				"seconds":	0.999077022075653,
				"bytes":	3356516,
				"bits_per_second":	26876934.817510672,
				"retransmits":	0,
				"omitted":	false,
				"sender":	true
			}
		}, {
			"streams":	[{
					"socket":	5,
					"start":	4.000068,
					"end":	5.000063,
					"seconds":	0.999994993209839,
					"bytes":	3576664,
					"bits_per_second":	28613455.261566281,
					"retransmits":	0,
					"snd_cwnd":	790608,
					"rtt":	75049,
					"rttvar":	35,
					"pmtu":	1500,
					"omitted":	false,
					"sender":	true
				}],
			"sum":	{
				"start":	4.000068,
				"end":	5.000063,
				"seconds":	0.999994993209839,
				"bytes":	3576664,
				"bits_per_second":	28613455.261566281,
				"retransmits":	0,
				"omitted":	false,
				"sender":	true
			}
		}, {
			"streams":	[{
					"socket":	5,
					"start":	5.000063,
					"end":	6.000093,
					"seconds":	1.0000300407409668,
					"bytes":	3366600,
					"bits_per_second":	26931990.943036359,
					"retransmits":	0,
					"snd_cwnd":	790608,
					"rtt":	75069,
					"rttvar":	38,
					"pmtu":	1500,
					"omitted":	false,
					"sender":	true
				}],
			"sum":	{
				"start":	5.000063,
				"end":	6.000093,
				"seconds":	1.0000300407409668,
				"bytes":	3366600,
				"bits_per_second":	26931990.943036359,
				"retransmits":	0,
				"omitted":	false,
				"sender":	true
			}
		}, {
			"streams":	[{
					"socket":	5,
					"start":	6.000093,
					"end":	7.000097,
					"seconds":	1.0000040531158447,
					"bytes":	3544704,
					"bits_per_second":	28357517.063698273,
					"retransmits":	0,
					"snd_cwnd":	790608,
					"rtt":	75107,
					"rttvar":	64,
					"pmtu":	1500,
					"omitted":	false,
					"sender":	true
				}],
			"sum":	{
				"start":	6.000093,
				"end":	7.000097,
				"seconds":	1.0000040531158447,
				"bytes":	3544704,
				"bits_per_second":	28357517.063698273,
				"retransmits":	0,
				"omitted":	false,
				"sender":	true
			}
		}, {
			"streams":	[{
					"socket":	5,
					"start":	7.000097,
					"end":	8.000127,
					"seconds":	1.0000300407409668,
					"bytes":	3544704,
					"bits_per_second":	28356780.141313121,
					"retransmits":	0,
					"snd_cwnd":	790608,
					"rtt":	75150,
					"rttvar":	43,
					"pmtu":	1500,
					"omitted":	false,
					"sender":	true
				}],
			"sum":	{
				"start":	7.000097,
				"end":	8.000127,
				"seconds":	1.0000300407409668,
				"bytes":	3544704,
				"bits_per_second":	28356780.141313121,
				"retransmits":	0,
				"omitted":	false,
				"sender":	true
			}
		}, {
			"streams":	[{
					"socket":	5,
					"start":	8.000127,
					"end":	9.00009,
					"seconds":	0.99996298551559448,
					"bytes":	3339140,
					"bits_per_second":	26714108.808963917,
					"retransmits":	0,
					"snd_cwnd":	790608,
					"rtt":	75131,
					"rttvar":	34,
					"pmtu":	1500,
					"omitted":	false,
					"sender":	true
				}],
			"sum":	{
				"start":	8.000127,
				"end":	9.00009,
				"seconds":	0.99996298551559448,
				"bytes":	3339140,
				"bits_per_second":	26714108.808963917,
				"retransmits":	0,
				"omitted":	false,
				"sender":	true
			}
		}, {
			"streams":	[{
					"socket":	5,
					"start":	9.00009,
					"end":	10.000158,
					"seconds":	1.0000679492950439,
					"bytes":	3518640,
					"bits_per_second":	28147207.417098552,
					"retransmits":	0,
					"snd_cwnd":	790608,
					"rtt":	75102,
					"rttvar":	48,
					"pmtu":	1500,
					"omitted":	false,
					"sender":	true
				}],
			"sum":	{
				"start":	9.00009,
				"end":	10.000158,
				"seconds":	1.0000679492950439,
				"bytes":	3518640,
				"bits_per_second":	28147207.417098552,
				"retransmits":	0,
				"omitted":	false,
				"sender":	true
			}
		}, {
			"streams":	[{
					"socket":	5,
					"start":	10.000158,
					"end":	11.000105,
					"seconds":	0.99994701147079468,
					"bytes":	3544704,
					"bits_per_second":	28359134.708837759,
					"retransmits":	0,
					"snd_cwnd":	790608,
					"rtt":	75109,
					"rttvar":	43,
					"pmtu":	1500,
					"omitted":	false,
					"sender":	true
				}],
			"sum":	{
				"start":	10.000158,
				"end":	11.000105,
				"seconds":	0.99994701147079468,
				"bytes":	3544704,
				"bits_per_second":	28359134.708837759,
				"retransmits":	0,
				"omitted":	false,
				"sender":	true
			}
		}, {
			"streams":	[{
					"socket":	5,
					"start":	11.000105,
					"end":	12.000087,
					"seconds":	0.99998199939727783,
					"bytes":	3340536,
					"bits_per_second":	26724769.061950725,
					"retransmits":	0,
					"snd_cwnd":	790608,
					"rtt":	75082,
					"rttvar":	30,
					"pmtu":	1500,
					"omitted":	false,
					"sender":	true
				}],
			"sum":	{
				"start":	11.000105,
				"end":	12.000087,
				"seconds":	0.99998199939727783,
				"bytes":	3340536,
				"bits_per_second":	26724769.061950725,
				"retransmits":	0,
				"omitted":	false,
				"sender":	true
			}
		}, {
			"streams":	[{
					"socket":	5,
					"start":	12.000087,
					"end":	13.000177,
					"seconds":	1.0000900030136108,
					"bytes":	2555824,
					"bits_per_second":	20444751.910715509,
					"retransmits":	0,
					"snd_cwnd":	790608,
					"rtt":	75037,
					"rttvar":	17,
					"pmtu":	1500,
					"omitted":	false,