{
	"start":	{
		"connected":	[{
				"socket":	5,
				"local_host":	"10.5.0.20",
				"local_port":	57894,
				"remote_host":	"10.5.0.10",
				"remote_port":	5201
			}],
		"version":	"iperf 3.9",
		"system_info":	"Linux client 6.8.0-65-generic #68~22.04.1-Ubuntu SMP PREEMPT_DYNAMIC Tue Jul 15 18:06:34 UTC 2 x86_64",
		"timestamp":	{
			"time":	"Fri, 01 Aug 2025 04:41:02 GMT",
			"timesecs":	1754023262
		},
		"connecting_to":	{
			"host":	"10.5.0.10",
			"port":	5201
		},
		"cookie":	"g3oviwoxkr2nsk4g65hfgucwok4zbrlmyhfh",
		"tcp_mss_default":	1448,
		"sock_bufsize":	0,
		"sndbuf_actual":	16384,
		"rcvbuf_actual":	131072,
		"test_start":	{
			"protocol":	"TCP",
			"num_streams":	1,
			"blksize":	131072,
			"omit":	0,
			"duration":	10,
			"bytes":	0,
			"blocks":	0,
			"reverse":	0,
			"tos":	0
		}
	},
	"intervals":	[{
			"streams":	[{
					"socket":	5,
					"start":	0,
					"end":	1.000209,
					"seconds":	1.0002089738845825,
					"bytes":	5250744320,
					"bits_per_second":	41997178246.520317,
					"retransmits":	45,
					"snd_cwnd":	419920,
					"rtt":	19,
					"rttvar":	2,
					"pmtu":	1500,
					"omitted":	false,
					"sender":	true
				}],
			"sum":	{
				"start":	0,
				"end":	1.000209,
				"seconds":	1.0002089738845825,
				"bytes":	5250744320,
				"bits_per_second":	41997178246.520317,
				"retransmits":	45,
				"omitted":	false,
				"sender":	true
			}
		}, {
			"streams":	[{
					"socket":	5,
					"start":	1.000209,
					"end":	2.00018,
					"seconds":	0.99997097253799438,
					"bytes":	5832704000,
					"bits_per_second":	46662986508.067932,
					"retransmits":	0,
					"snd_cwnd":	405440,
					"rtt":	21,
					"rttvar":	3,
					"pmtu":	1500,
					"omitted":	false,
					"sender":	true
				}],
			"sum":	{
				"start":	1.000209,
				"end":	2.00018,
				"seconds":	0.99997097253799438,
				"bytes":	5832704000,
				"bits_per_second":	46662986508.067932,
				"retransmits":	0,
				"omitted":	false,
				"sender":	true
			}
		}, {
			"streams":	[{
					"socket":	5,
					"start":	2.00018,
					"end":	3.000151,
					"seconds":	0.99997097253799438,
					"bytes":	5872025600,
					"bits_per_second":	46977568439.583,
					"retransmits":	0,
					"snd_cwnd":	445984,
					"rtt":	18,
					"rttvar":	4,
					"pmtu":	1500,
					"omitted":	false,
					"sender":	true
				}],
			"sum":	{
				"start":	2.00018,
				"end":	3.000151,
				"seconds":	0.99997097253799438,
				"bytes":	5872025600,
				"bits_per_second":	46977568439.583,
				"retransmits":	0,
				"omitted":	false,
				"sender":	true
			}
		}, {
			"streams":	[{
					"socket":	5,
					"start":	3.000151,
					"end":	4.000084,
					"seconds":	0.99993300437927246,
					"bytes":	5997854720,
					"bits_per_second":	47986052615.381233,
					"retransmits":	0,
					"snd_cwnd":	379376,
					"rtt":	20,
					"rttvar":	3,
					"pmtu":	1500,
					"omitted":	false,
					"sender":	true
				}],
			"sum":	{
				"start":	3.000151,
				"end":	4.000084,
				"seconds":	0.99993300437927246,
				"bytes":	5997854720,
				"bits_per_second":	47986052615.381233,
				"retransmits":	0,
				"omitted":	false,
				"sender":	true
			}
		}, {
			"streams":	[{
					"socket":	5,
					"start":	4.000084,
					"end":	5.00002,
					"seconds":	0.99993598461151123,
					"bytes":	5920522240,
					"bits_per_second":	47367210150.3594,
					"retransmits":	5,
					"snd_cwnd":	411232,
					"rtt":	26,
					"rttvar":	10,
					"pmtu":	1500,
					"omitted":	false,
					"sender":	true
				}],
			"sum":	{
				"start":	4.000084,
				"end":	5.00002,
				"seconds":	0.99993598461151123,
				"bytes":	5920522240,
				"bits_per_second":	47367210150.3594,
				"retransmits":	5,
				"omitted":	false,
				"sender":	true
			}
		}, {
			"streams":	[{
					"socket":	5,
					"start":	5.00002,
					"end":	6.000095,
					"seconds":	1.0000749826431274,
					"bytes":	6124994560,
					"bits_per_second":	48996282609.22654,
					"retransmits":	0,
					"snd_cwnd":	405440,
					"rtt":	15,
					"rttvar":	5,
					"pmtu":	1500,
					"omitted":	false,
					"sender":	true
				}],
			"sum":	{
				"start":	5.00002,
				"end":	6.000095,
				"seconds":	1.0000749826431274,
				"bytes":	6124994560,
				"bits_per_second":	48996282609.22654,
				"retransmits":	0,
				"omitted":	false,
				"sender":	true
			}
		}, {
			"streams":	[{
					"socket":	5,
					"start":	6.000095,
					"end":	7.000108,
					"seconds":	1.000012993812561,
					"bytes":	6046351360,
					"bits_per_second":	48370182366.916779,
					"retransmits":	0,
					"snd_cwnd":	411232,
					"rtt":	19,
					"rttvar":	3,
					"pmtu":	1500,
					"omitted":	false,
					"sender":	true
				}],
			"sum":	{
				"start":	6.000095,
				"end":	7.000108,
				"seconds":	1.000012993812561,
				"bytes":	6046351360,
				"bits_per_second":	48370182366.916779,
				"retransmits":	0,
				"omitted":	false,
				"sender":	true
			}
		}, {
			"streams":	[{
					"socket":	5,
					"start":	7.000108,
					"end":	8.000161,
					"seconds":	1.00005304813385,
					"bytes":	5869404160,
					"bits_per_second":	46952742524.629921,
					"retransmits":	45,
					"snd_cwnd":	408336,
					"rtt":	18,
					"rttvar":	3,
					"pmtu":	1500,
					"omitted":	false,
					"sender":	true
				}],
			"sum":	{
				"start":	7.000108,
				"end":	8.000161,
				"seconds":	1.00005304813385,
				"bytes":	5869404160,
				"bits_per_second":	46952742524.629921,
				"retransmits":	45,
				"omitted":	false,
				"sender":	true
			}
		}, {
			"streams":	[{
					"socket":	5,
					"start":	8.000161,
					"end":	9.000088,
					"seconds":	0.99992698431015,
					"bytes":	6069944320,
					"bits_per_second":	48563100428.279022,
					"retransmits":	45,
					"snd_cwnd":	448880,
					"rtt":	24,
					"rttvar":	7,
					"pmtu":	1500,
					"omitted":	false,
					"sender":	true
				}],
			"sum":	{
				"start":	8.000161,
				"end":	9.000088,
				"seconds":	0.99992698431015,
				"bytes":	6069944320,
				"bits_per_second":	48563100428.279022,
				"retransmits":	45,
				"omitted":	false,
				"sender":	true
			}
		}, {
			"streams":	[{
					"socket":	5,
					"start":	9.000088,
					"end":	10.00024,
					"seconds":	1.0001519918441772,
					"bytes":	5962465280,
					"bits_per_second":	47692473373.018661,
					"retransmits":	0,
					"snd_cwnd":	385168,
					"rtt":	18,
					"rttvar":	10,
					"pmtu":	1500,
					"omitted":	false,
					"sender":	true
				}],
			"sum":	{
				"start":	9.000088,
				"end":	10.00024,
				"seconds":	1.0001519918441772,
				"bytes":	5962465280,
				"bits_per_second":	47692473373.018661,
				"retransmits":	0,
				"omitted":	false,
				"sender":	true
			}
		}],
	"end":	{
		"streams":	[{
				"sender":	{
					"socket":	5,
					"start":	0,
					"end":	10.00024,
					"seconds":	10.00024,
					"bytes":	58947010560,
					"bits_per_second":	47156476692.55938,
					"retransmits":	140,
					"max_snd_cwnd":	448880,
					"max_rtt":	26,
					"min_rtt":	15,
					"mean_rtt":	19,
					"sender":	true
				},
				"receiver":	{
					"socket":	5,
					"start":	0,
					"end":	10.038303,
					"seconds":	10.00024,
					"bytes":	58947010560,
					"bits_per_second":	46977669879.062225,
					"sender":	true
				}
			}],
		"sum_sent":	{
			"start":	0,
			"end":	10.00024,
			"seconds":	10.00024,
			"bytes":	58947010560,
			"bits_per_second":	47156476692.55938,
			"retransmits":	140,
			"sender":	true
		},
		"sum_received":	{
			"start":	0,
			"end":	10.038303,
			"seconds":	10.038303,
			"bytes":	58947010560,
			"bits_per_second":	46977669879.062225,
			"sender":	true
		},
		"cpu_utilization_percent":	{
			"host_total":	99.094754006976942,
			"host_user":	0.97191074204084782,
			"host_system":	98.1228135083155,
			"remote_total":	76.5781962368975,
			"remote_user":	3.1448061229310924,
			"remote_system":	73.4333720807355
		},
		"sender_tcp_congestion":	"bbr",
		"receiver_tcp_congestion":	"cubic"
	}
}
