{
	"start":	{
		"connected":	[{
				"socket":	5,
				"local_host":	"10.5.0.20",
				"local_port":	58710,
				"remote_host":	"10.5.0.10",
				"remote_port":	5201
			}],
		"version":	"iperf 3.9",
		"system_info":	"Linux client 6.8.0-65-generic #68~22.04.1-Ubuntu SMP PREEMPT_DYNAMIC Tue Jul 15 18:06:34 UTC 2 x86_64",
		"timestamp":	{
			"time":	"Fri, 01 Aug 2025 04:33:31 GMT",
			"timesecs":	1754022811
		},
		"connecting_to":	{
			"host":	"10.5.0.10",
			"port":	5201
		},
		"cookie":	"et7vmep5g2uye6fi7nszjjmwikffx2pzilsg",
		"tcp_mss_default":	1448,
		"sock_bufsize":	0,
		"sndbuf_actual":	16384,
		"rcvbuf_actual":	131072,
		"test_start":	{
			"protocol":	"TCP",
			"num_streams":	1,
			"blksize":	131072,
			"omit":	0,
			"duration":	15,
			"bytes":	0,
			"blocks":	0,
			"reverse":	0,
			"tos":	0
		}
	},
	"intervals":	[{
			"streams":	[{
					"socket":	5,
					"start":	0,
					"end":	1.000029,
					"seconds":	1.0000289678573608,
					"bytes":	6193152000,
					"bits_per_second":	49543780822.824,
					"retransmits":	0,
					"snd_cwnd":	628432,
					"rtt":	28,
					"rttvar":	10,
					"pmtu":	1500,
					"omitted":	false,
					"sender":	true
				}],
			"sum":	{
				"start":	0,
				"end":	1.000029,
				"seconds":	1.0000289678573608,
				"bytes":	6193152000,
				"bits_per_second":	49543780822.824,
				"retransmits":	0,
				"omitted":	false,
				"sender":	true
			}
		}, {
			"streams":	[{
					"socket":	5,
					"start":	1.000029,
					"end":	2.000108,
					"seconds":	1.0000790357589722,
					"bytes":	6220677120,
					"bits_per_second":	49761484023.342636,
					"retransmits":	0,
					"snd_cwnd":	800744,
					"rtt":	22,
					"rttvar":	3,
					"pmtu":	1500,
					"omitted":	false,
					"sender":	true
				}],
			"sum":	{
				"start":	1.000029,
				"end":	2.000108,
				"seconds":	1.0000790357589722,
				"bytes":	6220677120,
				"bits_per_second":	49761484023.342636,
				"retransmits":	0,
				"omitted":	false,
				"sender":	true
			}
		}, {
			"streams":	[{
					"socket":	5,
					"start":	2.000108,
					"end":	3.000183,
					"seconds":	1.0000749826431274,
					"bytes":	6308495360,
					"bits_per_second":	50464178942.479637,
					"retransmits":	0,
					"snd_cwnd":	883280,
					"rtt":	20,
					"rttvar":	1,
					"pmtu":	1500,
					"omitted":	false,
					"sender":	true
				}],
			"sum":	{
				"start":	2.000108,
				"end":	3.000183,
				"seconds":	1.0000749826431274,
				"bytes":	6308495360,
				"bits_per_second":	50464178942.479637,
				"retransmits":	0,
				"omitted":	false,
				"sender":	true
			}
		}, {
			"streams":	[{
					"socket":	5,
					"start":	3.000183,
					"end":	4.000218,
					"seconds":	1.0000350475311279,
					"bytes":	6100090880,
					"bits_per_second":	48799016754.941269,
					"retransmits":	0,
					"snd_cwnd":	978848,
					"rtt":	23,
					"rttvar":	7,
					"pmtu":	1500,
					"omitted":	false,
					"sender":	true
				}],
			"sum":	{
				"start":	3.000183,
				"end":	4.000218,
				"seconds":	1.0000350475311279,
				"bytes":	6100090880,
				"bits_per_second":	48799016754.941269,
				"retransmits":	0,
				"omitted":	false,
				"sender":	true
			}
		}, {
			"streams":	[{
					"socket":	5,
					"start":	4.000218,
					"end":	5.000044,
					"seconds":	0.99982601404190063,
					"bytes":	6176112640,
					"bits_per_second":	49417499070.922729,
					"retransmits":	0,
					"snd_cwnd":	978848,
					"rtt":	26,
					"rttvar":	7,
					"pmtu":	1500,
					"omitted":	false,
					"sender":	true
				}],
			"sum":	{
				"start":	4.000218,
				"end":	5.000044,
				"seconds":	0.99982601404190063,
				"bytes":	6176112640,
				"bits_per_second":	49417499070.922729,
				"retransmits":	0,
				"omitted":	false,
				"sender":	true
			}
		}, {
			"streams":	[{
					"socket":	5,
					"start":	5.000044,
					"end":	6.000155,
					"seconds":	1.0001109838485718,
					"bytes":	6261309440,
					"bits_per_second":	50084916903.166687,
					"retransmits":	0,
					"snd_cwnd":	978848,
					"rtt":	21,
					"rttvar":	3,
					"pmtu":	1500,
					"omitted":	false,
					"sender":	true
				}],
			"sum":	{
				"start":	5.000044,
				"end":	6.000155,
				"seconds":	1.0001109838485718,
				"bytes":	6261309440,
				"bits_per_second":	50084916903.166687,
				"retransmits":	0,
				"omitted":	false,
				"sender":	true
			}
		}, {
			"streams":	[{
					"socket":	5,
					"start":	6.000155,
					"end":	7.000056,
					"seconds":	0.999900996685028,
					"bytes":	6156451840,
					"bits_per_second":	49256491275.9202,
					"retransmits":	0,
					"snd_cwnd":	978848,
					"rtt":	22,
					"rttvar":	5,
					"pmtu":	1500,
					"omitted":	false,
					"sender":	true
				}],
			"sum":	{
				"start":	6.000155,
				"end":	7.000056,
				"seconds":	0.999900996685028,
				"bytes":	6156451840,
				"bits_per_second":	49256491275.9202,
				"retransmits":	0,
				"omitted":	false,
				"sender":	true
			}
		}, {
			"streams":	[{
					"socket":	5,
					"start":	7.000056,
					"end":	8.000157,
					"seconds":	1.0001009702682495,
					"bytes":	6131548160,
					"bits_per_second":	49047432947.538338,
					"retransmits":	0,
					"snd_cwnd":	1132336,
					"rtt":	19,
					"rttvar":	2,
					"pmtu":	1500,
					"omitted":	false,
					"sender":	true
				}],
			"sum":	{
				"start":	7.000056,
				"end":	8.000157,
				"seconds":	1.0001009702682495,
				"bytes":	6131548160,
				"bits_per_second":	49047432947.538338,
				"retransmits":	0,
				"omitted":	false,
				"sender":	true
			}
		}, {
			"streams":	[{
					"socket":	5,
					"start":	8.000157,
					"end":	9.000022,
					"seconds":	0.99986499547958374,
					"bytes":	6265241600,
					"bits_per_second":	50128700401.156746,
					"retransmits":	0,
					"snd_cwnd":	1132336,
					"rtt":	23,
					"rttvar":	6,
					"pmtu":	1500,
					"omitted":	false,
					"sender":	true
				}],
			"sum":	{
				"start":	8.000157,
				"end":	9.000022,
				"seconds":	0.99986499547958374,
				"bytes":	6265241600,
				"bits_per_second":	50128700401.156746,
				"retransmits":	0,
				"omitted":	false,
				"sender":	true
			}
		}, {
			"streams":	[{
					"socket":	5,
					"start":	9.000022,
					"end":	10.000157,
					"seconds":	1.0001349449157715,
					"bytes":	6021447680,
					"bits_per_second":	48165081807.092415,
					"retransmits":	0,
					"snd_cwnd":	1132336,
					"rtt":	21,
					"rttvar":	1,
					"pmtu":	1500,
					"omitted":	false,
					"sender":	true
				}],
			"sum":	{
				"start":	9.000022,
				"end":	10.000157,
				"seconds":	1.0001349449157715,
				"bytes":	6021447680,
				"bits_per_second":	48165081807.092415,
				"retransmits":	0,
				"omitted":	false,
				"sender":	true
			}
		}, {
			"streams":	[{
					"socket":	5,
					"start":	10.000157,
					"end":	11.000181,
					"seconds":	1.0000239610672,
					"bytes":	6252134400,
					"bits_per_second":	50015876766.215752,
					"retransmits":	0,
					"snd_cwnd":	1132336,
					"rtt":	22,
					"rttvar":	4,
					"pmtu":	1500,
					"omitted":	false,
					"sender":	true
				}],
			"sum":	{
				"start":	10.000157,
				"end":	11.000181,
				"seconds":	1.0000239610672,
				"bytes":	6252134400,
				"bits_per_second":	50015876766.215752,
				"retransmits":	0,
				"omitted":	false,
				"sender":	true
			}
		}, {
			"streams":	[{
					"socket":	5,
					"start":	11.000181,
					"end":	12.000189,
					"seconds":	1.0000079870224,
					"bytes":	6048972800,
					"bits_per_second":	48391395896.837,
					"retransmits":	0,
					"snd_cwnd":	1650720,
					"rtt":	22,
					"rttvar":	4,
					"pmtu":	1500,
					"omitted":	false,
					"sender":	true
				}],
			"sum":	{
				"start":	11.000181,
				"end":	12.000189,
				"seconds":	1.0000079870224,
				"bytes":	6048972800,
				"bits_per_second":	48391395896.837,
				"retransmits":	0,
				"omitted":	false,
				"sender":	true
			}
		}, {
			"streams":	[{
					"socket":	5,
					"start":	12.000189,
					"end":	13.000019,
					"seconds":	0.99983000755310059,
					"bytes":	5854986240,
					"bits_per_second":	46847853701.282669,
					"retransmits":	0,
					"snd_cwnd":	3602624,
					"rtt":	29,
					"rttvar":	9,
					"pmtu":	1500,
					"omitted":	false,