{
	"start":	{
		"connected":	[{
				"socket":	5,
				"local_host":	"10.5.0.20",
				"local_port":	49030,
				"remote_host":	"10.5.0.10",
				"remote_port":	5201
			}],
		"version":	"iperf 3.9",
		"system_info":	"Linux client 6.8.0-65-generic #68~22.04.1-Ubuntu SMP PREEMPT_DYNAMIC Tue Jul 15 18:06:34 UTC 2 x86_64",
		"timestamp":	{
			"time":	"Fri, 01 Aug 2025 04:47:01 GMT",
			"timesecs":	1754023621
		},
		"connecting_to":	{
			"host":	"10.5.0.10",
			"port":	5201
		},
		"cookie":	"nnknocidyfvn5z5lc5ikonpffwjhvv7ubxib",
		"tcp_mss_default":	1448,
		"sock_bufsize":	0,
		"sndbuf_actual":	16384,
		"rcvbuf_actual":	131072,
		"test_start":	{
			"protocol":	"TCP",
			"num_streams":	1,
			"blksize":	131072,
			"omit":	0,
			"duration":	10,
			"bytes":	0,
			"blocks":	0,
			"reverse":	0,
			"tos":	0
		}
	},
	"intervals":	[{
			"streams":	[{
					"socket":	5,
					"start":	0,
					"end":	1.000009,
					"seconds":	1.0000089406967163,
					"bytes":	6143344640,
					"bits_per_second":	49146317717.678566,
					"retransmits":	0,
					"snd_cwnd":	2047472,
					"rtt":	21,
					"rttvar":	1,
					"pmtu":	1500,
					"omitted":	false,
					"sender":	true
				}],
			"sum":	{
				"start":	0,
				"end":	1.000009,
				"seconds":	1.0000089406967163,
				"bytes":	6143344640,
				"bits_per_second":	49146317717.678566,
				"retransmits":	0,
				"omitted":	false,
				"sender":	true
			}
		}, {
			"streams":	[{
					"socket":	5,
					"start":	1.000009,
					"end":	2.00024,
					"seconds":	1.0002310276031494,
					"bytes":	6207569920,
					"bits_per_second":	49649089049.958237,
					"retransmits":	0,
					"snd_cwnd":	3554840,
					"rtt":	20,
					"rttvar":	10,
					"pmtu":	1500,
					"omitted":	false,
					"sender":	true
				}],
			"sum":	{
				"start":	1.000009,
				"end":	2.00024,
				"seconds":	1.0002310276031494,
				"bytes":	6207569920,
				"bits_per_second":	49649089049.958237,
				"retransmits":	0,
				"omitted":	false,
				"sender":	true
			}
		}, {
			"streams":	[{
					"socket":	5,
					"start":	2.00024,
					"end":	3.000112,
					"seconds":	0.99987202882766724,
					"bytes":	5995101008,
					"bits_per_second":	47966946450.370476,
					"retransmits":	0,
					"snd_cwnd":	9781240,
					"rtt":	22,
					"rttvar":	1,
					"pmtu":	1500,
					"omitted":	false,
					"sender":	true
				}],
			"sum":	{
				"start":	2.00024,
				"end":	3.000112,
				"seconds":	0.99987202882766724,
				"bytes":	5995101008,
				"bits_per_second":	47966946450.370476,
				"retransmits":	0,
				"omitted":	false,
				"sender":	true
			}
		}, {
			"streams":	[{
					"socket":	5,
					"start":	3.000112,
					"end":	4.000126,
					"seconds":	1.0000139474868774,
					"bytes":	6242959360,
					"bits_per_second":	49942978300.96553,
					"retransmits":	0,
					"snd_cwnd":	9781240,
					"rtt":	20,
					"rttvar":	1,
					"pmtu":	1500,
					"omitted":	false,
					"sender":	true
				}],
			"sum":	{
				"start":	3.000112,
				"end":	4.000126,
				"seconds":	1.0000139474868774,
				"bytes":	6242959360,
				"bits_per_second":	49942978300.96553,
				"retransmits":	0,
				"omitted":	false,
				"sender":	true
			}
		}, {
			"streams":	[{
					"socket":	5,
					"start":	4.000126,
					"end":	5.000036,
					"seconds":	0.999909996986389,
					"bytes":	6183976960,
					"bits_per_second":	49476268693.284615,
					"retransmits":	0,
					"snd_cwnd":	9781240,
					"rtt":	28,
					"rttvar":	3,
					"pmtu":	1500,
					"omitted":	false,
					"sender":	true
				}],
			"sum":	{
				"start":	4.000126,
				"end":	5.000036,
				"seconds":	0.999909996986389,
				"bytes":	6183976960,
				"bits_per_second":	49476268693.284615,
				"retransmits":	0,
				"omitted":	false,
				"sender":	true
			}
		}, {
			"streams":	[{
					"socket":	5,
					"start":	5.000036,
					"end":	6.000086,
					"seconds":	1.0000499486923218,
					"bytes":	5978193920,
					"bits_per_second":	47823162655.56266,
					"retransmits":	0,
					"snd_cwnd":	9781240,
					"rtt":	22,
					"rttvar":	2,
					"pmtu":	1500,
					"omitted":	false,
					"sender":	true
				}],
			"sum":	{
				"start":	5.000036,
				"end":	6.000086,
				"seconds":	1.0000499486923218,
				"bytes":	5978193920,
				"bits_per_second":	47823162655.56266,
				"retransmits":	0,
				"omitted":	false,
				"sender":	true
			}
		}, {
			"streams":	[{
					"socket":	5,
					"start":	6.000086,
					"end":	7.00011,
					"seconds":	1.0000239610672,
					"bytes":	6051594240,
					"bits_per_second":	48411593926.544678,
					"retransmits":	0,
					"snd_cwnd":	9781240,
					"rtt":	23,
					"rttvar":	0,
					"pmtu":	1500,
					"omitted":	false,
					"sender":	true
				}],
			"sum":	{
				"start":	6.000086,
				"end":	7.00011,
				"seconds":	1.0000239610672,
				"bytes":	6051594240,
				"bits_per_second":	48411593926.544678,
				"retransmits":	0,
				"omitted":	false,
				"sender":	true
			}
		}, {
			"streams":	[{
					"socket":	5,
					"start":	7.00011,
					"end":	8.000162,
					"seconds":	1.0000519752502441,
					"bytes":	5987368960,
					"bits_per_second":	47896462249.388779,
					"retransmits":	0,
					"snd_cwnd":	9781240,
					"rtt":	24,
					"rttvar":	3,
					"pmtu":	1500,
					"omitted":	false,
					"sender":	true
				}],
			"sum":	{
				"start":	7.00011,
				"end":	8.000162,
				"seconds":	1.0000519752502441,
				"bytes":	5987368960,
				"bits_per_second":	47896462249.388779,
				"retransmits":	0,
				"omitted":	false,
				"sender":	true
			}
		}, {
			"streams":	[{
					"socket":	5,
					"start":	8.000162,
					"end":	9.000052,
					"seconds":	0.9998900294303894,
					"bytes":	6113198080,
					"bits_per_second":	48910963406.50602,
					"retransmits":	0,
					"snd_cwnd":	9781240,
					"rtt":	28,
					"rttvar":	8,
					"pmtu":	1500,
					"omitted":	false,
					"sender":	true
				}],
			"sum":	{
				"start":	8.000162,
				"end":	9.000052,
				"seconds":	0.9998900294303894,
				"bytes":	6113198080,
				"bits_per_second":	48910963406.50602,
				"retransmits":	0,
				"omitted":	false,
				"sender":	true
			}
		}, {
			"streams":	[{
					"socket":	5,
					"start":	9.000052,
					"end":	10.000487,
					"seconds":	1.0004349946975708,
					"bytes":	6172180480,
					"bits_per_second":	49355974252.906548,
					"retransmits":	0,
					"snd_cwnd":	9781240,
					"rtt":	41,
					"rttvar":	29,
					"pmtu":	1500,
					"omitted":	false,
					"sender":	true
				}],
			"sum":	{
				"start":	9.000052,
				"end":	10.000487,
				"seconds":	1.0004349946975708,
				"bytes":	6172180480,
				"bits_per_second":	49355974252.906548,
				"retransmits":	0,
				"omitted":	false,
				"sender":	true
			}
		}],
	"end":	{
		"streams":	[{
				"sender":	{
					"socket":	5,
					"start":	0,
					"end":	10.000487,
					"seconds":	10.000487,
					"bytes":	61075487568,
					"bits_per_second":	48858010669.2804,
					"retransmits":	0,
					"max_snd_cwnd":	9781240,
					"max_rtt":	41,
					"min_rtt":	20,
					"mean_rtt":	24,
					"sender":	true
				},
				"receiver":	{
					"socket":	5,
					"start":	0,
					"end":	20.05185,
					"seconds":	10.000487,
					"bytes":	61075487568,
					"bits_per_second":	24367023518.7277,
					"sender":	true
				}
			}],
		"sum_sent":	{
			"start":	0,
			"end":	10.000487,
			"seconds":	10.000487,
			"bytes":	61075487568,
			"bits_per_second":	48858010669.2804,
			"retransmits":	0,
			"sender":	true
		},
		"sum_received":	{
			"start":	0,
			"end":	20.05185,
			"seconds":	20.05185,
			"bytes":	61075487568,
			"bits_per_second":	24367023518.7277,
			"sender":	true
		},
		"cpu_utilization_percent":	{
			"host_total":	99.3291471140077,
			"host_user":	1.2099310979503921,
			"host_system":	98.119196182421845,
			"remote_total":	40.375602595962981,
			"remote_user":	1.7156646149478594,
			"remote_system":	38.659937981015119
		},
		"sender_tcp_congestion":	"reno",
		"receiver_tcp_congestion":	"cubic"
	}
}
