{
	"start":	{
		"connected":	[{
				"socket":	5,
				"local_host":	"10.5.0.20",
				"local_port":	53290,
				"remote_host":	"10.5.0.10",
				"remote_port":	5201
			}],
		"version":	"iperf 3.9",
		"system_info":	"Linux client 6.8.0-65-generic #68~22.04.1-Ubuntu SMP PREEMPT_DYNAMIC Tue Jul 15 18:06:34 UTC 2 x86_64",
		"timestamp":	{
			"time":	"Fri, 01 Aug 2025 04:27:46 GMT",
			"timesecs":	1754022466
		},
		"connecting_to":	{
			"host":	"10.5.0.10",
			"port":	5201
		},
		"cookie":	"vurdzhf2pmuakohwbjldssqvny74de42a5so",
		"tcp_mss_default":	1448,
		"sock_bufsize":	65536,
		"sndbuf_actual":	131072,
		"rcvbuf_actual":	131072,
		"test_start":	{
			"protocol":	"TCP",
			"num_streams":	1,
			"blksize":	131072,
			"omit":	0,
			"duration":	20,
			"bytes":	0,
			"blocks":	0,
			"reverse":	0,
			"tos":	0
		}
	},
	"intervals":	[{
			"streams":	[{
					"socket":	5,
					"start":	0,
					"end":	1.000064,
					"seconds":	1.0000640153884888,
					"bytes":	11907222,
					"bits_per_second":	95251678.4268013,
					"retransmits":	0,
					"snd_cwnd":	98464,
					"rtt":	6285,
					"rttvar":	267,
					"pmtu":	1500,
					"omitted":	false,
					"sender":	true
				}],
			"sum":	{
				"start":	0,
				"end":	1.000064,
				"seconds":	1.0000640153884888,
				"bytes":	11907222,
				"bits_per_second":	95251678.4268013,
				"retransmits":	0,
				"omitted":	false,
				"sender":	true
			}
		}, {
			"streams":	[{
					"socket":	5,
					"start":	1.000064,
					"end":	2.000058,
					"seconds":	0.99999397993087769,
					"bytes":	11999532,
					"bits_per_second":	95996833.907575652,
					"retransmits":	0,
					"snd_cwnd":	98464,
					"rtt":	6285,
					"rttvar":	299,
					"pmtu":	1500,
					"omitted":	false,
					"sender":	true
				}],
			"sum":	{
				"start":	1.000064,
				"end":	2.000058,
				"seconds":	0.99999397993087769,
				"bytes":	11999532,
				"bits_per_second":	95996833.907575652,
				"retransmits":	0,
				"omitted":	false,
				"sender":	true
			}
		}, {
			"streams":	[{
					"socket":	5,
					"start":	2.000058,
					"end":	3.000112,
					"seconds":	1.0000540018081665,
					"bytes":	11918476,
					"bits_per_second":	95342659.3240011,
					"retransmits":	0,
					"snd_cwnd":	98464,
					"rtt":	6327,
					"rttvar":	223,
					"pmtu":	1500,
					"omitted":	false,
					"sender":	true
				}],
			"sum":	{
				"start":	2.000058,
				"end":	3.000112,
				"seconds":	1.0000540018081665,
				"bytes":	11918476,
				"bits_per_second":	95342659.3240011,
				"retransmits":	0,
				"omitted":	false,
				"sender":	true
			}
		}, {
			"streams":	[{
					"socket":	5,
					"start":	3.000112,
					"end":	4.000061,
					"seconds":	0.99994897842407227,
					"bytes":	11916342,
					"bits_per_second":	95335600.172562823,
					"retransmits":	0,
					"snd_cwnd":	98464,
					"rtt":	6278,
					"rttvar":	266,
					"pmtu":	1500,
					"omitted":	false,
					"sender":	true
				}],
			"sum":	{
				"start":	3.000112,
				"end":	4.000061,
				"seconds":	0.99994897842407227,
				"bytes":	11916342,
				"bits_per_second":	95335600.172562823,
				"retransmits":	0,
				"omitted":	false,
				"sender":	true
			}
		}, {
			"streams":	[{
					"socket":	5,
					"start":	4.000061,
					"end":	5.000059,
					"seconds":	0.99999797344207764,
					"bytes":	11944750,
					"bits_per_second":	95558193.6542144,
					"retransmits":	0,
					"snd_cwnd":	98464,
					"rtt":	6277,
					"rttvar":	255,
					"pmtu":	1500,
					"omitted":	false,
					"sender":	true
				}],
			"sum":	{
				"start":	4.000061,
				"end":	5.000059,
				"seconds":	0.99999797344207764,
				"bytes":	11944750,
				"bits_per_second":	95558193.6542144,
				"retransmits":	0,
				"omitted":	false,
				"sender":	true
			}
		}, {
			"streams":	[{
					"socket":	5,
					"start":	5.000059,
					"end":	6.000065,
					"seconds":	1.0000059604644775,
					"bytes":	12009548,
					"bits_per_second":	96075811.343539342,
					"retransmits":	0,
					"snd_cwnd":	98464,
					"rtt":	6310,
					"rttvar":	248,
					"pmtu":	1500,
					"omitted":	false,
					"sender":	true
				}],
			"sum":	{
				"start":	5.000059,
				"end":	6.000065,
				"seconds":	1.0000059604644775,
				"bytes":	12009548,
				"bits_per_second":	96075811.343539342,
				"retransmits":	0,
				"omitted":	false,
				"sender":	true
			}
		}, {
			"streams":	[{
					"socket":	5,
					"start":	6.000065,
					"end":	7.000058,
					"seconds":	0.99999302625656128,
					"bytes":	11934304,
					"bits_per_second":	95475097.818836972,
					"retransmits":	0,
					"snd_cwnd":	98464,
					"rtt":	6179,
					"rttvar":	262,
					"pmtu":	1500,
					"omitted":	false,
					"sender":	true
				}],
			"sum":	{
				"start":	6.000065,
				"end":	7.000058,
				"seconds":	0.99999302625656128,
				"bytes":	11934304,
				"bits_per_second":	95475097.818836972,
				"retransmits":	0,
				"omitted":	false,
				"sender":	true
			}
		}, {
			"streams":	[{
					"socket":	5,
					"start":	7.000058,
					"end":	8.000058,
					"seconds":	1,
					"bytes":	11927526,
					"bits_per_second":	95420208,
					"retransmits":	0,
					"snd_cwnd":	98464,
					"rtt":	6251,
					"rttvar":	274,
					"pmtu":	1500,
					"omitted":	false,
					"sender":	true
				}],
			"sum":	{
				"start":	7.000058,
				"end":	8.000058,
				"seconds":	1,
				"bytes":	11927526,
				"bits_per_second":	95420208,
				"retransmits":	0,
				"omitted":	false,
				"sender":	true
			}
		}, {
			"streams":	[{
					"socket":	5,
					"start":	8.000058,
					"end":	9.000018,
					"seconds":	0.99996000528335571,
					"bytes":	11919410,
					"bits_per_second":	95359093.8599384,
					"retransmits":	0,
					"snd_cwnd":	98464,
					"rtt":	6237,
					"rttvar":	260,
					"pmtu":	1500,
					"omitted":	false,
					"sender":	true
				}],
			"sum":	{
				"start":	8.000058,
				"end":	9.000018,
				"seconds":	0.99996000528335571,
				"bytes":	11919410,
				"bits_per_second":	95359093.8599384,
				"retransmits":	0,
				"omitted":	false,
				"sender":	true
			}
		}, {
			"streams":	[{
					"socket":	5,
					"start":	9.000018,
					"end":	10.000061,
					"seconds":	1.0000430345535278,
					"bytes":	11951644,
					"bits_per_second":	95609037.507757634,
					"retransmits":	0,
					"snd_cwnd":	98464,
					"rtt":	6241,
					"rttvar":	279,
					"pmtu":	1500,
					"omitted":	false,
					"sender":	true
				}],
			"sum":	{
				"start":	9.000018,
				"end":	10.000061,
				"seconds":	1.0000430345535278,
				"bytes":	11951644,
				"bits_per_second":	95609037.507757634,
				"retransmits":	0,
				"omitted":	false,
				"sender":	true
			}
		}, {
			"streams":	[{
					"socket":	5,
					"start":	10.000061,
					"end":	11.000059,
					"seconds":	0.99999797344207764,
					"bytes":	11929784,
					"bits_per_second":	95438465.4115782,
					"retransmits":	0,
					"snd_cwnd":	98464,
					"rtt":	6274,
					"rttvar":	223,
					"pmtu":	1500,
					"omitted":	false,
					"sender":	true
				}],
			"sum":	{
				"start":	10.000061,
				"end":	11.000059,
				"seconds":	0.99999797344207764,
				"bytes":	11929784,
				"bits_per_second":	95438465.4115782,
				"retransmits":	0,
				"omitted":	false,
				"sender":	true
			}
		}, {
			"streams":	[{
					"socket":	5,
					"start":	11.000059,
					"end":	12.000064,
					"seconds":	1.0000050067901611,
					"bytes":	11964882,
					"bits_per_second":	95718576.757171661,
					"retransmits":	0,
					"snd_cwnd":	98464,
					"rtt":	6212,
					"rttvar":	281,
					"pmtu":	1500,
					"omitted":	false,
					"sender":	true
				}],
			"sum":	{
				"start":	11.000059,
				"end":	12.000064,
				"seconds":	1.0000050067901611,
				"bytes":	11964882,
				"bits_per_second":	95718576.757171661,
				"retransmits":	0,
				"omitted":	false,
				"sender":	true
			}
		}, {
			"streams":	[{
					"socket":	5,
					"start":	12.000064,
					"end":	13.000073,
					"seconds":	1.0000089406967163,
					"bytes":	11948662,
					"bits_per_second":	95588441.3727361,
					"retransmits":	0,
					"snd_cwnd":	98464,
					"rtt":	6258,
					"rttvar":	276,
					"pmtu":	1500,
					"omitted":	false,
					"sender":	true
				}],