{
	"start":	{
		"connected":	[{
				"socket":	5,
				"local_host":	"10.5.0.20",
				"local_port":	51756,
				"remote_host":	"10.5.0.10",
				"remote_port":	5201
			}],
		"version":	"iperf 3.9",
		"system_info":	"Linux client 6.8.0-65-generic #68~22.04.1-Ubuntu SMP PREEMPT_DYNAMIC Tue Jul 15 18:06:34 UTC 2 x86_64",
		"timestamp":	{
			"time":	"Fri, 01 Aug 2025 04:35:35 GMT",
			"timesecs":	1754022935
		},
		"connecting_to":	{
			"host":	"10.5.0.10",
			"port":	5201
		},
		"cookie":	"jksgpprqu5tunrkhd2i2ahrbdero5t7tb4qb",
		"tcp_mss_default":	1448,
		"sock_bufsize":	0,
		"sndbuf_actual":	16384,
		"rcvbuf_actual":	131072,
		"test_start":	{
			"protocol":	"TCP",
			"num_streams":	1,
			"blksize":	131072,
			"omit":	0,
			"duration":	15,
			"bytes":	0,
			"blocks":	0,
			"reverse":	0,
			"tos":	0
		}
	},
	"intervals":	[{
			"streams":	[{
					"socket":	5,
					"start":	0,
					"end":	1.00016,
					"seconds":	1.0001599788665771,
					"bytes":	1777589496,
					"bits_per_second":	14218441317.873472,
					"retransmits":	5743,
					"snd_cwnd":	5792,
					"rtt":	344,
					"rttvar":	487,
					"pmtu":	1500,
					"omitted":	false,
					"sender":	true
				}],
			"sum":	{
				"start":	0,
				"end":	1.00016,
				"seconds":	1.0001599788665771,
				"bytes":	1777589496,
				"bits_per_second":	14218441317.873472,
				"retransmits":	5743,
				"omitted":	false,
				"sender":	true
			}
		}, {
			"streams":	[{
					"socket":	5,
					"start":	1.00016,
					"end":	2.000148,
					"seconds":	0.9999880194664,
					"bytes":	2324048480,
					"bits_per_second":	18592610589.395874,
					"retransmits":	8265,
					"snd_cwnd":	141904,
					"rtt":	19,
					"rttvar":	7,
					"pmtu":	1500,
					"omitted":	false,
					"sender":	true
				}],
			"sum":	{
				"start":	1.00016,
				"end":	2.000148,
				"seconds":	0.9999880194664,
				"bytes":	2324048480,
				"bits_per_second":	18592610589.395874,
				"retransmits":	8265,
				"omitted":	false,
				"sender":	true
			}
		}, {
			"streams":	[{
					"socket":	5,
					"start":	2.000148,
					"end":	3.000197,
					"seconds":	1.0000489950180054,
					"bytes":	3127263528,
					"bits_per_second":	25016882521.390427,
					"retransmits":	10118,
					"snd_cwnd":	13032,
					"rtt":	615,
					"rttvar":	509,
					"pmtu":	1500,
					"omitted":	false,
					"sender":	true
				}],
			"sum":	{
				"start":	2.000148,
				"end":	3.000197,
				"seconds":	1.0000489950180054,
				"bytes":	3127263528,
				"bits_per_second":	25016882521.390427,
				"retransmits":	10118,
				"omitted":	false,
				"sender":	true
			}
		}, {
			"streams":	[{
					"socket":	5,
					"start":	3.000197,
					"end":	4.000066,
					"seconds":	0.99986898899078369,
					"bytes":	1760601880,
					"bits_per_second":	14086660547.61483,
					"retransmits":	6162,
					"snd_cwnd":	2896,
					"rtt":	136,
					"rttvar":	251,
					"pmtu":	1500,
					"omitted":	false,
					"sender":	true
				}],
			"sum":	{
				"start":	3.000197,
				"end":	4.000066,
				"seconds":	0.99986898899078369,
				"bytes":	1760601880,
				"bits_per_second":	14086660547.61483,
				"retransmits":	6162,
				"omitted":	false,
				"sender":	true
			}
		}, {
			"streams":	[{
					"socket":	5,
					"start":	4.000066,
					"end":	5.0001,
					"seconds":	1.000033974647522,
					"bytes":	1642945232,
					"bits_per_second":	13143115323.289551,
					"retransmits":	5924,
					"snd_cwnd":	23168,
					"rtt":	140,
					"rttvar":	250,
					"pmtu":	1500,
					"omitted":	false,
					"sender":	true
				}],
			"sum":	{
				"start":	4.000066,
				"end":	5.0001,
				"seconds":	1.000033974647522,
				"bytes":	1642945232,
				"bits_per_second":	13143115323.289551,
				"retransmits":	5924,
				"omitted":	false,
				"sender":	true
			}
		}, {
			"streams":	[{
					"socket":	5,
					"start":	5.0001,
					"end":	6.000025,
					"seconds":	0.99992501735687256,
					"bytes":	2960254248,
					"bits_per_second":	23683809858.662529,
					"retransmits":	10865,
					"snd_cwnd":	121632,
					"rtt":	19,
					"rttvar":	5,
					"pmtu":	1500,
					"omitted":	false,
					"sender":	true
				}],
			"sum":	{
				"start":	5.0001,
				"end":	6.000025,
				"seconds":	0.99992501735687256,
				"bytes":	2960254248,
				"bits_per_second":	23683809858.662529,
				"retransmits":	10865,
				"omitted":	false,
				"sender":	true
			}
		}, {
			"streams":	[{
					"socket":	5,
					"start":	6.000025,
					"end":	7.000191,
					"seconds":	1.0001660585403442,
					"bytes":	3546995800,
					"bits_per_second":	28371255110.788567,
					"retransmits":	13451,
					"snd_cwnd":	4344,
					"rtt":	249,
					"rttvar":	400,
					"pmtu":	1500,
					"omitted":	false,
					"sender":	true
				}],
			"sum":	{
				"start":	6.000025,
				"end":	7.000191,
				"seconds":	1.0001660585403442,
				"bytes":	3546995800,
				"bits_per_second":	28371255110.788567,
				"retransmits":	13451,
				"omitted":	false,
				"sender":	true
			}
		}, {
			"streams":	[{
					"socket":	5,
					"start":	7.000191,
					"end":	8.000059,
					"seconds":	0.99986797571182251,
					"bytes":	1817347024,
					"bits_per_second":	14540695917.028051,
					"retransmits":	7473,
					"snd_cwnd":	8688,
					"rtt":	497,
					"rttvar":	540,
					"pmtu":	1500,
					"omitted":	false,
					"sender":	true
				}],
			"sum":	{
				"start":	7.000191,
				"end":	8.000059,
				"seconds":	0.99986797571182251,
				"bytes":	1817347024,
				"bits_per_second":	14540695917.028051,
				"retransmits":	7473,
				"omitted":	false,
				"sender":	true
			}
		}, {
			"streams":	[{
					"socket":	5,
					"start":	8.000059,
					"end":	9.000119,
					"seconds":	1.000059962272644,
					"bytes":	2938055792,
					"bits_per_second":	23503037040.485016,
					"retransmits":	10570,
					"snd_cwnd":	92672,
					"rtt":	98,
					"rttvar":	154,
					"pmtu":	1500,
					"omitted":	false,
					"sender":	true
				}],
			"sum":	{
				"start":	8.000059,
				"end":	9.000119,
				"seconds":	1.000059962272644,
				"bytes":	2938055792,
				"bits_per_second":	23503037040.485016,
				"retransmits":	10570,
				"omitted":	false,
				"sender":	true
			}
		}, {
			"streams":	[{
					"socket":	5,
					"start":	9.000119,
					"end":	10.000125,
					"seconds":	1.0000059604644775,
					"bytes":	4104269000,
					"bits_per_second":	32833956294.36985,
					"retransmits":	13977,
					"snd_cwnd":	46336,
					"rtt":	197,
					"rttvar":	322,
					"pmtu":	1500,
					"omitted":	false,
					"sender":	true
				}],
			"sum":	{
				"start":	9.000119,
				"end":	10.000125,
				"seconds":	1.0000059604644775,
				"bytes":	4104269000,
				"bits_per_second":	32833956294.36985,
				"retransmits":	13977,
				"omitted":	false,
				"sender":	true
			}
		}, {
			"streams":	[{
					"socket":	5,
					"start":	10.000125,
					"end":	11.000092,
					"seconds":	0.99996697902679443,
					"bytes":	3054175072,
					"bits_per_second":	24434207417.308426,
					"retransmits":	10692,
					"snd_cwnd":	178104,
					"rtt":	19,
					"rttvar":	3,
					"pmtu":	1500,
					"omitted":	false,
					"sender":	true
				}],
			"sum":	{
				"start":	10.000125,
				"end":	11.000092,
				"seconds":	0.99996697902679443,
				"bytes":	3054175072,
				"bits_per_second":	24434207417.308426,
				"retransmits":	10692,
				"omitted":	false,
				"sender":	true
			}
		}, {
			"streams":	[{
					"socket":	5,
					"start":	11.000092,
					"end":	12.000223,
					"seconds":	1.0001310110092163,
					"bytes":	2701593504,
					"bits_per_second":	21609916894.978508,
					"retransmits":	9655,
					"snd_cwnd":	181000,
					"rtt":	19,
					"rttvar":	11,
					"pmtu":	1500,
					"omitted":	false,
					"sender":	true
				}],
			"sum":	{
				"start":	11.000092,
				"end":	12.000223,
				"seconds":	1.0001310110092163,
				"bytes":	2701593504,
				"bits_per_second":	21609916894.978508,
				"retransmits":	9655,
				"omitted":	false,
				"sender":	true
			}
		}, {
			"streams":	[{
					"socket":	5,
					"start":	12.000223,
					"end":	13.001622,
					"seconds":	1.001399040222168,
					"bytes":	1848567504,
					"bits_per_second":	14767879175.038006,
					"retransmits":	6201,