{
	"start":	{
		"connected":	[{
				"socket":	5,
				"local_host":	"10.5.0.20",
				"local_port":	42074,
				"remote_host":	"10.5.0.10",
				"remote_port":	5201
			}],
		"version":	"iperf 3.9",
		"system_info":	"Linux client 6.8.0-65-generic #68~22.04.1-Ubuntu SMP PREEMPT_DYNAMIC Tue Jul 15 18:06:34 UTC 2 x86_64",
		"timestamp":	{
			"time":	"Fri, 01 Aug 2025 04:31:30 GMT",
			"timesecs":	1754022690
		},
		"connecting_to":	{
			"host":	"10.5.0.10",
			"port":	5201
		},
		"cookie":	"tvl3jh2exbu6ft4k575dnpmwjq4rjtvbwozp",
		"tcp_mss_default":	1448,
		"sock_bufsize":	262144,
		"sndbuf_actual":	425984,
		"rcvbuf_actual":	425984,
		"test_start":	{
			"protocol":	"TCP",
			"num_streams":	1,
			"blksize":	131072,
			"omit":	0,
			"duration":	20,
			"bytes":	0,
			"blocks":	0,
			"reverse":	0,
			"tos":	0
		}
	},
	"intervals":	[{
			"streams":	[{
					"socket":	5,
					"start":	0,
					"end":	1.000033,
					"seconds":	1.0000330209732056,
					"bytes":	5385131980,
					"bits_per_second":	43079633308.5828,
					"retransmits":	10959,
					"snd_cwnd":	422816,
					"rtt":	17,
					"rttvar":	4,
					"pmtu":	1500,
					"omitted":	false,
					"sender":	true
				}],
			"sum":	{
				"start":	0,
				"end":	1.000033,
				"seconds":	1.0000330209732056,
				"bytes":	5385131980,
				"bits_per_second":	43079633308.5828,
				"retransmits":	10959,
				"omitted":	false,
				"sender":	true
			}
		}, {
			"streams":	[{
					"socket":	5,
					"start":	1.000033,
					"end":	2.000127,
					"seconds":	1.0000940561294556,
					"bytes":	5518215272,
					"bits_per_second":	44141570390.740959,
					"retransmits":	11893,
					"snd_cwnd":	408336,
					"rtt":	20,
					"rttvar":	5,
					"pmtu":	1500,
					"omitted":	false,
					"sender":	true
				}],
			"sum":	{
				"start":	1.000033,
				"end":	2.000127,
				"seconds":	1.0000940561294556,
				"bytes":	5518215272,
				"bits_per_second":	44141570390.740959,
				"retransmits":	11893,
				"omitted":	false,
				"sender":	true
			}
		}, {
			"streams":	[{
					"socket":	5,
					"start":	2.000127,
					"end":	3.000204,
					"seconds":	1.00007700920105,
					"bytes":	5723711912,
					"bits_per_second":	45786169339.680023,
					"retransmits":	12197,
					"snd_cwnd":	472048,
					"rtt":	14,
					"rttvar":	6,
					"pmtu":	1500,
					"omitted":	false,
					"sender":	true
				}],
			"sum":	{
				"start":	2.000127,
				"end":	3.000204,
				"seconds":	1.00007700920105,
				"bytes":	5723711912,
				"bits_per_second":	45786169339.680023,
				"retransmits":	12197,
				"omitted":	false,
				"sender":	true
			}
		}, {
			"streams":	[{
					"socket":	5,
					"start":	3.000204,
					"end":	4.000052,
					"seconds":	0.99984800815582275,
					"bytes":	5349667852,
					"bits_per_second":	42803848651.894485,
					"retransmits":	11852,
					"snd_cwnd":	408336,
					"rtt":	25,
					"rttvar":	6,
					"pmtu":	1500,
					"omitted":	false,
					"sender":	true
				}],
			"sum":	{
				"start":	3.000204,
				"end":	4.000052,
				"seconds":	0.99984800815582275,
				"bytes":	5349667852,
				"bits_per_second":	42803848651.894485,
				"retransmits":	11852,
				"omitted":	false,
				"sender":	true
			}
		}, {
			"streams":	[{
					"socket":	5,
					"start":	4.000052,
					"end":	5.000218,
					"seconds":	1.0001660585403442,
					"bytes":	5746790232,
					"bits_per_second":	45966688694.7709,
					"retransmits":	12275,
					"snd_cwnd":	399648,
					"rtt":	18,
					"rttvar":	4,
					"pmtu":	1500,
					"omitted":	false,
					"sender":	true
				}],
			"sum":	{
				"start":	4.000052,
				"end":	5.000218,
				"seconds":	1.0001660585403442,
				"bytes":	5746790232,
				"bits_per_second":	45966688694.7709,
				"retransmits":	12275,
				"omitted":	false,
				"sender":	true
			}
		}, {
			"streams":	[{
					"socket":	5,
					"start":	5.000218,
					"end":	6.00013,
					"seconds":	0.99991202354431152,
					"bytes":	4243963596,
					"bits_per_second":	33954695981.806458,
					"retransmits":	9513,
					"snd_cwnd":	382272,
					"rtt":	125,
					"rttvar":	217,
					"pmtu":	1500,
					"omitted":	false,
					"sender":	true
				}],
			"sum":	{
				"start":	5.000218,
				"end":	6.00013,
				"seconds":	0.99991202354431152,
				"bytes":	4243963596,
				"bits_per_second":	33954695981.806458,
				"retransmits":	9513,
				"omitted":	false,
				"sender":	true
			}
		}, {
			"streams":	[{
					"socket":	5,
					"start":	6.00013,
					"end":	7.000219,
					"seconds":	1.0000890493392944,
					"bytes":	4837769876,
					"bits_per_second":	38698712913.183533,
					"retransmits":	10816,
					"snd_cwnd":	5792,
					"rtt":	141,
					"rttvar":	248,
					"pmtu":	1500,
					"omitted":	false,
					"sender":	true
				}],
			"sum":	{
				"start":	6.00013,
				"end":	7.000219,
				"seconds":	1.0000890493392944,
				"bytes":	4837769876,
				"bits_per_second":	38698712913.183533,
				"retransmits":	10816,
				"omitted":	false,
				"sender":	true
			}
		}, {
			"streams":	[{
					"socket":	5,
					"start":	7.000219,
					"end":	8.000173,
					"seconds":	0.9999539852142334,
					"bytes":	3749151048,
					"bits_per_second":	29994588578.5676,
					"retransmits":	8038,
					"snd_cwnd":	385168,
					"rtt":	22,
					"rttvar":	5,
					"pmtu":	1500,
					"omitted":	false,
					"sender":	true
				}],
			"sum":	{
				"start":	7.000219,
				"end":	8.000173,
				"seconds":	0.9999539852142334,
				"bytes":	3749151048,
				"bits_per_second":	29994588578.5676,
				"retransmits":	8038,
				"omitted":	false,
				"sender":	true
			}
		}, {
			"streams":	[{
					"socket":	5,
					"start":	8.000173,
					"end":	9.00018,
					"seconds":	1.0000070333480835,
					"bytes":	3809981008,
					"bits_per_second":	30479633690.1268,
					"retransmits":	7990,
					"snd_cwnd":	65160,
					"rtt":	23,
					"rttvar":	14,
					"pmtu":	1500,
					"omitted":	false,
					"sender":	true
				}],
			"sum":	{
				"start":	8.000173,
				"end":	9.00018,
				"seconds":	1.0000070333480835,
				"bytes":	3809981008,
				"bits_per_second":	30479633690.1268,
				"retransmits":	7990,
				"omitted":	false,
				"sender":	true
			}
		}, {
			"streams":	[{
					"socket":	5,
					"start":	9.00018,
					"end":	10.000079,
					"seconds":	0.99989902973175049,
					"bytes":	5057477768,
					"bits_per_second":	40463907795.62455,
					"retransmits":	11090,
					"snd_cwnd":	431504,
					"rtt":	19,
					"rttvar":	4,
					"pmtu":	1500,
					"omitted":	false,
					"sender":	true
				}],
			"sum":	{
				"start":	9.00018,
				"end":	10.000079,
				"seconds":	0.99989902973175049,
				"bytes":	5057477768,
				"bits_per_second":	40463907795.62455,
				"retransmits":	11090,
				"omitted":	false,
				"sender":	true
			}
		}, {
			"streams":	[{
					"socket":	5,
					"start":	10.000079,
					"end":	11.00075,
					"seconds":	1.0006710290908813,
					"bytes":	4801441736,
					"bits_per_second":	38385775915.684525,
					"retransmits":	8257,
					"snd_cwnd":	5792,
					"rtt":	9,
					"rttvar":	4,
					"pmtu":	1500,
					"omitted":	false,
					"sender":	true
				}],
			"sum":	{
				"start":	10.000079,
				"end":	11.00075,
				"seconds":	1.0006710290908813,
				"bytes":	4801441736,
				"bits_per_second":	38385775915.684525,
				"retransmits":	8257,
				"omitted":	false,
				"sender":	true
			}
		}, {
			"streams":	[{
					"socket":	5,
					"start":	11.00075,
					"end":	12.000114,
					"seconds":	0.99936401844024658,
					"bytes":	5163413004,
					"bits_per_second":	41333591433.950371,
					"retransmits":	11087,
					"snd_cwnd":	402544,
					"rtt":	18,
					"rttvar":	4,
					"pmtu":	1500,
					"omitted":	false,
					"sender":	true
				}],
			"sum":	{
				"start":	11.00075,
				"end":	12.000114,
				"seconds":	0.99936401844024658,
				"bytes":	5163413004,
				"bits_per_second":	41333591433.950371,
				"retransmits":	11087,
				"omitted":	false,
				"sender":	true
			}
		}, {
			"streams":	[{
					"socket":	5,
					"start":	12.000114,
					"end":	13.000086,
					"seconds":	0.99997198581695557,
					"bytes":	1914220188,
					"bits_per_second":	15314190518.536364,
					"retransmits":	3864,