{
	"start":	{
		"connected":	[{
				"socket":	5,
				"local_host":	"10.5.0.20",
				"local_port":	44284,
				"remote_host":	"10.5.0.10",
				"remote_port":	5201
			}],
		"version":	"iperf 3.9",
		"system_info":	"Linux client 6.8.0-65-generic #68~22.04.1-Ubuntu SMP PREEMPT_DYNAMIC Tue Jul 15 18:06:34 UTC 2 x86_64",
		"timestamp":	{
			"time":	"Fri, 01 Aug 2025 04:50:29 GMT",
			"timesecs":	1754023829
		},
		"connecting_to":	{
			"host":	"10.5.0.10",
			"port":	5201
		},
		"cookie":	"yopd2vfnlfzbklexkavki2tcuyl5dyhgfqqx",
		"tcp_mss_default":	1448,
		"sock_bufsize":	0,
		"sndbuf_actual":	16384,
		"rcvbuf_actual":	131072,
		"test_start":	{
			"protocol":	"TCP",
			"num_streams":	1,
			"blksize":	131072,
			"omit":	0,
			"duration":	10,
			"bytes":	0,
			"blocks":	0,
			"reverse":	0,
			"tos":	0
		}
	},
	"intervals":	[{
			"streams":	[{
					"socket":	5,
					"start":	0,
					"end":	1.000748,
					"seconds":	1.0007480382919312,
					"bytes":	3851680,
					"bits_per_second":	30790407.596093953,
					"retransmits":	0,
					"snd_cwnd":	14480,
					"rtt":	121813,
					"rttvar":	10655,
					"pmtu":	1500,
					"omitted":	false,
					"sender":	true
				}],
			"sum":	{
				"start":	0,
				"end":	1.000748,
				"seconds":	1.0007480382919312,
				"bytes":	3851680,
				"bits_per_second":	30790407.596093953,
				"retransmits":	0,
				"omitted":	false,
				"sender":	true
			}
		}, {
			"streams":	[{
					"socket":	5,
					"start":	1.000748,
					"end":	2.000182,
					"seconds":	0.999433994293213,
					"bytes":	1172880,
					"bits_per_second":	9388353.86186315,
					"retransmits":	0,
					"snd_cwnd":	14480,
					"rtt":	10197,
					"rttvar":	1658,
					"pmtu":	1500,
					"omitted":	false,
					"sender":	true
				}],
			"sum":	{
				"start":	1.000748,
				"end":	2.000182,
				"seconds":	0.999433994293213,
				"bytes":	1172880,
				"bits_per_second":	9388353.86186315,
				"retransmits":	0,
				"omitted":	false,
				"sender":	true
			}
		}, {
			"streams":	[{
					"socket":	5,
					"start":	2.000182,
					"end":	3.000757,
					"seconds":	1.0005749464035034,
					"bytes":	1172880,
					"bits_per_second":	9377648.3548050858,
					"retransmits":	0,
					"snd_cwnd":	14480,
					"rtt":	10326,
					"rttvar":	1143,
					"pmtu":	1500,
					"omitted":	false,
					"sender":	true
				}],
			"sum":	{
				"start":	2.000182,
				"end":	3.000757,
				"seconds":	1.0005749464035034,
				"bytes":	1172880,
				"bits_per_second":	9377648.3548050858,
				"retransmits":	0,
				"omitted":	false,
				"sender":	true
			}
		}, {
			"streams":	[{
					"socket":	5,
					"start":	3.000757,
					"end":	4.000878,
					"seconds":	1.000120997428894,
					"bytes":	1172880,
					"bits_per_second":	9381904.81363942,
					"retransmits":	0,
					"snd_cwnd":	14480,
					"rtt":	10458,
					"rttvar":	1343,
					"pmtu":	1500,
					"omitted":	false,
					"sender":	true
				}],
			"sum":	{
				"start":	3.000757,
				"end":	4.000878,
				"seconds":	1.000120997428894,
				"bytes":	1172880,
				"bits_per_second":	9381904.81363942,
				"retransmits":	0,
				"omitted":	false,
				"sender":	true
			}
		}, {
			"streams":	[{
					"socket":	5,
					"start":	4.000878,
					"end":	5.000381,
					"seconds":	0.99950301647186279,
					"bytes":	1172880,
					"bits_per_second":	9387705.5350179058,
					"retransmits":	0,
					"snd_cwnd":	14480,
					"rtt":	9520,
					"rttvar":	972,
					"pmtu":	1500,
					"omitted":	false,
					"sender":	true
				}],
			"sum":	{
				"start":	4.000878,
				"end":	5.000381,
				"seconds":	0.99950301647186279,
				"bytes":	1172880,
				"bits_per_second":	9387705.5350179058,
				"retransmits":	0,
				"omitted":	false,
				"sender":	true
			}
		}, {
			"streams":	[{
					"socket":	5,
					"start":	5.000381,
					"end":	6.000892,
					"seconds":	1.0005110502243042,
					"bytes":	1172880,
					"bits_per_second":	9378247.2446420453,
					"retransmits":	0,
					"snd_cwnd":	14480,
					"rtt":	9473,
					"rttvar":	957,
					"pmtu":	1500,
					"omitted":	false,
					"sender":	true
				}],
			"sum":	{
				"start":	5.000381,
				"end":	6.000892,
				"seconds":	1.0005110502243042,
				"bytes":	1172880,
				"bits_per_second":	9378247.2446420453,
				"retransmits":	0,
				"omitted":	false,
				"sender":	true
			}
		}, {
			"streams":	[{
					"socket":	5,
					"start":	6.000892,
					"end":	7.000933,
					"seconds":	1.0000410079956055,
					"bytes":	1172880,
					"bits_per_second":	9382655.23611531,
					"retransmits":	0,
					"snd_cwnd":	14480,
					"rtt":	10172,
					"rttvar":	1337,
					"pmtu":	1500,
					"omitted":	false,
					"sender":	true
				}],
			"sum":	{
				"start":	6.000892,
				"end":	7.000933,
				"seconds":	1.0000410079956055,
				"bytes":	1172880,
				"bits_per_second":	9382655.23611531,
				"retransmits":	0,
				"omitted":	false,
				"sender":	true
			}
		}, {
			"streams":	[{
					"socket":	5,
					"start":	7.000933,
					"end":	8.000063,
					"seconds":	0.9991300106048584,
					"bytes":	1172880,
					"bits_per_second":	9391210.25332794,
					"retransmits":	0,
					"snd_cwnd":	14480,
					"rtt":	10697,
					"rttvar":	1377,
					"pmtu":	1500,
					"omitted":	false,
					"sender":	true
				}],
			"sum":	{
				"start":	7.000933,
				"end":	8.000063,
				"seconds":	0.9991300106048584,
				"bytes":	1172880,
				"bits_per_second":	9391210.25332794,
				"retransmits":	0,
				"omitted":	false,
				"sender":	true
			}
		}, {
			"streams":	[{
					"socket":	5,
					"start":	8.000063,
					"end":	9.0009,
					"seconds":	1.000836968421936,
					"bytes":	1172880,
					"bits_per_second":	9375193.2592924256,
					"retransmits":	0,
					"snd_cwnd":	14480,
					"rtt":	10120,
					"rttvar":	1192,
					"pmtu":	1500,
					"omitted":	false,
					"sender":	true
				}],
			"sum":	{
				"start":	8.000063,
				"end":	9.0009,
				"seconds":	1.000836968421936,
				"bytes":	1172880,
				"bits_per_second":	9375193.2592924256,
				"retransmits":	0,
				"omitted":	false,
				"sender":	true
			}
		}, {
			"streams":	[{
					"socket":	5,
					"start":	9.0009,
					"end":	10.000924,
					"seconds":	1.0000239610672,
					"bytes":	1172880,
					"bits_per_second":	9382815.1777350046,
					"retransmits":	0,
					"snd_cwnd":	5792,
					"rtt":	5884,
					"rttvar":	1541,
					"pmtu":	1500,
					"omitted":	false,
					"sender":	true
				}],
			"sum":	{
				"start":	9.0009,
				"end":	10.000924,
				"seconds":	1.0000239610672,
				"bytes":	1172880,
				"bits_per_second":	9382815.1777350046,
				"retransmits":	0,
				"omitted":	false,
				"sender":	true
			}
		}],
	"end":	{
		"streams":	[{
				"sender":	{
					"socket":	5,
					"start":	0,
					"end":	10.000924,
					"seconds":	10.000924,
					"bytes":	14407600,
					"bits_per_second":	11525015.088605814,
					"retransmits":	0,
					"max_snd_cwnd":	14480,
					"max_rtt":	121813,
					"min_rtt":	5884,
					"mean_rtt":	20866,
					"sender":	true
				},
				"receiver":	{
					"socket":	5,
					"start":	0,
					"end":	10.12559,
					"seconds":	10.000924,
					"bytes":	12058624,
					"bits_per_second":	9527246.5110675,
					"sender":	true
				}
			}],
		"sum_sent":	{
			"start":	0,
			"end":	10.000924,
			"seconds":	10.000924,
			"bytes":	14407600,
			"bits_per_second":	11525015.088605814,
			"retransmits":	0,
			"sender":	true
		},
		"sum_received":	{
			"start":	0,
			"end":	10.12559,
			"seconds":	10.12559,
			"bytes":	12058624,
			"bits_per_second":	9527246.5110675,
			"sender":	true
		},
		"cpu_utilization_percent":	{
			"host_total":	0.44535144162730261,
			"host_user":	0.0393152598848769,
			"host_system":	0.40603618174242578,
			"remote_total":	1.5017926370998895,
			"remote_user":	0.16526373923772789,
			"remote_system":	1.3365288978621617
		},
		"sender_tcp_congestion":	"bbr",
		"receiver_tcp_congestion":	"cubic"
	}
}
