{
	"start":	{
		"connected":	[{
				"socket":	5,
				"local_host":	"10.5.0.20",
				"local_port":	54876,
				"remote_host":	"10.5.0.10",
				"remote_port":	5201
			}],
		"version":	"iperf 3.9",
		"system_info":	"Linux client 6.8.0-65-generic #68~22.04.1-Ubuntu SMP PREEMPT_DYNAMIC Tue Jul 15 18:06:34 UTC 2 x86_64",
		"timestamp":	{
			"time":	"Fri, 01 Aug 2025 04:49:08 GMT",
			"timesecs":	1754023748
		},
		"connecting_to":	{
			"host":	"10.5.0.10",
			"port":	5201
		},
		"cookie":	"nkekfhy7tgbsg6fxpswfdfy6ni7bxcshj4z3",
		"tcp_mss_default":	1448,
		"sock_bufsize":	0,
		"sndbuf_actual":	16384,
		"rcvbuf_actual":	131072,
		"test_start":	{
			"protocol":	"TCP",
			"num_streams":	1,
			"blksize":	131072,
			"omit":	0,
			"duration":	10,
			"bytes":	0,
			"blocks":	0,
			"reverse":	0,
			"tos":	0
		}
	},
	"intervals":	[{
			"streams":	[{
					"socket":	5,
					"start":	0,
					"end":	1.000151,
					"seconds":	1.0001510381698608,
					"bytes":	6454296,
					"bits_per_second":	51626570.417287983,
					"retransmits":	0,
					"snd_cwnd":	3197184,
					"rtt":	100109,
					"rttvar":	44,
					"pmtu":	1500,
					"omitted":	false,
					"sender":	true
				}],
			"sum":	{
				"start":	0,
				"end":	1.000151,
				"seconds":	1.0001510381698608,
				"bytes":	6454296,
				"bits_per_second":	51626570.417287983,
				"retransmits":	0,
				"omitted":	false,
				"sender":	true
			}
		}, {
			"streams":	[{
					"socket":	5,
					"start":	1.000151,
					"end":	2.000116,
					"seconds":	0.999965012073517,
					"bytes":	35389440,
					"bits_per_second":	283125425.97158939,
					"retransmits":	0,
					"snd_cwnd":	10469040,
					"rtt":	100067,
					"rttvar":	37,
					"pmtu":	1500,
					"omitted":	false,
					"sender":	true
				}],
			"sum":	{
				"start":	1.000151,
				"end":	2.000116,
				"seconds":	0.999965012073517,
				"bytes":	35389440,
				"bits_per_second":	283125425.97158939,
				"retransmits":	0,
				"omitted":	false,
				"sender":	true
			}
		}, {
			"streams":	[{
					"socket":	5,
					"start":	2.000116,
					"end":	3.000062,
					"seconds":	0.9999459981918335,
					"bytes":	35389440,
					"bits_per_second":	283130809.57566476,
					"retransmits":	0,
					"snd_cwnd":	10469040,
					"rtt":	100024,
					"rttvar":	19,
					"pmtu":	1500,
					"omitted":	false,
					"sender":	true
				}],
			"sum":	{
				"start":	2.000116,
				"end":	3.000062,
				"seconds":	0.9999459981918335,
				"bytes":	35389440,
				"bits_per_second":	283130809.57566476,
				"retransmits":	0,
				"omitted":	false,
				"sender":	true
			}
		}, {
			"streams":	[{
					"socket":	5,
					"start":	3.000062,
					"end":	4.000105,
					"seconds":	1.0000430345535278,
					"bytes":	35389440,
					"bits_per_second":	283103336.77429968,
					"retransmits":	0,
					"snd_cwnd":	10469040,
					"rtt":	100061,
					"rttvar":	14,
					"pmtu":	1500,
					"omitted":	false,
					"sender":	true
				}],
			"sum":	{
				"start":	3.000062,
				"end":	4.000105,
				"seconds":	1.0000430345535278,
				"bytes":	35389440,
				"bits_per_second":	283103336.77429968,
				"retransmits":	0,
				"omitted":	false,
				"sender":	true
			}
		}, {
			"streams":	[{
					"socket":	5,
					"start":	4.000105,
					"end":	5.000264,
					"seconds":	1.0001590251922607,
					"bytes":	35389440,
					"bits_per_second":	283070504.65857333,
					"retransmits":	0,
					"snd_cwnd":	10469040,
					"rtt":	100057,
					"rttvar":	19,
					"pmtu":	1500,
					"omitted":	false,
					"sender":	true
				}],
			"sum":	{
				"start":	4.000105,
				"end":	5.000264,
				"seconds":	1.0001590251922607,
				"bytes":	35389440,
				"bits_per_second":	283070504.65857333,
				"retransmits":	0,
				"omitted":	false,
				"sender":	true
			}
		}, {
			"streams":	[{
					"socket":	5,
					"start":	5.000264,
					"end":	6.00011,
					"seconds":	0.99984598159790039,
					"bytes":	34078720,
					"bits_per_second":	272671756.468229,
					"retransmits":	0,
					"snd_cwnd":	10469040,
					"rtt":	100104,
					"rttvar":	73,
					"pmtu":	1500,
					"omitted":	false,
					"sender":	true
				}],
			"sum":	{
				"start":	5.000264,
				"end":	6.00011,
				"seconds":	0.99984598159790039,
				"bytes":	34078720,
				"bits_per_second":	272671756.468229,
				"retransmits":	0,
				"omitted":	false,
				"sender":	true
			}
		}, {
			"streams":	[{
					"socket":	5,
					"start":	6.00011,
					"end":	7.000103,
					"seconds":	0.99999302625656128,
					"bytes":	35389440,
					"bits_per_second":	283117494.38876885,
					"retransmits":	0,
					"snd_cwnd":	10469040,
					"rtt":	100059,
					"rttvar":	31,
					"pmtu":	1500,
					"omitted":	false,
					"sender":	true
				}],
			"sum":	{
				"start":	6.00011,
				"end":	7.000103,
				"seconds":	0.99999302625656128,
				"bytes":	35389440,
				"bits_per_second":	283117494.38876885,
				"retransmits":	0,
				"omitted":	false,
				"sender":	true
			}
		}, {
			"streams":	[{
					"socket":	5,
					"start":	7.000103,
					"end":	8.000105,
					"seconds":	1.0000020265579224,
					"bytes":	35389440,
					"bits_per_second":	283114946.25116271,
					"retransmits":	0,
					"snd_cwnd":	10469040,
					"rtt":	100092,
					"rttvar":	40,
					"pmtu":	1500,
					"omitted":	false,
					"sender":	true
				}],
			"sum":	{
				"start":	7.000103,
				"end":	8.000105,
				"seconds":	1.0000020265579224,
				"bytes":	35389440,
				"bits_per_second":	283114946.25116271,
				"retransmits":	0,
				"omitted":	false,
				"sender":	true
			}
		}, {
			"streams":	[{
					"socket":	5,
					"start":	8.000105,
					"end":	9.000161,
					"seconds":	1.0000560283660889,
					"bytes":	35389440,
					"bits_per_second":	283099658.38870019,
					"retransmits":	0,
					"snd_cwnd":	10469040,
					"rtt":	100090,
					"rttvar":	62,
					"pmtu":	1500,
					"omitted":	false,
					"sender":	true
				}],
			"sum":	{
				"start":	8.000105,
				"end":	9.000161,
				"seconds":	1.0000560283660889,
				"bytes":	35389440,
				"bits_per_second":	283099658.38870019,
				"retransmits":	0,
				"omitted":	false,
				"sender":	true
			}
		}, {
			"streams":	[{
					"socket":	5,
					"start":	9.000161,
					"end":	10.000177,
					"seconds":	1.0000159740448,
					"bytes":	35389440,
					"bits_per_second":	283110997.57224149,
					"retransmits":	0,
					"snd_cwnd":	10469040,
					"rtt":	100048,
					"rttvar":	25,
					"pmtu":	1500,
					"omitted":	false,
					"sender":	true
				}],
			"sum":	{
				"start":	9.000161,
				"end":	10.000177,
				"seconds":	1.0000159740448,
				"bytes":	35389440,
				"bits_per_second":	283110997.57224149,
				"retransmits":	0,
				"omitted":	false,
				"sender":	true
			}
		}],
	"end":	{
		"streams":	[{
				"sender":	{
					"socket":	5,
					"start":	0,
					"end":	10.000177,
					"seconds":	10.000177,
					"bytes":	323648536,
					"bits_per_second":	258914246.01784545,
					"retransmits":	0,
					"max_snd_cwnd":	10469040,
					"max_rtt":	100109,
					"min_rtt":	100024,
					"mean_rtt":	100071,
					"sender":	true
				},
				"receiver":	{
					"socket":	5,
					"start":	0,
					"end":	20.10512,
					"seconds":	10.000177,
					"bytes":	323648536,
					"bits_per_second":	128782533.40442634,
					"sender":	true
				}
			}],
		"sum_sent":	{
			"start":	0,
			"end":	10.000177,
			"seconds":	10.000177,
			"bytes":	323648536,
			"bits_per_second":	258914246.01784545,
			"retransmits":	0,
			"sender":	true
		},
		"sum_received":	{
			"start":	0,
			"end":	20.10512,
			"seconds":	20.10512,
			"bytes":	323648536,
			"bits_per_second":	128782533.40442634,
			"sender":	true
		},
		"cpu_utilization_percent":	{
			"host_total":	3.3077079013798576,
			"host_user":	0.24771050626267521,
			"host_system":	3.0599973951171822,
			"remote_total":	1.5255994902071535,
			"remote_user":	0.17726735460042414,
			"remote_system":	1.3483277311205666
		},
		"sender_tcp_congestion":	"bbr",
		"receiver_tcp_congestion":	"cubic"
	}
}
