{
	"start":	{
		"connected":	[{
				"socket":	5,
				"local_host":	"10.5.0.20",
				"local_port":	52058,
				"remote_host":	"10.5.0.10",
				"remote_port":	5201
			}],
		"version":	"iperf 3.9",
		"system_info":	"Linux client 6.8.0-65-generic #68~22.04.1-Ubuntu SMP PREEMPT_DYNAMIC Tue Jul 15 18:06:34 UTC 2 x86_64",
		"timestamp":	{
			"time":	"Fri, 01 Aug 2025 04:40:18 GMT",
			"timesecs":	1754023218
		},
		"connecting_to":	{
			"host":	"10.5.0.10",
			"port":	5201
		},
		"cookie":	"7fx64cp64w5ftp34xfozjmd6dpsrbj4sldhr",
		"tcp_mss_default":	1448,
		"sock_bufsize":	0,
		"sndbuf_actual":	16384,
		"rcvbuf_actual":	131072,
		"test_start":	{
			"protocol":	"TCP",
			"num_streams":	1,
			"blksize":	131072,
			"omit":	0,
			"duration":	10,
			"bytes":	0,
			"blocks":	0,
			"reverse":	0,
			"tos":	0
		}
	},
	"intervals":	[{
			"streams":	[{
					"socket":	5,
					"start":	0,
					"end":	1.000085,
					"seconds":	1.00008499622345,
					"bytes":	6160384000,
					"bits_per_second":	49278883481.0083,
					"retransmits":	0,
					"snd_cwnd":	877488,
					"rtt":	21,
					"rttvar":	3,
					"pmtu":	1500,
					"omitted":	false,
					"sender":	true
				}],
			"sum":	{
				"start":	0,
				"end":	1.000085,
				"seconds":	1.00008499622345,
				"bytes":	6160384000,
				"bits_per_second":	49278883481.0083,
				"retransmits":	0,
				"omitted":	false,
				"sender":	true
			}
		}, {
			"streams":	[{
					"socket":	5,
					"start":	1.000085,
					"end":	2.000004,
					"seconds":	0.99991899728775024,
					"bytes":	6050283520,
					"bits_per_second":	48406189192.614273,
					"retransmits":	0,
					"snd_cwnd":	971608,
					"rtt":	28,
					"rttvar":	8,
					"pmtu":	1500,
					"omitted":	false,
					"sender":	true
				}],
			"sum":	{
				"start":	1.000085,
				"end":	2.000004,
				"seconds":	0.99991899728775024,
				"bytes":	6050283520,
				"bits_per_second":	48406189192.614273,
				"retransmits":	0,
				"omitted":	false,
				"sender":	true
			}
		}, {
			"streams":	[{
					"socket":	5,
					"start":	2.000004,
					"end":	3.00005,
					"seconds":	1.0000460147857666,
					"bytes":	5950191904,
					"bits_per_second":	47599344958.3391,
					"retransmits":	0,
					"snd_cwnd":	1830272,
					"rtt":	29,
					"rttvar":	16,
					"pmtu":	1500,
					"omitted":	false,
					"sender":	true
				}],
			"sum":	{
				"start":	2.000004,
				"end":	3.00005,
				"seconds":	1.0000460147857666,
				"bytes":	5950191904,
				"bits_per_second":	47599344958.3391,
				"retransmits":	0,
				"omitted":	false,
				"sender":	true
			}
		}, {
			"streams":	[{
					"socket":	5,
					"start":	3.00005,
					"end":	4.000075,
					"seconds":	1.0000250339508057,
					"bytes":	5755371520,
					"bits_per_second":	46041819551.354347,
					"retransmits":	0,
					"snd_cwnd":	1830272,
					"rtt":	16,
					"rttvar":	4,
					"pmtu":	1500,
					"omitted":	false,
					"sender":	true
				}],
			"sum":	{
				"start":	3.00005,
				"end":	4.000075,
				"seconds":	1.0000250339508057,
				"bytes":	5755371520,
				"bits_per_second":	46041819551.354347,
				"retransmits":	0,
				"omitted":	false,
				"sender":	true
			}
		}, {
			"streams":	[{
					"socket":	5,
					"start":	4.000075,
					"end":	5.000119,
					"seconds":	1.0000439882278442,
					"bytes":	5782896640,
					"bits_per_second":	46261138174.513649,
					"retransmits":	0,
					"snd_cwnd":	1830272,
					"rtt":	14,
					"rttvar":	6,
					"pmtu":	1500,
					"omitted":	false,
					"sender":	true
				}],
			"sum":	{
				"start":	4.000075,
				"end":	5.000119,
				"seconds":	1.0000439882278442,
				"bytes":	5782896640,
				"bits_per_second":	46261138174.513649,
				"retransmits":	0,
				"omitted":	false,
				"sender":	true
			}
		}, {
			"streams":	[{
					"socket":	5,
					"start":	5.000119,
					"end":	6.000151,
					"seconds":	1.0000319480895996,
					"bytes":	5760614400,
					"bits_per_second":	46083442922.036469,
					"retransmits":	0,
					"snd_cwnd":	2118424,
					"rtt":	33,
					"rttvar":	10,
					"pmtu":	1500,
					"omitted":	false,
					"sender":	true
				}],
			"sum":	{
				"start":	5.000119,
				"end":	6.000151,
				"seconds":	1.0000319480895996,
				"bytes":	5760614400,
				"bits_per_second":	46083442922.036469,
				"retransmits":	0,
				"omitted":	false,
				"sender":	true
			}
		}, {
			"streams":	[{
					"socket":	5,
					"start":	6.000151,
					"end":	7.000131,
					"seconds":	0.99997997283935547,
					"bytes":	6069944320,
					"bits_per_second":	48560527089.477,
					"retransmits":	0,
					"snd_cwnd":	2118424,
					"rtt":	18,
					"rttvar":	7,
					"pmtu":	1500,
					"omitted":	false,
					"sender":	true
				}],
			"sum":	{
				"start":	6.000151,
				"end":	7.000131,
				"seconds":	0.99997997283935547,
				"bytes":	6069944320,
				"bits_per_second":	48560527089.477,
				"retransmits":	0,
				"omitted":	false,
				"sender":	true
			}
		}, {
			"streams":	[{
					"socket":	5,
					"start":	7.000131,
					"end":	8.00018,
					"seconds":	1.0000489950180054,
					"bytes":	5705564160,
					"bits_per_second":	45642277035.814827,
					"retransmits":	0,
					"snd_cwnd":	3993584,
					"rtt":	14,
					"rttvar":	5,
					"pmtu":	1500,
					"omitted":	false,
					"sender":	true
				}],
			"sum":	{
				"start":	7.000131,
				"end":	8.00018,
				"seconds":	1.0000489950180054,
				"bytes":	5705564160,
				"bits_per_second":	45642277035.814827,
				"retransmits":	0,
				"omitted":	false,
				"sender":	true
			}
		}, {
			"streams":	[{
					"socket":	5,
					"start":	8.00018,
					"end":	9.000159,
					"seconds":	0.999979019165039,
					"bytes":	5746196480,
					"bits_per_second":	45970536340.236023,
					"retransmits":	0,
					"snd_cwnd":	3993584,
					"rtt":	13,
					"rttvar":	6,
					"pmtu":	1500,
					"omitted":	false,
					"sender":	true
				}],
			"sum":	{
				"start":	8.00018,
				"end":	9.000159,
				"seconds":	0.999979019165039,
				"bytes":	5746196480,
				"bits_per_second":	45970536340.236023,
				"retransmits":	0,
				"omitted":	false,
				"sender":	true
			}
		}, {
			"streams":	[{
					"socket":	5,
					"start":	9.000159,
					"end":	10.000182,
					"seconds":	1.0000230073928833,
					"bytes":	5802557440,
					"bits_per_second":	46419391530.821648,
					"retransmits":	0,
					"snd_cwnd":	3993584,
					"rtt":	13,
					"rttvar":	6,
					"pmtu":	1500,
					"omitted":	false,
					"sender":	true
				}],
			"sum":	{
				"start":	9.000159,
				"end":	10.000182,
				"seconds":	1.0000230073928833,
				"bytes":	5802557440,
				"bits_per_second":	46419391530.821648,
				"retransmits":	0,
				"omitted":	false,
				"sender":	true
			}
		}],
	"end":	{
		"streams":	[{
				"sender":	{
					"socket":	5,
					"start":	0,
					"end":	10.000182,
					"seconds":	10.000182,
					"bytes":	58784004384,
					"bits_per_second":	47026347627.673172,
					"retransmits":	0,
					"max_snd_cwnd":	3993584,
					"max_rtt":	33,
					"min_rtt":	13,
					"mean_rtt":	19,
					"sender":	true
				},
				"receiver":	{
					"socket":	5,
					"start":	0,
					"end":	20.050536,
					"seconds":	10.000182,
					"bytes":	58784004384,
					"bits_per_second":	23454337334.024387,
					"sender":	true
				}
			}],
		"sum_sent":	{
			"start":	0,
			"end":	10.000182,
			"seconds":	10.000182,
			"bytes":	58784004384,
			"bits_per_second":	47026347627.673172,
			"retransmits":	0,
			"sender":	true
		},
		"sum_received":	{
			"start":	0,
			"end":	20.050536,
			"seconds":	20.050536,
			"bytes":	58784004384,
			"bits_per_second":	23454337334.024387,
			"sender":	true
		},
		"cpu_utilization_percent":	{
			"host_total":	99.277915146475848,
			"host_user":	1.080533848303965,
			"host_system":	98.197381298171877,
			"remote_total":	24.687362421516287,
			"remote_user":	0.99017093801396538,
			"remote_system":	23.697199990222941
		},
		"sender_tcp_congestion":	"cubic",
		"receiver_tcp_congestion":	"cubic"
	}
}
