{
	"start":	{
		"connected":	[{
				"socket":	5,
				"local_host":	"10.5.0.20",
				"local_port":	46002,
				"remote_host":	"10.5.0.10",
				"remote_port":	5201
			}],
		"version":	"iperf 3.9",
		"system_info":	"Linux client 6.8.0-65-generic #68~22.04.1-Ubuntu SMP PREEMPT_DYNAMIC Tue Jul 15 18:06:34 UTC 2 x86_64",
		"timestamp":	{
			"time":	"Fri, 01 Aug 2025 02:30:33 GMT",
			"timesecs":	1754015433
		},
		"connecting_to":	{
			"host":	"10.5.0.10",
			"port":	5201
		},
		"cookie":	"hp222esmt2sohl6iownjvlt5bnlu5yxl5gum",
		"tcp_mss_default":	1448,
		"sock_bufsize":	262144,
		"sndbuf_actual":	425984,
		"rcvbuf_actual":	425984,
		"test_start":	{
			"protocol":	"TCP",
			"num_streams":	1,
			"blksize":	131072,
			"omit":	0,
			"duration":	10,
			"bytes":	0,
			"blocks":	0,
			"reverse":	0,
			"tos":	0
		}
	},
	"intervals":	[{
			"streams":	[{
					"socket":	5,
					"start":	0,
					"end":	1.000036,
					"seconds":	1.0000360012054443,
					"bytes":	5892990448,
					"bits_per_second":	47142226407.022018,
					"retransmits":	0,
					"snd_cwnd":	408336,
					"rtt":	23,
					"rttvar":	2,
					"pmtu":	1500,
					"omitted":	false,
					"sender":	true
				}],
			"sum":	{
				"start":	0,
				"end":	1.000036,
				"seconds":	1.0000360012054443,
				"bytes":	5892990448,
				"bits_per_second":	47142226407.022018,
				"retransmits":	0,
				"omitted":	false,
				"sender":	true
			}
		}, {
			"streams":	[{
					"socket":	5,
					"start":	1.000036,
					"end":	2.000045,
					"seconds":	1.0000089406967163,
					"bytes":	5613728592,
					"bits_per_second":	44909427214.431572,
					"retransmits":	1,
					"snd_cwnd":	285256,
					"rtt":	29,
					"rttvar":	24,
					"pmtu":	1500,
					"omitted":	false,
					"sender":	true
				}],
			"sum":	{
				"start":	1.000036,
				"end":	2.000045,
				"seconds":	1.0000089406967163,
				"bytes":	5613728592,
				"bits_per_second":	44909427214.431572,
				"retransmits":	1,
				"omitted":	false,
				"sender":	true
			}
		}, {
			"streams":	[{
					"socket":	5,
					"start":	2.000045,
					"end":	3.000177,
					"seconds":	1.0001319646835327,
					"bytes":	5873144360,
					"bits_per_second":	46978955317.0289,
					"retransmits":	0,
					"snd_cwnd":	285256,
					"rtt":	22,
					"rttvar":	1,
					"pmtu":	1500,
					"omitted":	false,
					"sender":	true
				}],
			"sum":	{
				"start":	2.000045,
				"end":	3.000177,
				"seconds":	1.0001319646835327,
				"bytes":	5873144360,
				"bits_per_second":	46978955317.0289,
				"retransmits":	0,
				"omitted":	false,
				"sender":	true
			}
		}, {
			"streams":	[{
					"socket":	5,
					"start":	3.000177,
					"end":	4.000183,
					"seconds":	1.0000059604644775,
					"bytes":	5888711320,
					"bits_per_second":	47109409766.03653,
					"retransmits":	0,
					"snd_cwnd":	285256,
					"rtt":	18,
					"rttvar":	3,
					"pmtu":	1500,
					"omitted":	false,
					"sender":	true
				}],
			"sum":	{
				"start":	3.000177,
				"end":	4.000183,
				"seconds":	1.0000059604644775,
				"bytes":	5888711320,
				"bits_per_second":	47109409766.03653,
				"retransmits":	0,
				"omitted":	false,
				"sender":	true
			}
		}, {
			"streams":	[{
					"socket":	5,
					"start":	4.000183,
					"end":	5.000075,
					"seconds":	0.999891996383667,
					"bytes":	6061136900,
					"bits_per_second":	48494332763.3101,
					"retransmits":	0,
					"snd_cwnd":	285256,
					"rtt":	39,
					"rttvar":	20,
					"pmtu":	1500,
					"omitted":	false,
					"sender":	true
				}],
			"sum":	{
				"start":	4.000183,
				"end":	5.000075,
				"seconds":	0.999891996383667,
				"bytes":	6061136900,
				"bits_per_second":	48494332763.3101,
				"retransmits":	0,
				"omitted":	false,
				"sender":	true
			}
		}, {
			"streams":	[{
					"socket":	5,
					"start":	5.000075,
					"end":	6.000008,
					"seconds":	0.99993300437927246,
					"bytes":	6133434572,
					"bits_per_second":	49070764102.3006,
					"retransmits":	0,
					"snd_cwnd":	285256,
					"rtt":	16,
					"rttvar":	8,
					"pmtu":	1500,
					"omitted":	false,
					"sender":	true
				}],
			"sum":	{
				"start":	5.000075,
				"end":	6.000008,
				"seconds":	0.99993300437927246,
				"bytes":	6133434572,
				"bits_per_second":	49070764102.3006,
				"retransmits":	0,
				"omitted":	false,
				"sender":	true
			}
		}, {
			"streams":	[{
					"socket":	5,
					"start":	6.000008,
					"end":	7.000125,
					"seconds":	1.0001169443130493,
					"bytes":	5856376232,
					"bits_per_second":	46845531537.494919,
					"retransmits":	0,
					"snd_cwnd":	285256,
					"rtt":	22,
					"rttvar":	1,
					"pmtu":	1500,
					"omitted":	false,
					"sender":	true
				}],
			"sum":	{
				"start":	6.000008,
				"end":	7.000125,
				"seconds":	1.0001169443130493,
				"bytes":	5856376232,
				"bits_per_second":	46845531537.494919,
				"retransmits":	0,
				"omitted":	false,
				"sender":	true
			}
		}, {
			"streams":	[{
					"socket":	5,
					"start":	7.000125,
					"end":	8.000068,
					"seconds":	0.99994301795959473,
					"bytes":	5958974216,
					"bits_per_second":	47674510318.8733,
					"retransmits":	0,
					"snd_cwnd":	285256,
					"rtt":	14,
					"rttvar":	5,
					"pmtu":	1500,
					"omitted":	false,
					"sender":	true
				}],
			"sum":	{
				"start":	7.000125,
				"end":	8.000068,
				"seconds":	0.99994301795959473,
				"bytes":	5958974216,
				"bits_per_second":	47674510318.8733,
				"retransmits":	0,
				"omitted":	false,
				"sender":	true
			}
		}, {
			"streams":	[{
					"socket":	5,
					"start":	8.000068,
					"end":	9.000109,
					"seconds":	1.0000410079956055,
					"bytes":	5667156300,
					"bits_per_second":	45335391286.473351,
					"retransmits":	0,
					"snd_cwnd":	285256,
					"rtt":	13,
					"rttvar":	6,
					"pmtu":	1500,
					"omitted":	false,
					"sender":	true
				}],
			"sum":	{
				"start":	8.000068,
				"end":	9.000109,
				"seconds":	1.0000410079956055,
				"bytes":	5667156300,
				"bits_per_second":	45335391286.473351,
				"retransmits":	0,
				"omitted":	false,
				"sender":	true
			}
		}, {
			"streams":	[{
					"socket":	5,
					"start":	9.000109,
					"end":	10.000129,
					"seconds":	1.0000200271606445,
					"bytes":	5848492580,
					"bits_per_second":	46787003629.162239,
					"retransmits":	0,
					"snd_cwnd":	285256,
					"rtt":	20,
					"rttvar":	2,
					"pmtu":	1500,
					"omitted":	false,
					"sender":	true
				}],
			"sum":	{
				"start":	9.000109,
				"end":	10.000129,
				"seconds":	1.0000200271606445,
				"bytes":	5848492580,
				"bits_per_second":	46787003629.162239,
				"retransmits":	0,
				"omitted":	false,
				"sender":	true
			}
		}],
	"end":	{
		"streams":	[{
				"sender":	{
					"socket":	5,
					"start":	0,
					"end":	10.000129,
					"seconds":	10.000129,
					"bytes":	58794145520,
					"bits_per_second":	47034709668.245285,
					"retransmits":	1,
					"max_snd_cwnd":	408336,
					"max_rtt":	39,
					"min_rtt":	13,
					"mean_rtt":	21,
					"sender":	true
				},
				"receiver":	{
					"socket":	5,
					"start":	0,
					"end":	20.047418,
					"seconds":	10.000129,
					"bytes":	58794145520,
					"bits_per_second":	23462032076.150654,
					"sender":	true
				}
			}],
		"sum_sent":	{
			"start":	0,
			"end":	10.000129,
			"seconds":	10.000129,
			"bytes":	58794145520,
			"bits_per_second":	47034709668.245285,
			"retransmits":	1,
			"sender":	true
		},
		"sum_received":	{
			"start":	0,
			"end":	20.047418,
			"seconds":	20.047418,
			"bytes":	58794145520,
			"bits_per_second":	23462032076.150654,
			"sender":	true
		},
		"cpu_utilization_percent":	{
			"host_total":	98.925200911070633,
			"host_user":	1.042204170364097,
			"host_system":	97.882947144056246,
			"remote_total":	40.201675899081138,
			"remote_user":	1.6337509052762058,
			"remote_system":	38.567920468555215
		},
		"sender_tcp_congestion":	"cubic",
		"receiver_tcp_congestion":	"cubic"
	}
}
