{
	"start":	{
		"connected":	[{
				"socket":	5,
				"local_host":	"10.5.0.20",
				"local_port":	60194,
				"remote_host":	"10.5.0.10",
				"remote_port":	5201
			}],
		"version":	"iperf 3.9",
		"system_info":	"Linux client 6.8.0-65-generic #68~22.04.1-Ubuntu SMP PREEMPT_DYNAMIC Tue Jul 15 18:06:34 UTC 2 x86_64",
		"timestamp":	{
			"time":	"Fri, 01 Aug 2025 02:33:41 GMT",
			"timesecs":	1754015621
		},
		"connecting_to":	{
			"host":	"10.5.0.10",
			"port":	5201
		},
		"cookie":	"3t6avfbj5pky6h2m4yzfqdrzip2fnyafhviy",
		"tcp_mss_default":	1448,
		"sock_bufsize":	0,
		"sndbuf_actual":	16384,
		"rcvbuf_actual":	131072,
		"test_start":	{
			"protocol":	"TCP",
			"num_streams":	1,
			"blksize":	131072,
			"omit":	0,
			"duration":	10,
			"bytes":	0,
			"blocks":	0,
			"reverse":	0,
			"tos":	0
		}
	},
	"intervals":	[{
			"streams":	[{
					"socket":	5,
					"start":	0,
					"end":	1.000091,
					"seconds":	1.0000909566879272,
					"bytes":	45013080,
					"bits_per_second":	360071889.053556,
					"retransmits":	0,
					"snd_cwnd":	8702480,
					"rtt":	50125,
					"rttvar":	189,
					"pmtu":	1500,
					"omitted":	false,
					"sender":	true
				}],
			"sum":	{
				"start":	0,
				"end":	1.000091,
				"seconds":	1.0000909566879272,
				"bytes":	45013080,
				"bits_per_second":	360071889.053556,
				"retransmits":	0,
				"omitted":	false,
				"sender":	true
			}
		}, {
			"streams":	[{
					"socket":	5,
					"start":	1.000091,
					"end":	2.000129,
					"seconds":	1.0000380277633667,
					"bytes":	77332480,
					"bits_per_second":	618636314.6446166,
					"retransmits":	0,
					"snd_cwnd":	8702480,
					"rtt":	50178,
					"rttvar":	75,
					"pmtu":	1500,
					"omitted":	false,
					"sender":	true
				}],
			"sum":	{
				"start":	1.000091,
				"end":	2.000129,
				"seconds":	1.0000380277633667,
				"bytes":	77332480,
				"bits_per_second":	618636314.6446166,
				"retransmits":	0,
				"omitted":	false,
				"sender":	true
			}
		}, {
			"streams":	[{
					"socket":	5,
					"start":	2.000129,
					"end":	3.000135,
					"seconds":	1.0000059604644775,
					"bytes":	76021760,
					"bits_per_second":	608170455.02160656,
					"retransmits":	0,
					"snd_cwnd":	8702480,
					"rtt":	50138,
					"rttvar":	45,
					"pmtu":	1500,
					"omitted":	false,
					"sender":	true
				}],
			"sum":	{
				"start":	2.000129,
				"end":	3.000135,
				"seconds":	1.0000059604644775,
				"bytes":	76021760,
				"bits_per_second":	608170455.02160656,
				"retransmits":	0,
				"omitted":	false,
				"sender":	true
			}
		}, {
			"streams":	[{
					"socket":	5,
					"start":	3.000135,
					"end":	4.000094,
					"seconds":	0.99995899200439453,
					"bytes":	73400320,
					"bits_per_second":	587226640.987513,
					"retransmits":	0,
					"snd_cwnd":	8702480,
					"rtt":	50192,
					"rttvar":	94,
					"pmtu":	1500,
					"omitted":	false,
					"sender":	true
				}],
			"sum":	{
				"start":	3.000135,
				"end":	4.000094,
				"seconds":	0.99995899200439453,
				"bytes":	73400320,
				"bits_per_second":	587226640.987513,
				"retransmits":	0,
				"omitted":	false,
				"sender":	true
			}
		}, {
			"streams":	[{
					"socket":	5,
					"start":	4.000094,
					"end":	5.000264,
					"seconds":	1.0001699924468994,
					"bytes":	77332480,
					"bits_per_second":	618554690.374642,
					"retransmits":	0,
					"snd_cwnd":	8702480,
					"rtt":	51281,
					"rttvar":	2293,
					"pmtu":	1500,
					"omitted":	false,
					"sender":	true
				}],
			"sum":	{
				"start":	4.000094,
				"end":	5.000264,
				"seconds":	1.0001699924468994,
				"bytes":	77332480,
				"bits_per_second":	618554690.374642,
				"retransmits":	0,
				"omitted":	false,
				"sender":	true
			}
		}, {
			"streams":	[{
					"socket":	5,
					"start":	5.000264,
					"end":	6.000101,
					"seconds":	0.99983698129653931,
					"bytes":	76021760,
					"bits_per_second":	608273239.91492081,
					"retransmits":	0,
					"snd_cwnd":	8702480,
					"rtt":	50109,
					"rttvar":	23,
					"pmtu":	1500,
					"omitted":	false,
					"sender":	true
				}],
			"sum":	{
				"start":	5.000264,
				"end":	6.000101,
				"seconds":	0.99983698129653931,
				"bytes":	76021760,
				"bits_per_second":	608273239.91492081,
				"retransmits":	0,
				"omitted":	false,
				"sender":	true
			}
		}, {
			"streams":	[{
					"socket":	5,
					"start":	6.000101,
					"end":	7.000158,
					"seconds":	1.0000569820404053,
					"bytes":	76021760,
					"bits_per_second":	608139426.9746,
					"retransmits":	0,
					"snd_cwnd":	8702480,
					"rtt":	50192,
					"rttvar":	112,
					"pmtu":	1500,
					"omitted":	false,
					"sender":	true
				}],
			"sum":	{
				"start":	6.000101,
				"end":	7.000158,
				"seconds":	1.0000569820404053,
				"bytes":	76021760,
				"bits_per_second":	608139426.9746,
				"retransmits":	0,
				"omitted":	false,
				"sender":	true
			}
		}, {
			"streams":	[{
					"socket":	5,
					"start":	7.000158,
					"end":	8.000126,
					"seconds":	0.99996799230575562,
					"bytes":	78643200,
					"bits_per_second":	629165738.1445756,
					"retransmits":	0,
					"snd_cwnd":	8702480,
					"rtt":	50219,
					"rttvar":	70,
					"pmtu":	1500,
					"omitted":	false,
					"sender":	true
				}],
			"sum":	{
				"start":	7.000158,
				"end":	8.000126,
				"seconds":	0.99996799230575562,
				"bytes":	78643200,
				"bits_per_second":	629165738.1445756,
				"retransmits":	0,
				"omitted":	false,
				"sender":	true
			}
		}, {
			"streams":	[{
					"socket":	5,
					"start":	8.000126,
					"end":	9.000115,
					"seconds":	0.99998897314071655,
					"bytes":	77332480,
					"bits_per_second":	618666661.95022464,
					"retransmits":	0,
					"snd_cwnd":	8702480,
					"rtt":	50159,
					"rttvar":	129,
					"pmtu":	1500,
					"omitted":	false,
					"sender":	true
				}],
			"sum":	{
				"start":	8.000126,
				"end":	9.000115,
				"seconds":	0.99998897314071655,
				"bytes":	77332480,
				"bits_per_second":	618666661.95022464,
				"retransmits":	0,
				"omitted":	false,
				"sender":	true
			}
		}, {
			"streams":	[{
					"socket":	5,
					"start":	9.000115,
					"end":	10.000144,
					"seconds":	1.0000289678573608,
					"bytes":	77332480,
					"bits_per_second":	618641919.26912522,
					"retransmits":	0,
					"snd_cwnd":	8702480,
					"rtt":	50061,
					"rttvar":	65,
					"pmtu":	1500,
					"omitted":	false,
					"sender":	true
				}],
			"sum":	{
				"start":	9.000115,
				"end":	10.000144,
				"seconds":	1.0000289678573608,
				"bytes":	77332480,
				"bits_per_second":	618641919.26912522,
				"retransmits":	0,
				"omitted":	false,
				"sender":	true
			}
		}],
	"end":	{
		"streams":	[{
				"sender":	{
					"socket":	5,
					"start":	0,
					"end":	10.000144,
					"seconds":	10.000144,
					"bytes":	734451800,
					"bits_per_second":	587552979.237099,
					"retransmits":	0,
					"max_snd_cwnd":	8702480,
					"max_rtt":	51281,
					"min_rtt":	50061,
					"mean_rtt":	50265,
					"sender":	true
				},
				"receiver":	{
					"socket":	5,
					"start":	0,
					"end":	20.054888,
					"seconds":	10.000144,
					"bytes":	734451800,
					"bits_per_second":	292976674.81364149,
					"sender":	true
				}
			}],
		"sum_sent":	{
			"start":	0,
			"end":	10.000144,
			"seconds":	10.000144,
			"bytes":	734451800,
			"bits_per_second":	587552979.237099,
			"retransmits":	0,
			"sender":	true
		},
		"sum_received":	{
			"start":	0,
			"end":	20.054888,
			"seconds":	20.054888,
			"bytes":	734451800,
			"bits_per_second":	292976674.81364149,
			"sender":	true
		},
		"cpu_utilization_percent":	{
			"host_total":	4.85186995723405,
			"host_user":	0.24006959462761812,
			"host_system":	4.6117712126172039,
			"remote_total":	1.732310397655985,
			"remote_user":	0.069805804403635,
			"remote_system":	1.6624956460843929
		},
		"sender_tcp_congestion":	"cubic",
		"receiver_tcp_congestion":	"cubic"
	}
}
