{
	"start":	{
		"connected":	[{
				"socket":	5,
				"local_host":	"10.5.0.20",
				"local_port":	33216,
				"remote_host":	"10.5.0.10",
				"remote_port":	5201
			}],
		"version":	"iperf 3.9",
		"system_info":	"Linux client 6.8.0-65-generic #68~22.04.1-Ubuntu SMP PREEMPT_DYNAMIC Tue Jul 15 18:06:34 UTC 2 x86_64",
		"timestamp":	{
			"time":	"Fri, 01 Aug 2025 04:37:06 GMT",
			"timesecs":	1754023026
		},
		"connecting_to":	{
			"host":	"10.5.0.10",
			"port":	5201
		},
		"cookie":	"vovm4htsrfu7dcdinilydk6y7uo5itegz32u",
		"tcp_mss_default":	1448,
		"sock_bufsize":	0,
		"sndbuf_actual":	16384,
		"rcvbuf_actual":	131072,
		"test_start":	{
			"protocol":	"TCP",
			"num_streams":	1,
			"blksize":	131072,
			"omit":	0,
			"duration":	15,
			"bytes":	0,
			"blocks":	0,
			"reverse":	0,
			"tos":	0
		}
	},
	"intervals":	[{
			"streams":	[{
					"socket":	5,
					"start":	0,
					"end":	1.000124,
					"seconds":	1.0001239776611328,
					"bytes":	40855920,
					"bits_per_second":	326806843.25193143,
					"retransmits":	0,
					"snd_cwnd":	10531304,
					"rtt":	50041,
					"rttvar":	21,
					"pmtu":	1500,
					"omitted":	false,
					"sender":	true
				}],
			"sum":	{
				"start":	0,
				"end":	1.000124,
				"seconds":	1.0001239776611328,
				"bytes":	40855920,
				"bits_per_second":	326806843.25193143,
				"retransmits":	0,
				"omitted":	false,
				"sender":	true
			}
		}, {
			"streams":	[{
					"socket":	5,
					"start":	1.000124,
					"end":	2.00006,
					"seconds":	0.99993598461151123,
					"bytes":	70778880,
					"bits_per_second":	566267289.82054639,
					"retransmits":	0,
					"snd_cwnd":	10531304,
					"rtt":	50024,
					"rttvar":	17,
					"pmtu":	1500,
					"omitted":	false,
					"sender":	true
				}],
			"sum":	{
				"start":	1.000124,
				"end":	2.00006,
				"seconds":	0.99993598461151123,
				"bytes":	70778880,
				"bits_per_second":	566267289.82054639,
				"retransmits":	0,
				"omitted":	false,
				"sender":	true
			}
		}, {
			"streams":	[{
					"socket":	5,
					"start":	2.00006,
					"end":	3.000063,
					"seconds":	1.0000029802322388,
					"bytes":	70778880,
					"bits_per_second":	566229352.505029,
					"retransmits":	0,
					"snd_cwnd":	10531304,
					"rtt":	50019,
					"rttvar":	11,
					"pmtu":	1500,
					"omitted":	false,
					"sender":	true
				}],
			"sum":	{
				"start":	2.00006,
				"end":	3.000063,
				"seconds":	1.0000029802322388,
				"bytes":	70778880,
				"bits_per_second":	566229352.505029,
				"retransmits":	0,
				"omitted":	false,
				"sender":	true
			}
		}, {
			"streams":	[{
					"socket":	5,
					"start":	3.000063,
					"end":	4.000074,
					"seconds":	1.0000109672546387,
					"bytes":	70778880,
					"bits_per_second":	566224830.068106,
					"retransmits":	0,
					"snd_cwnd":	10531304,
					"rtt":	50027,
					"rttvar":	18,
					"pmtu":	1500,
					"omitted":	false,
					"sender":	true
				}],
			"sum":	{
				"start":	3.000063,
				"end":	4.000074,
				"seconds":	1.0000109672546387,
				"bytes":	70778880,
				"bits_per_second":	566224830.068106,
				"retransmits":	0,
				"omitted":	false,
				"sender":	true
			}
		}, {
			"streams":	[{
					"socket":	5,
					"start":	4.000074,
					"end":	5.000091,
					"seconds":	1.0000170469284058,
					"bytes":	70778880,
					"bits_per_second":	566221387.66454268,
					"retransmits":	0,
					"snd_cwnd":	10531304,
					"rtt":	50064,
					"rttvar":	27,
					"pmtu":	1500,
					"omitted":	false,
					"sender":	true
				}],
			"sum":	{
				"start":	4.000074,
				"end":	5.000091,
				"seconds":	1.0000170469284058,
				"bytes":	70778880,
				"bits_per_second":	566221387.66454268,
				"retransmits":	0,
				"omitted":	false,
				"sender":	true
			}
		}, {
			"streams":	[{
					"socket":	5,
					"start":	5.000091,
					"end":	6.000084,
					"seconds":	0.99999302625656128,
					"bytes":	69468160,
					"bits_per_second":	555749155.652028,
					"retransmits":	0,
					"snd_cwnd":	10531304,
					"rtt":	50042,
					"rttvar":	10,
					"pmtu":	1500,
					"omitted":	false,
					"sender":	true
				}],
			"sum":	{
				"start":	5.000091,
				"end":	6.000084,
				"seconds":	0.99999302625656128,
				"bytes":	69468160,
				"bits_per_second":	555749155.652028,
				"retransmits":	0,
				"omitted":	false,
				"sender":	true
			}
		}, {
			"streams":	[{
					"socket":	5,
					"start":	6.000084,
					"end":	7.000088,
					"seconds":	1.0000040531158447,
					"bytes":	70778880,
					"bits_per_second":	566228745.009302,
					"retransmits":	0,
					"snd_cwnd":	10531304,
					"rtt":	50058,
					"rttvar":	49,
					"pmtu":	1500,
					"omitted":	false,
					"sender":	true
				}],
			"sum":	{
				"start":	6.000084,
				"end":	7.000088,
				"seconds":	1.0000040531158447,
				"bytes":	70778880,
				"bits_per_second":	566228745.009302,
				"retransmits":	0,
				"omitted":	false,
				"sender":	true
			}
		}, {
			"streams":	[{
					"socket":	5,
					"start":	7.000088,
					"end":	8.000129,
					"seconds":	1.0000410079956055,
					"bytes":	70778880,
					"bits_per_second":	566207820.95216656,
					"retransmits":	0,
					"snd_cwnd":	10531304,
					"rtt":	50016,
					"rttvar":	8,
					"pmtu":	1500,
					"omitted":	false,
					"sender":	true
				}],
			"sum":	{
				"start":	7.000088,
				"end":	8.000129,
				"seconds":	1.0000410079956055,
				"bytes":	70778880,
				"bits_per_second":	566207820.95216656,
				"retransmits":	0,
				"omitted":	false,
				"sender":	true
			}
		}, {
			"streams":	[{
					"socket":	5,
					"start":	8.000129,
					"end":	9.000163,
					"seconds":	1.000033974647522,
					"bytes":	70778880,
					"bits_per_second":	566211803.153565,
					"retransmits":	0,
					"snd_cwnd":	10531304,
					"rtt":	50052,
					"rttvar":	25,
					"pmtu":	1500,
					"omitted":	false,
					"sender":	true
				}],
			"sum":	{
				"start":	8.000129,
				"end":	9.000163,
				"seconds":	1.000033974647522,
				"bytes":	70778880,
				"bits_per_second":	566211803.153565,
				"retransmits":	0,
				"omitted":	false,
				"sender":	true
			}
		}, {
			"streams":	[{
					"socket":	5,
					"start":	9.000163,
					"end":	10.000092,
					"seconds":	0.99992901086807251,
					"bytes":	70778880,
					"bits_per_second":	566271239.10369945,
					"retransmits":	0,
					"snd_cwnd":	10531304,
					"rtt":	50014,
					"rttvar":	8,
					"pmtu":	1500,
					"omitted":	false,
					"sender":	true
				}],
			"sum":	{
				"start":	9.000163,
				"end":	10.000092,
				"seconds":	0.99992901086807251,
				"bytes":	70778880,
				"bits_per_second":	566271239.10369945,
				"retransmits":	0,
				"omitted":	false,
				"sender":	true
			}
		}, {
			"streams":	[{
					"socket":	5,
					"start":	10.000092,
					"end":	11.000079,
					"seconds":	0.999987006187439,
					"bytes":	70778880,
					"bits_per_second":	566238397.59560323,
					"retransmits":	0,
					"snd_cwnd":	10531304,
					"rtt":	50052,
					"rttvar":	15,
					"pmtu":	1500,
					"omitted":	false,
					"sender":	true
				}],
			"sum":	{
				"start":	10.000092,
				"end":	11.000079,
				"seconds":	0.999987006187439,
				"bytes":	70778880,
				"bits_per_second":	566238397.59560323,
				"retransmits":	0,
				"omitted":	false,
				"sender":	true
			}
		}, {
			"streams":	[{
					"socket":	5,
					"start":	11.000079,
					"end":	12.000063,
					"seconds":	0.9999840259552002,
					"bytes":	69468160,
					"bits_per_second":	555754157.641812,
					"retransmits":	0,
					"snd_cwnd":	10531304,
					"rtt":	50021,
					"rttvar":	9,
					"pmtu":	1500,
					"omitted":	false,
					"sender":	true
				}],
			"sum":	{
				"start":	11.000079,
				"end":	12.000063,
				"seconds":	0.9999840259552002,
				"bytes":	69468160,
				"bits_per_second":	555754157.641812,
				"retransmits":	0,
				"omitted":	false,
				"sender":	true
			}
		}, {
			"streams":	[{
					"socket":	5,
					"start":	12.000063,
					"end":	13.000329,
					"seconds":	1.0002659559249878,
					"bytes":	55050240,
					"bits_per_second":	440284823.64247,
					"retransmits":	0,
					"snd_cwnd":	10531304,
					"rtt":	50076,
					"rttvar":	45,
					"pmtu":	1500,