{
	"start":	{
		"connected":	[{
				"socket":	5,
				"local_host":	"10.5.0.20",
				"local_port":	57394,
				"remote_host":	"10.5.0.10",
				"remote_port":	5201
			}],
		"version":	"iperf 3.9",
		"system_info":	"Linux client 6.8.0-65-generic #68~22.04.1-Ubuntu SMP PREEMPT_DYNAMIC Tue Jul 15 18:06:34 UTC 2 x86_64",
		"timestamp":	{
			"time":	"Fri, 01 Aug 2025 04:49:31 GMT",
			"timesecs":	1754023771
		},
		"connecting_to":	{
			"host":	"10.5.0.10",
			"port":	5201
		},
		"cookie":	"x7izugjqia34zpatk6yfudw4u5nptccdxgib",
		"tcp_mss_default":	1448,
		"sock_bufsize":	0,
		"sndbuf_actual":	16384,
		"rcvbuf_actual":	131072,
		"test_start":	{
			"protocol":	"TCP",
			"num_streams":	1,
			"blksize":	131072,
			"omit":	0,
			"duration":	10,
			"bytes":	0,
			"blocks":	0,
			"reverse":	0,
			"tos":	0
		}
	},
	"intervals":	[{
			"streams":	[{
					"socket":	5,
					"start":	0,
					"end":	1.000097,
					"seconds":	1.0000970363616943,
					"bytes":	6454296,
					"bits_per_second":	51629358.0749358,
					"retransmits":	0,
					"snd_cwnd":	3197184,
					"rtt":	100030,
					"rttvar":	14,
					"pmtu":	1500,
					"omitted":	false,
					"sender":	true
				}],
			"sum":	{
				"start":	0,
				"end":	1.000097,
				"seconds":	1.0000970363616943,
				"bytes":	6454296,
				"bits_per_second":	51629358.0749358,
				"retransmits":	0,
				"omitted":	false,
				"sender":	true
			}
		}, {
			"streams":	[{
					"socket":	5,
					"start":	1.000097,
					"end":	2.000088,
					"seconds":	0.999990999698639,
					"bytes":	35389440,
					"bits_per_second":	283118068.147934,
					"retransmits":	0,
					"snd_cwnd":	10469040,
					"rtt":	100070,
					"rttvar":	35,
					"pmtu":	1500,
					"omitted":	false,
					"sender":	true
				}],
			"sum":	{
				"start":	1.000097,
				"end":	2.000088,
				"seconds":	0.999990999698639,
				"bytes":	35389440,
				"bits_per_second":	283118068.147934,
				"retransmits":	0,
				"omitted":	false,
				"sender":	true
			}
		}, {
			"streams":	[{
					"socket":	5,
					"start":	2.000088,
					"end":	3.000058,
					"seconds":	0.999970018863678,
					"bytes":	35389440,
					"bits_per_second":	283124008.37949127,
					"retransmits":	0,
					"snd_cwnd":	10469040,
					"rtt":	100027,
					"rttvar":	10,
					"pmtu":	1500,
					"omitted":	false,
					"sender":	true
				}],
			"sum":	{
				"start":	2.000088,
				"end":	3.000058,
				"seconds":	0.999970018863678,
				"bytes":	35389440,
				"bits_per_second":	283124008.37949127,
				"retransmits":	0,
				"omitted":	false,
				"sender":	true
			}
		}, {
			"streams":	[{
					"socket":	5,
					"start":	3.000058,
					"end":	4.000097,
					"seconds":	1.0000389814376831,
					"bytes":	35389440,
					"bits_per_second":	283104484.18019211,
					"retransmits":	0,
					"snd_cwnd":	10469040,
					"rtt":	100068,
					"rttvar":	23,
					"pmtu":	1500,
					"omitted":	false,
					"sender":	true
				}],
			"sum":	{
				"start":	3.000058,
				"end":	4.000097,
				"seconds":	1.0000389814376831,
				"bytes":	35389440,
				"bits_per_second":	283104484.18019211,
				"retransmits":	0,
				"omitted":	false,
				"sender":	true
			}
		}, {
			"streams":	[{
					"socket":	5,
					"start":	4.000097,
					"end":	5.000064,
					"seconds":	0.99996697902679443,
					"bytes":	34078720,
					"bits_per_second":	272638762.79728115,
					"retransmits":	0,
					"snd_cwnd":	10469040,
					"rtt":	100043,
					"rttvar":	24,
					"pmtu":	1500,
					"omitted":	false,
					"sender":	true
				}],
			"sum":	{
				"start":	4.000097,
				"end":	5.000064,
				"seconds":	0.99996697902679443,
				"bytes":	34078720,
				"bits_per_second":	272638762.79728115,
				"retransmits":	0,
				"omitted":	false,
				"sender":	true
			}
		}, {
			"streams":	[{
					"socket":	5,
					"start":	5.000064,
					"end":	6.00009,
					"seconds":	1.0000259876251221,
					"bytes":	35389440,
					"bits_per_second":	283108162.691199,
					"retransmits":	0,
					"snd_cwnd":	10469040,
					"rtt":	100064,
					"rttvar":	25,
					"pmtu":	1500,
					"omitted":	false,
					"sender":	true
				}],
			"sum":	{
				"start":	5.000064,
				"end":	6.00009,
				"seconds":	1.0000259876251221,
				"bytes":	35389440,
				"bits_per_second":	283108162.691199,
				"retransmits":	0,
				"omitted":	false,
				"sender":	true
			}
		}, {
			"streams":	[{
					"socket":	5,
					"start":	6.00009,
					"end":	7.000062,
					"seconds":	0.99997198581695557,
					"bytes":	35389440,
					"bits_per_second":	283123451.47219372,
					"retransmits":	0,
					"snd_cwnd":	10469040,
					"rtt":	100020,
					"rttvar":	9,
					"pmtu":	1500,
					"omitted":	false,
					"sender":	true
				}],
			"sum":	{
				"start":	6.00009,
				"end":	7.000062,
				"seconds":	0.99997198581695557,
				"bytes":	35389440,
				"bits_per_second":	283123451.47219372,
				"retransmits":	0,
				"omitted":	false,
				"sender":	true
			}
		}, {
			"streams":	[{
					"socket":	5,
					"start":	7.000062,
					"end":	8.000092,
					"seconds":	1.0000300407409668,
					"bytes":	35389440,
					"bits_per_second":	283107015.25548881,
					"retransmits":	0,
					"snd_cwnd":	10469040,
					"rtt":	100062,
					"rttvar":	23,
					"pmtu":	1500,
					"omitted":	false,
					"sender":	true
				}],
			"sum":	{
				"start":	7.000062,
				"end":	8.000092,
				"seconds":	1.0000300407409668,
				"bytes":	35389440,
				"bits_per_second":	283107015.25548881,
				"retransmits":	0,
				"omitted":	false,
				"sender":	true
			}
		}, {
			"streams":	[{
					"socket":	5,
					"start":	8.000092,
					"end":	9.000094,
					"seconds":	1.0000020265579224,
					"bytes":	35389440,
					"bits_per_second":	283114946.25116271,
					"retransmits":	0,
					"snd_cwnd":	10469040,
					"rtt":	100067,
					"rttvar":	38,
					"pmtu":	1500,
					"omitted":	false,
					"sender":	true
				}],
			"sum":	{
				"start":	8.000092,
				"end":	9.000094,
				"seconds":	1.0000020265579224,
				"bytes":	35389440,
				"bits_per_second":	283114946.25116271,
				"retransmits":	0,
				"omitted":	false,
				"sender":	true
			}
		}, {
			"streams":	[{
					"socket":	5,
					"start":	9.000094,
					"end":	10.000113,
					"seconds":	1.0000189542770386,
					"bytes":	35389440,
					"bits_per_second":	283110153.85171145,
					"retransmits":	0,
					"snd_cwnd":	10469040,
					"rtt":	100075,
					"rttvar":	38,
					"pmtu":	1500,
					"omitted":	false,
					"sender":	true
				}],
			"sum":	{
				"start":	9.000094,
				"end":	10.000113,
				"seconds":	1.0000189542770386,
				"bytes":	35389440,
				"bits_per_second":	283110153.85171145,
				"retransmits":	0,
				"omitted":	false,
				"sender":	true
			}
		}],
	"end":	{
		"streams":	[{
				"sender":	{
					"socket":	5,
					"start":	0,
					"end":	10.000113,
					"seconds":	10.000113,
					"bytes":	323648536,
					"bits_per_second":	258915903.0502955,
					"retransmits":	0,
					"max_snd_cwnd":	10469040,
					"max_rtt":	100075,
					"min_rtt":	100020,
					"mean_rtt":	100052,
					"sender":	true
				},
				"receiver":	{
					"socket":	5,
					"start":	0,
					"end":	20.102907,
					"seconds":	10.000113,
					"bytes":	323648536,
					"bits_per_second":	128796710.24693097,
					"sender":	true
				}
			}],
		"sum_sent":	{
			"start":	0,
			"end":	10.000113,
			"seconds":	10.000113,
			"bytes":	323648536,
			"bits_per_second":	258915903.0502955,
			"retransmits":	0,
			"sender":	true
		},
		"sum_received":	{
			"start":	0,
			"end":	20.102907,
			"seconds":	20.102907,
			"bytes":	323648536,
			"bits_per_second":	128796710.24693097,
			"sender":	true
		},
		"cpu_utilization_percent":	{
			"host_total":	3.264781171570303,
			"host_user":	0.35065743051233755,
			"host_system":	2.9141332264894331,
			"remote_total":	1.48713969896484,
			"remote_user":	0.14696377060992083,
			"remote_system":	1.340162685989573
		},
		"sender_tcp_congestion":	"bbr",
		"receiver_tcp_congestion":	"cubic"
	}
}
