{
	"start":	{
		"connected":	[{
				"socket":	5,
				"local_host":	"10.5.0.20",
				"local_port":	41100,
				"remote_host":	"10.5.0.10",
				"remote_port":	5201
			}],
		"version":	"iperf 3.9",
		"system_info":	"Linux client 6.8.0-65-generic #68~22.04.1-Ubuntu SMP PREEMPT_DYNAMIC Tue Jul 15 18:06:34 UTC 2 x86_64",
		"timestamp":	{
			"time":	"Fri, 01 Aug 2025 04:38:46 GMT",
			"timesecs":	1754023126
		},
		"connecting_to":	{
			"host":	"10.5.0.10",
			"port":	5201
		},
		"cookie":	"3g3mjw23ympz2jaw5l6gtngdtk5mb6dfa3ph",
		"tcp_mss_default":	1448,
		"sock_bufsize":	0,
		"sndbuf_actual":	16384,
		"rcvbuf_actual":	131072,
		"test_start":	{
			"protocol":	"TCP",
			"num_streams":	1,
			"blksize":	131072,
			"omit":	0,
			"duration":	15,
			"bytes":	0,
			"blocks":	0,
			"reverse":	0,
			"tos":	0
		}
	},
	"intervals":	[{
			"streams":	[{
					"socket":	5,
					"start":	0,
					"end":	1.000108,
					"seconds":	1.000108003616333,
					"bytes":	5995233280,
					"bits_per_second":	47956686744.404259,
					"retransmits":	0,
					"snd_cwnd":	396752,
					"rtt":	20,
					"rttvar":	4,
					"pmtu":	1500,
					"omitted":	false,
					"sender":	true
				}],
			"sum":	{
				"start":	0,
				"end":	1.000108,
				"seconds":	1.000108003616333,
				"bytes":	5995233280,
				"bits_per_second":	47956686744.404259,
				"retransmits":	0,
				"omitted":	false,
				"sender":	true
			}
		}, {
			"streams":	[{
					"socket":	5,
					"start":	1.000108,
					"end":	2.000006,
					"seconds":	0.99989801645278931,
					"bytes":	5962465280,
					"bits_per_second":	47704587323.033424,
					"retransmits":	0,
					"snd_cwnd":	405440,
					"rtt":	23,
					"rttvar":	7,
					"pmtu":	1500,
					"omitted":	false,
					"sender":	true
				}],
			"sum":	{
				"start":	1.000108,
				"end":	2.000006,
				"seconds":	0.99989801645278931,
				"bytes":	5962465280,
				"bits_per_second":	47704587323.033424,
				"retransmits":	0,
				"omitted":	false,
				"sender":	true
			}
		}, {
			"streams":	[{
					"socket":	5,
					"start":	2.000006,
					"end":	3.000076,
					"seconds":	1.0000699758529663,
					"bytes":	6135480320,
					"bits_per_second":	49080408116.5781,
					"retransmits":	0,
					"snd_cwnd":	390960,
					"rtt":	17,
					"rttvar":	2,
					"pmtu":	1500,
					"omitted":	false,
					"sender":	true
				}],
			"sum":	{
				"start":	2.000006,
				"end":	3.000076,
				"seconds":	1.0000699758529663,
				"bytes":	6135480320,
				"bits_per_second":	49080408116.5781,
				"retransmits":	0,
				"omitted":	false,
				"sender":	true
			}
		}, {
			"streams":	[{
					"socket":	5,
					"start":	3.000076,
					"end":	4.000093,
					"seconds":	1.0000170469284058,
					"bytes":	5978193920,
					"bits_per_second":	47824736095.147758,
					"retransmits":	1,
					"snd_cwnd":	425712,
					"rtt":	23,
					"rttvar":	7,
					"pmtu":	1500,
					"omitted":	false,
					"sender":	true
				}],
			"sum":	{
				"start":	3.000076,
				"end":	4.000093,
				"seconds":	1.0000170469284058,
				"bytes":	5978193920,
				"bits_per_second":	47824736095.147758,
				"retransmits":	1,
				"omitted":	false,
				"sender":	true
			}
		}, {
			"streams":	[{
					"socket":	5,
					"start":	4.000093,
					"end":	5.000106,
					"seconds":	1.000012993812561,
					"bytes":	5928386560,
					"bits_per_second":	47426476229.257446,
					"retransmits":	0,
					"snd_cwnd":	466256,
					"rtt":	19,
					"rttvar":	10,
					"pmtu":	1500,
					"omitted":	false,
					"sender":	true
				}],
			"sum":	{
				"start":	4.000093,
				"end":	5.000106,
				"seconds":	1.000012993812561,
				"bytes":	5928386560,
				"bits_per_second":	47426476229.257446,
				"retransmits":	0,
				"omitted":	false,
				"sender":	true
			}
		}, {
			"streams":	[{
					"socket":	5,
					"start":	5.000106,
					"end":	6.000019,
					"seconds":	0.999912977218628,
					"bytes":	5697699840,
					"bits_per_second":	45585565702.717873,
					"retransmits":	86,
					"snd_cwnd":	402544,
					"rtt":	19,
					"rttvar":	4,
					"pmtu":	1500,
					"omitted":	false,
					"sender":	true
				}],
			"sum":	{
				"start":	5.000106,
				"end":	6.000019,
				"seconds":	0.999912977218628,
				"bytes":	5697699840,
				"bits_per_second":	45585565702.717873,
				"retransmits":	86,
				"omitted":	false,
				"sender":	true
			}
		}, {
			"streams":	[{
					"socket":	5,
					"start":	6.000019,
					"end":	7.000186,
					"seconds":	1.0001670122146606,
					"bytes":	5982126080,
					"bits_per_second":	47849017269.656456,
					"retransmits":	0,
					"snd_cwnd":	376480,
					"rtt":	19,
					"rttvar":	3,
					"pmtu":	1500,
					"omitted":	false,
					"sender":	true
				}],
			"sum":	{
				"start":	6.000019,
				"end":	7.000186,
				"seconds":	1.0001670122146606,
				"bytes":	5982126080,
				"bits_per_second":	47849017269.656456,
				"retransmits":	0,
				"omitted":	false,
				"sender":	true
			}
		}, {
			"streams":	[{
					"socket":	5,
					"start":	7.000186,
					"end":	8.000121,
					"seconds":	0.99993497133255,
					"bytes":	5940183040,
					"bits_per_second":	47524554778.4684,
					"retransmits":	0,
					"snd_cwnd":	454672,
					"rtt":	19,
					"rttvar":	10,
					"pmtu":	1500,
					"omitted":	false,
					"sender":	true
				}],
			"sum":	{
				"start":	7.000186,
				"end":	8.000121,
				"seconds":	0.99993497133255,
				"bytes":	5940183040,
				"bits_per_second":	47524554778.4684,
				"retransmits":	0,
				"omitted":	false,
				"sender":	true
			}
		}, {
			"streams":	[{
					"socket":	5,
					"start":	8.000121,
					"end":	9.000057,
					"seconds":	0.99993598461151123,
					"bytes":	5722603520,
					"bits_per_second":	45783759025.120468,
					"retransmits":	0,
					"snd_cwnd":	408336,
					"rtt":	19,
					"rttvar":	2,
					"pmtu":	1500,
					"omitted":	false,
					"sender":	true
				}],
			"sum":	{
				"start":	8.000121,
				"end":	9.000057,
				"seconds":	0.99993598461151123,
				"bytes":	5722603520,
				"bits_per_second":	45783759025.120468,
				"retransmits":	0,
				"omitted":	false,
				"sender":	true
			}
		}, {
			"streams":	[{
					"socket":	5,
					"start":	9.000057,
					"end":	10.000188,
					"seconds":	1.0001310110092163,
					"bytes":	5921832960,
					"bits_per_second":	47368457890.526741,
					"retransmits":	0,
					"snd_cwnd":	472048,
					"rtt":	19,
					"rttvar":	6,
					"pmtu":	1500,
					"omitted":	false,
					"sender":	true
				}],
			"sum":	{
				"start":	9.000057,
				"end":	10.000188,
				"seconds":	1.0001310110092163,
				"bytes":	5921832960,
				"bits_per_second":	47368457890.526741,
				"retransmits":	0,
				"omitted":	false,
				"sender":	true
			}
		}, {
			"streams":	[{
					"socket":	5,
					"start":	10.000188,
					"end":	11.00008,
					"seconds":	0.999891996383667,
					"bytes":	4702863360,
					"bits_per_second":	37626970728.910378,
					"retransmits":	0,
					"snd_cwnd":	437296,
					"rtt":	28,
					"rttvar":	13,
					"pmtu":	1500,
					"omitted":	false,
					"sender":	true
				}],
			"sum":	{
				"start":	10.000188,
				"end":	11.00008,
				"seconds":	0.999891996383667,
				"bytes":	4702863360,
				"bits_per_second":	37626970728.910378,
				"retransmits":	0,
				"omitted":	false,
				"sender":	true
			}
		}, {
			"streams":	[{
					"socket":	5,
					"start":	11.00008,
					"end":	12.00015,
					"seconds":	1.0000699758529663,
					"bytes":	5657067520,
					"bits_per_second":	45253373516.588577,
					"retransmits":	0,
					"snd_cwnd":	408336,
					"rtt":	21,
					"rttvar":	2,
					"pmtu":	1500,
					"omitted":	false,
					"sender":	true
				}],
			"sum":	{
				"start":	11.00008,
				"end":	12.00015,
				"seconds":	1.0000699758529663,
				"bytes":	5657067520,
				"bits_per_second":	45253373516.588577,
				"retransmits":	0,
				"omitted":	false,
				"sender":	true
			}
		}, {
			"streams":	[{
					"socket":	5,
					"start":	12.00015,
					"end":	13.000033,
					"seconds":	0.999882996082306,
					"bytes":	5962465280,
					"bits_per_second":	47705303947.456642,
					"retransmits":	0,
					"snd_cwnd":	411232,
					"rtt":	19,
					"rttvar":	1,
					"pmtu":	1500,
					"omitted":	false,