{
	"start":	{
		"connected":	[{
				"socket":	5,
				"local_host":	"10.5.0.20",
				"local_port":	41618,
				"remote_host":	"10.5.0.10",
				"remote_port":	5201
			}],
		"version":	"iperf 3.9",
		"system_info":	"Linux client 6.8.0-65-generic #68~22.04.1-Ubuntu SMP PREEMPT_DYNAMIC Tue Jul 15 18:06:34 UTC 2 x86_64",
		"timestamp":	{
			"time":	"Fri, 01 Aug 2025 04:33:14 GMT",
			"timesecs":	1754022794
		},
		"connecting_to":	{
			"host":	"10.5.0.10",
			"port":	5201
		},
		"cookie":	"vw64nakrz5tyhk4cvw7msibplj4sar6kdtkz",
		"tcp_mss_default":	1448,
		"sock_bufsize":	0,
		"sndbuf_actual":	16384,
		"rcvbuf_actual":	131072,
		"test_start":	{
			"protocol":	"TCP",
			"num_streams":	1,
			"blksize":	131072,
			"omit":	0,
			"duration":	15,
			"bytes":	0,
			"blocks":	0,
			"reverse":	0,
			"tos":	0
		}
	},
	"intervals":	[{
			"streams":	[{
					"socket":	5,
					"start":	0,
					"end":	1.00009,
					"seconds":	1.0000900030136108,
					"bytes":	6056837120,
					"bits_per_second":	48450336283.724,
					"retransmits":	0,
					"snd_cwnd":	829704,
					"rtt":	18,
					"rttvar":	1,
					"pmtu":	1500,
					"omitted":	false,
					"sender":	true
				}],
			"sum":	{
				"start":	0,
				"end":	1.00009,
				"seconds":	1.0000900030136108,
				"bytes":	6056837120,
				"bits_per_second":	48450336283.724,
				"retransmits":	0,
				"omitted":	false,
				"sender":	true
			}
		}, {
			"streams":	[{
					"socket":	5,
					"start":	1.00009,
					"end":	2.000019,
					"seconds":	0.99992901086807251,
					"bytes":	6090915840,
					"bits_per_second":	48730786076.2017,
					"retransmits":	0,
					"snd_cwnd":	874592,
					"rtt":	24,
					"rttvar":	7,
					"pmtu":	1500,
					"omitted":	false,
					"sender":	true
				}],
			"sum":	{
				"start":	1.00009,
				"end":	2.000019,
				"seconds":	0.99992901086807251,
				"bytes":	6090915840,
				"bits_per_second":	48730786076.2017,
				"retransmits":	0,
				"omitted":	false,
				"sender":	true
			}
		}, {
			"streams":	[{
					"socket":	5,
					"start":	2.000019,
					"end":	3.000078,
					"seconds":	1.0000590085983276,
					"bytes":	6203637760,
					"bits_per_second":	49626173709.049065,
					"retransmits":	0,
					"snd_cwnd":	1032424,
					"rtt":	23,
					"rttvar":	6,
					"pmtu":	1500,
					"omitted":	false,
					"sender":	true
				}],
			"sum":	{
				"start":	2.000019,
				"end":	3.000078,
				"seconds":	1.0000590085983276,
				"bytes":	6203637760,
				"bits_per_second":	49626173709.049065,
				"retransmits":	0,
				"omitted":	false,
				"sender":	true
			}
		}, {
			"streams":	[{
					"socket":	5,
					"start":	3.000078,
					"end":	4.000141,
					"seconds":	1.0000629425048828,
					"bytes":	6138101760,
					"bits_per_second":	49101723494.5292,
					"retransmits":	0,
					"snd_cwnd":	1032424,
					"rtt":	20,
					"rttvar":	2,
					"pmtu":	1500,
					"omitted":	false,
					"sender":	true
				}],
			"sum":	{
				"start":	3.000078,
				"end":	4.000141,
				"seconds":	1.0000629425048828,
				"bytes":	6138101760,
				"bits_per_second":	49101723494.5292,
				"retransmits":	0,
				"omitted":	false,
				"sender":	true
			}
		}, {
			"streams":	[{
					"socket":	5,
					"start":	4.000141,
					"end":	5.000162,
					"seconds":	1.0000209808349609,
					"bytes":	6121062400,
					"bits_per_second":	48967471821.55526,
					"retransmits":	0,
					"snd_cwnd":	1203288,
					"rtt":	19,
					"rttvar":	1,
					"pmtu":	1500,
					"omitted":	false,
					"sender":	true
				}],
			"sum":	{
				"start":	4.000141,
				"end":	5.000162,
				"seconds":	1.0000209808349609,
				"bytes":	6121062400,
				"bits_per_second":	48967471821.55526,
				"retransmits":	0,
				"omitted":	false,
				"sender":	true
			}
		}, {
			"streams":	[{
					"socket":	5,
					"start":	5.000162,
					"end":	6.000017,
					"seconds":	0.99985498189926147,
					"bytes":	6119751680,
					"bits_per_second":	48965114267.873573,
					"retransmits":	0,
					"snd_cwnd":	1326368,
					"rtt":	25,
					"rttvar":	10,
					"pmtu":	1500,
					"omitted":	false,
					"sender":	true
				}],
			"sum":	{
				"start":	5.000162,
				"end":	6.000017,
				"seconds":	0.99985498189926147,
				"bytes":	6119751680,
				"bits_per_second":	48965114267.873573,
				"retransmits":	0,
				"omitted":	false,
				"sender":	true
			}
		}, {
			"streams":	[{
					"socket":	5,
					"start":	6.000017,
					"end":	7.000025,
					"seconds":	1.0000079870224,
					"bytes":	6163005440,
					"bits_per_second":	49303649730.6452,
					"retransmits":	0,
					"snd_cwnd":	1326368,
					"rtt":	18,
					"rttvar":	2,
					"pmtu":	1500,
					"omitted":	false,
					"sender":	true
				}],
			"sum":	{
				"start":	6.000017,
				"end":	7.000025,
				"seconds":	1.0000079870224,
				"bytes":	6163005440,
				"bits_per_second":	49303649730.6452,
				"retransmits":	0,
				"omitted":	false,
				"sender":	true
			}
		}, {
			"streams":	[{
					"socket":	5,
					"start":	7.000025,
					"end":	8.000194,
					"seconds":	1.000169038772583,
					"bytes":	6148587520,
					"bits_per_second":	49180386767.785614,
					"retransmits":	0,
					"snd_cwnd":	1392976,
					"rtt":	22,
					"rttvar":	4,
					"pmtu":	1500,
					"omitted":	false,
					"sender":	true
				}],
			"sum":	{
				"start":	7.000025,
				"end":	8.000194,
				"seconds":	1.000169038772583,
				"bytes":	6148587520,
				"bits_per_second":	49180386767.785614,
				"retransmits":	0,
				"omitted":	false,
				"sender":	true
			}
		}, {
			"streams":	[{
					"socket":	5,
					"start":	8.000194,
					"end":	9.000164,
					"seconds":	0.999970018863678,
					"bytes":	6008340480,
					"bits_per_second":	48068164978.206963,
					"retransmits":	0,
					"snd_cwnd":	1392976,
					"rtt":	22,
					"rttvar":	5,
					"pmtu":	1500,
					"omitted":	false,
					"sender":	true
				}],
			"sum":	{
				"start":	8.000194,
				"end":	9.000164,
				"seconds":	0.999970018863678,
				"bytes":	6008340480,
				"bits_per_second":	48068164978.206963,
				"retransmits":	0,
				"omitted":	false,
				"sender":	true
			}
		}, {
			"streams":	[{
					"socket":	5,
					"start":	9.000164,
					"end":	10.000193,
					"seconds":	1.0000289678573608,
					"bytes":	6128926720,
					"bits_per_second":	49029993466.142868,
					"retransmits":	0,
					"snd_cwnd":	1392976,
					"rtt":	20,
					"rttvar":	3,
					"pmtu":	1500,
					"omitted":	false,
					"sender":	true
				}],
			"sum":	{
				"start":	9.000164,
				"end":	10.000193,
				"seconds":	1.0000289678573608,
				"bytes":	6128926720,
				"bits_per_second":	49029993466.142868,
				"retransmits":	0,
				"omitted":	false,
				"sender":	true
			}
		}, {
			"streams":	[{
					"socket":	5,
					"start":	10.000193,
					"end":	11.000084,
					"seconds":	0.99989098310470581,
					"bytes":	6202327040,
					"bits_per_second":	49624026177.265846,
					"retransmits":	0,
					"snd_cwnd":	1579768,
					"rtt":	23,
					"rttvar":	5,
					"pmtu":	1500,
					"omitted":	false,
					"sender":	true
				}],
			"sum":	{
				"start":	10.000193,
				"end":	11.000084,
				"seconds":	0.99989098310470581,
				"bytes":	6202327040,
				"bits_per_second":	49624026177.265846,
				"retransmits":	0,
				"omitted":	false,
				"sender":	true
			}
		}, {
			"streams":	[{
					"socket":	5,
					"start":	11.000084,
					"end":	12.000184,
					"seconds":	1.0001000165939331,
					"bytes":	6199705600,
					"bits_per_second":	49592684708.591446,
					"retransmits":	0,
					"snd_cwnd":	1579768,
					"rtt":	21,
					"rttvar":	3,
					"pmtu":	1500,
					"omitted":	false,
					"sender":	true
				}],
			"sum":	{
				"start":	11.000084,
				"end":	12.000184,
				"seconds":	1.0001000165939331,
				"bytes":	6199705600,
				"bits_per_second":	49592684708.591446,
				"retransmits":	0,
				"omitted":	false,
				"sender":	true
			}
		}, {
			"streams":	[{
					"socket":	5,
					"start":	12.000184,
					"end":	13.000128,
					"seconds":	0.999943971633911,
					"bytes":	6149898240,
					"bits_per_second":	49201942624.453644,
					"retransmits":	0,
					"snd_cwnd":	1579768,
					"rtt":	20,
					"rttvar":	1,
					"pmtu":	1500,
					"omitted":	false,