{
	"start":	{
		"connected":	[{
				"socket":	5,
				"local_host":	"10.5.0.20",
				"local_port":	58016,
				"remote_host":	"10.5.0.10",
				"remote_port":	5201
			}],
		"version":	"iperf 3.9",
		"system_info":	"Linux client 6.8.0-65-generic #68~22.04.1-Ubuntu SMP PREEMPT_DYNAMIC Tue Jul 15 18:06:34 UTC 2 x86_64",
		"timestamp":	{
			"time":	"Fri, 01 Aug 2025 04:34:50 GMT",
			"timesecs":	1754022890
		},
		"connecting_to":	{
			"host":	"10.5.0.10",
			"port":	5201
		},
		"cookie":	"w7yah27f5q3g3znk67czpbmsewsroa6r37zk",
		"tcp_mss_default":	1448,
		"sock_bufsize":	0,
		"sndbuf_actual":	16384,
		"rcvbuf_actual":	131072,
		"test_start":	{
			"protocol":	"TCP",
			"num_streams":	1,
			"blksize":	131072,
			"omit":	0,
			"duration":	15,
			"bytes":	0,
			"blocks":	0,
			"reverse":	0,
			"tos":	0
		}
	},
	"intervals":	[{
			"streams":	[{
					"socket":	5,
					"start":	0,
					"end":	1.000375,
					"seconds":	1.0003750324249268,
					"bytes":	2012720,
					"bits_per_second":	16095723.581754183,
					"retransmits":	0,
					"snd_cwnd":	82536,
					"rtt":	44144,
					"rttvar":	10019,
					"pmtu":	1500,
					"omitted":	false,
					"sender":	true
				}],
			"sum":	{
				"start":	0,
				"end":	1.000375,
				"seconds":	1.0003750324249268,
				"bytes":	2012720,
				"bits_per_second":	16095723.581754183,
				"retransmits":	0,
				"omitted":	false,
				"sender":	true
			}
		}, {
			"streams":	[{
					"socket":	5,
					"start":	1.000375,
					"end":	2.000268,
					"seconds":	0.99989300966262817,
					"bytes":	1290168,
					"bits_per_second":	10322448.402237058,
					"retransmits":	0,
					"snd_cwnd":	111496,
					"rtt":	46958,
					"rttvar":	7957,
					"pmtu":	1500,
					"omitted":	false,
					"sender":	true
				}],
			"sum":	{
				"start":	1.000375,
				"end":	2.000268,
				"seconds":	0.99989300966262817,
				"bytes":	1290168,
				"bits_per_second":	10322448.402237058,
				"retransmits":	0,
				"omitted":	false,
				"sender":	true
			}
		}, {
			"streams":	[{
					"socket":	5,
					"start":	2.000268,
					"end":	3.000194,
					"seconds":	0.999925971031189,
					"bytes":	1339400,
					"bits_per_second":	10715993.293933336,
					"retransmits":	0,
					"snd_cwnd":	136112,
					"rtt":	54744,
					"rttvar":	9354,
					"pmtu":	1500,
					"omitted":	false,
					"sender":	true
				}],
			"sum":	{
				"start":	2.000268,
				"end":	3.000194,
				"seconds":	0.999925971031189,
				"bytes":	1339400,
				"bits_per_second":	10715993.293933336,
				"retransmits":	0,
				"omitted":	false,
				"sender":	true
			}
		}, {
			"streams":	[{
					"socket":	5,
					"start":	3.000194,
					"end":	4.000069,
					"seconds":	0.999875009059906,
					"bytes":	1368360,
					"bits_per_second":	10948248.431863882,
					"retransmits":	0,
					"snd_cwnd":	166520,
					"rtt":	71558,
					"rttvar":	9886,
					"pmtu":	1500,
					"omitted":	false,
					"sender":	true
				}],
			"sum":	{
				"start":	3.000194,
				"end":	4.000069,
				"seconds":	0.999875009059906,
				"bytes":	1368360,
				"bits_per_second":	10948248.431863882,
				"retransmits":	0,
				"omitted":	false,
				"sender":	true
			}
		}, {
			"streams":	[{
					"socket":	5,
					"start":	4.000069,
					"end":	5.000296,
					"seconds":	1.0002269744873047,
					"bytes":	912240,
					"bits_per_second":	7296263.9342342876,
					"retransmits":	0,
					"snd_cwnd":	166520,
					"rtt":	39173,
					"rttvar":	5534,
					"pmtu":	1500,
					"omitted":	false,
					"sender":	true
				}],
			"sum":	{
				"start":	4.000069,
				"end":	5.000296,
				"seconds":	1.0002269744873047,
				"bytes":	912240,
				"bits_per_second":	7296263.9342342876,
				"retransmits":	0,
				"omitted":	false,
				"sender":	true
			}
		}, {
			"streams":	[{
					"socket":	5,
					"start":	5.000296,
					"end":	6.00012,
					"seconds":	0.99982398748397827,
					"bytes":	1368360,
					"bits_per_second":	10948807.127089875,
					"retransmits":	0,
					"snd_cwnd":	166520,
					"rtt":	75113,
					"rttvar":	8417,
					"pmtu":	1500,
					"omitted":	false,
					"sender":	true
				}],
			"sum":	{
				"start":	5.000296,
				"end":	6.00012,
				"seconds":	0.99982398748397827,
				"bytes":	1368360,
				"bits_per_second":	10948807.127089875,
				"retransmits":	0,
				"omitted":	false,
				"sender":	true
			}
		}, {
			"streams":	[{
					"socket":	5,
					"start":	6.00012,
					"end":	7.000387,
					"seconds":	1.0002670288085938,
					"bytes":	912240,
					"bits_per_second":	7295971.7653519642,
					"retransmits":	0,
					"snd_cwnd":	166520,
					"rtt":	62370,
					"rttvar":	15487,
					"pmtu":	1500,
					"omitted":	false,
					"sender":	true
				}],
			"sum":	{
				"start":	6.00012,
				"end":	7.000387,
				"seconds":	1.0002670288085938,
				"bytes":	912240,
				"bits_per_second":	7295971.7653519642,
				"retransmits":	0,
				"omitted":	false,
				"sender":	true
			}
		}, {
			"streams":	[{
					"socket":	5,
					"start":	7.000387,
					"end":	8.000213,
					"seconds":	0.99982601404190063,
					"bytes":	1368360,
					"bits_per_second":	10948784.934836911,
					"retransmits":	0,
					"snd_cwnd":	166520,
					"rtt":	75137,
					"rttvar":	6930,
					"pmtu":	1500,
					"omitted":	false,
					"sender":	true
				}],
			"sum":	{
				"start":	7.000387,
				"end":	8.000213,
				"seconds":	0.99982601404190063,
				"bytes":	1368360,
				"bits_per_second":	10948784.934836911,
				"retransmits":	0,
				"omitted":	false,
				"sender":	true
			}
		}, {
			"streams":	[{
					"socket":	5,
					"start":	8.000213,
					"end":	9.000145,
					"seconds":	0.99993199110031128,
					"bytes":	1368360,
					"bits_per_second":	10947624.535898892,
					"retransmits":	0,
					"snd_cwnd":	166520,
					"rtt":	99476,
					"rttvar":	18212,
					"pmtu":	1500,
					"omitted":	false,
					"sender":	true
				}],
			"sum":	{
				"start":	8.000213,
				"end":	9.000145,
				"seconds":	0.99993199110031128,
				"bytes":	1368360,
				"bits_per_second":	10947624.535898892,
				"retransmits":	0,
				"omitted":	false,
				"sender":	true
			}
		}, {
			"streams":	[{
					"socket":	5,
					"start":	9.000145,
					"end":	10.000332,
					"seconds":	1.0001870393753052,
					"bytes":	912240,
					"bits_per_second":	7296555.2568628769,
					"retransmits":	0,
					"snd_cwnd":	166520,
					"rtt":	41824,
					"rttvar":	19054,
					"pmtu":	1500,
					"omitted":	false,
					"sender":	true
				}],
			"sum":	{
				"start":	9.000145,
				"end":	10.000332,
				"seconds":	1.0001870393753052,
				"bytes":	912240,
				"bits_per_second":	7296555.2568628769,
				"retransmits":	0,
				"omitted":	false,
				"sender":	true
			}
		}, {
			"streams":	[{
					"socket":	5,
					"start":	10.000332,
					"end":	11.00017,
					"seconds":	0.99983799457550049,
					"bytes":	1368360,
					"bits_per_second":	10948653.741297057,
					"retransmits":	0,
					"snd_cwnd":	166520,
					"rtt":	69580,
					"rttvar":	9960,
					"pmtu":	1500,
					"omitted":	false,
					"sender":	true
				}],
			"sum":	{
				"start":	10.000332,
				"end":	11.00017,
				"seconds":	0.99983799457550049,
				"bytes":	1368360,
				"bits_per_second":	10948653.741297057,
				"retransmits":	0,
				"omitted":	false,
				"sender":	true
			}
		}, {
			"streams":	[{
					"socket":	5,
					"start":	11.00017,
					"end":	12.000051,
					"seconds":	0.99988102912902832,
					"bytes":	1368360,
					"bits_per_second":	10948182.514809344,
					"retransmits":	0,
					"snd_cwnd":	166520,
					"rtt":	48589,
					"rttvar":	11911,
					"pmtu":	1500,
					"omitted":	false,
					"sender":	true
				}],
			"sum":	{
				"start":	11.00017,
				"end":	12.000051,
				"seconds":	0.99988102912902832,
				"bytes":	1368360,
				"bits_per_second":	10948182.514809344,
				"retransmits":	0,
				"omitted":	false,
				"sender":	true
			}
		}, {
			"streams":	[{
					"socket":	5,
					"start":	12.000051,
					"end":	13.000267,
					"seconds":	1.000216007232666,
					"bytes":	912240,
					"bits_per_second":	7296343.9369376022,
					"retransmits":	0,
					"snd_cwnd":	166520,
					"rtt":	71183,
					"rttvar":	7885,
					"pmtu":	1500,