{
	"start":	{
		"connected":	[{
				"socket":	5,
				"local_host":	"10.5.0.20",
				"local_port":	47034,
				"remote_host":	"10.5.0.10",
				"remote_port":	5201
			}],
		"version":	"iperf 3.9",
		"system_info":	"Linux client 6.8.0-65-generic #68~22.04.1-Ubuntu SMP PREEMPT_DYNAMIC Tue Jul 15 18:06:34 UTC 2 x86_64",
		"timestamp":	{
			"time":	"Fri, 01 Aug 2025 04:48:32 GMT",
			"timesecs":	1754023712
		},
		"connecting_to":	{
			"host":	"10.5.0.10",
			"port":	5201
		},
		"cookie":	"44svce7chsfqa26owbctrwb5olvpmikcztqg",
		"tcp_mss_default":	1448,
		"sock_bufsize":	0,
		"sndbuf_actual":	16384,
		"rcvbuf_actual":	131072,
		"test_start":	{
			"protocol":	"TCP",
			"num_streams":	1,
			"blksize":	131072,
			"omit":	0,
			"duration":	10,
			"bytes":	0,
			"blocks":	0,
			"reverse":	0,
			"tos":	0
		}
	},
	"intervals":	[{
			"streams":	[{
					"socket":	5,
					"start":	0,
					"end":	1.00012,
					"seconds":	1.0001200437545776,
					"bytes":	41394856,
					"bits_per_second":	331119099.22011727,
					"retransmits":	0,
					"snd_cwnd":	8376680,
					"rtt":	50143,
					"rttvar":	36,
					"pmtu":	1500,
					"omitted":	false,
					"sender":	true
				}],
			"sum":	{
				"start":	0,
				"end":	1.00012,
				"seconds":	1.0001200437545776,
				"bytes":	41394856,
				"bits_per_second":	331119099.22011727,
				"retransmits":	0,
				"omitted":	false,
				"sender":	true
			}
		}, {
			"streams":	[{
					"socket":	5,
					"start":	1.00012,
					"end":	2.0001,
					"seconds":	0.99997997283935547,
					"bytes":	77332480,
					"bits_per_second":	618672230.24814153,
					"retransmits":	0,
					"snd_cwnd":	8376680,
					"rtt":	50079,
					"rttvar":	62,
					"pmtu":	1500,
					"omitted":	false,
					"sender":	true
				}],
			"sum":	{
				"start":	1.00012,
				"end":	2.0001,
				"seconds":	0.99997997283935547,
				"bytes":	77332480,
				"bits_per_second":	618672230.24814153,
				"retransmits":	0,
				"omitted":	false,
				"sender":	true
			}
		}, {
			"streams":	[{
					"socket":	5,
					"start":	2.0001,
					"end":	3.000075,
					"seconds":	0.999975025653839,
					"bytes":	77332480,
					"bits_per_second":	618675291.010879,
					"retransmits":	0,
					"snd_cwnd":	8376680,
					"rtt":	50160,
					"rttvar":	46,
					"pmtu":	1500,
					"omitted":	false,
					"sender":	true
				}],
			"sum":	{
				"start":	2.0001,
				"end":	3.000075,
				"seconds":	0.999975025653839,
				"bytes":	77332480,
				"bits_per_second":	618675291.010879,
				"retransmits":	0,
				"omitted":	false,
				"sender":	true
			}
		}, {
			"streams":	[{
					"socket":	5,
					"start":	3.000075,
					"end":	4.000065,
					"seconds":	0.99998998641967773,
					"bytes":	73400320,
					"bits_per_second":	587208440.05888045,
					"retransmits":	0,
					"snd_cwnd":	8376680,
					"rtt":	50424,
					"rttvar":	277,
					"pmtu":	1500,
					"omitted":	false,
					"sender":	true
				}],
			"sum":	{
				"start":	3.000075,
				"end":	4.000065,
				"seconds":	0.99998998641967773,
				"bytes":	73400320,
				"bits_per_second":	587208440.05888045,
				"retransmits":	0,
				"omitted":	false,
				"sender":	true
			}
		}, {
			"streams":	[{
					"socket":	5,
					"start":	4.000065,
					"end":	5.000067,
					"seconds":	1.0000020265579224,
					"bytes":	77332480,
					"bits_per_second":	618658586.252541,
					"retransmits":	0,
					"snd_cwnd":	8376680,
					"rtt":	50026,
					"rttvar":	15,
					"pmtu":	1500,
					"omitted":	false,
					"sender":	true
				}],
			"sum":	{
				"start":	4.000065,
				"end":	5.000067,
				"seconds":	1.0000020265579224,
				"bytes":	77332480,
				"bits_per_second":	618658586.252541,
				"retransmits":	0,
				"omitted":	false,
				"sender":	true
			}
		}, {
			"streams":	[{
					"socket":	5,
					"start":	5.000067,
					"end":	6.000148,
					"seconds":	1.000080943107605,
					"bytes":	78643200,
					"bits_per_second":	629094679.121694,
					"retransmits":	0,
					"snd_cwnd":	8376680,
					"rtt":	51359,
					"rttvar":	2487,
					"pmtu":	1500,
					"omitted":	false,
					"sender":	true
				}],
			"sum":	{
				"start":	5.000067,
				"end":	6.000148,
				"seconds":	1.000080943107605,
				"bytes":	78643200,
				"bits_per_second":	629094679.121694,
				"retransmits":	0,
				"omitted":	false,
				"sender":	true
			}
		}, {
			"streams":	[{
					"socket":	5,
					"start":	6.000148,
					"end":	7.000065,
					"seconds":	0.999916970729828,
					"bytes":	76021760,
					"bits_per_second":	608224580.443015,
					"retransmits":	0,
					"snd_cwnd":	8376680,
					"rtt":	50212,
					"rttvar":	85,
					"pmtu":	1500,
					"omitted":	false,
					"sender":	true
				}],
			"sum":	{
				"start":	6.000148,
				"end":	7.000065,
				"seconds":	0.999916970729828,
				"bytes":	76021760,
				"bits_per_second":	608224580.443015,
				"retransmits":	0,
				"omitted":	false,
				"sender":	true
			}
		}, {
			"streams":	[{
					"socket":	5,
					"start":	7.000065,
					"end":	8.000047,
					"seconds":	0.99998199939727783,
					"bytes":	73400320,
					"bits_per_second":	587213130.19027,
					"retransmits":	0,
					"snd_cwnd":	8376680,
					"rtt":	50047,
					"rttvar":	18,
					"pmtu":	1500,
					"omitted":	false,
					"sender":	true
				}],
			"sum":	{
				"start":	7.000065,
				"end":	8.000047,
				"seconds":	0.99998199939727783,
				"bytes":	73400320,
				"bits_per_second":	587213130.19027,
				"retransmits":	0,
				"omitted":	false,
				"sender":	true
			}
		}, {
			"streams":	[{
					"socket":	5,
					"start":	8.000047,
					"end":	9.000083,
					"seconds":	1.0000360012054443,
					"bytes":	73400320,
					"bits_per_second":	587181420.761038,
					"retransmits":	0,
					"snd_cwnd":	8376680,
					"rtt":	50162,
					"rttvar":	119,
					"pmtu":	1500,
					"omitted":	false,
					"sender":	true
				}],
			"sum":	{
				"start":	8.000047,
				"end":	9.000083,
				"seconds":	1.0000360012054443,
				"bytes":	73400320,
				"bits_per_second":	587181420.761038,
				"retransmits":	0,
				"omitted":	false,
				"sender":	true
			}
		}, {
			"streams":	[{
					"socket":	5,
					"start":	9.000083,
					"end":	10.000121,
					"seconds":	1.0000380277633667,
					"bytes":	78643200,
					"bits_per_second":	629121675.90977967,
					"retransmits":	0,
					"snd_cwnd":	8376680,
					"rtt":	50312,
					"rttvar":	235,
					"pmtu":	1500,
					"omitted":	false,
					"sender":	true
				}],
			"sum":	{
				"start":	9.000083,
				"end":	10.000121,
				"seconds":	1.0000380277633667,
				"bytes":	78643200,
				"bits_per_second":	629121675.90977967,
				"retransmits":	0,
				"omitted":	false,
				"sender":	true
			}
		}],
	"end":	{
		"streams":	[{
				"sender":	{
					"socket":	5,
					"start":	0,
					"end":	10.000121,
					"seconds":	10.000121,
					"bytes":	726901416,
					"bits_per_second":	581514096.47943258,
					"retransmits":	0,
					"max_snd_cwnd":	8376680,
					"max_rtt":	51359,
					"min_rtt":	50026,
					"mean_rtt":	50292,
					"sender":	true
				},
				"receiver":	{
					"socket":	5,
					"start":	0,
					"end":	10.067479,
					"seconds":	10.000121,
					"bytes":	726663168,
					"bits_per_second":	577434067.05889332,
					"sender":	true
				}
			}],
		"sum_sent":	{
			"start":	0,
			"end":	10.000121,
			"seconds":	10.000121,
			"bytes":	726901416,
			"bits_per_second":	581514096.47943258,
			"retransmits":	0,
			"sender":	true
		},
		"sum_received":	{
			"start":	0,
			"end":	10.067479,
			"seconds":	10.067479,
			"bytes":	726663168,
			"bits_per_second":	577434067.05889332,
			"sender":	true
		},
		"cpu_utilization_percent":	{
			"host_total":	4.6476317471397,
			"host_user":	0.1579463553703607,
			"host_system":	4.4896951079575382,
			"remote_total":	3.1312192225431543,
			"remote_user":	0.13098398830314115,
			"remote_system":	3.0002352342400136
		},
		"sender_tcp_congestion":	"cubic",
		"receiver_tcp_congestion":	"cubic"
	}
}
