{
	"start":	{
		"connected":	[{
				"socket":	5,
				"local_host":	"10.5.0.20",
				"local_port":	52796,
				"remote_host":	"10.5.0.10",
				"remote_port":	5201
			}],
		"version":	"iperf 3.9",
		"system_info":	"Linux client 6.8.0-65-generic #68~22.04.1-Ubuntu SMP PREEMPT_DYNAMIC Tue Jul 15 18:06:34 UTC 2 x86_64",
		"timestamp":	{
			"time":	"Fri, 01 Aug 2025 04:34:16 GMT",
			"timesecs":	1754022856
		},
		"connecting_to":	{
			"host":	"10.5.0.10",
			"port":	5201
		},
		"cookie":	"vc3tknzoc3inn6indabtxrlyokv5dgwxmwpz",
		"tcp_mss_default":	1448,
		"sock_bufsize":	0,
		"sndbuf_actual":	16384,
		"rcvbuf_actual":	131072,
		"test_start":	{
			"protocol":	"TCP",
			"num_streams":	1,
			"blksize":	131072,
			"omit":	0,
			"duration":	15,
			"bytes":	0,
			"blocks":	0,
			"reverse":	0,
			"tos":	0
		}
	},
	"intervals":	[{
			"streams":	[{
					"socket":	5,
					"start":	0,
					"end":	1.000343,
					"seconds":	1.0003429651260376,
					"bytes":	2012720,
					"bits_per_second":	16096239.5511736,
					"retransmits":	0,
					"snd_cwnd":	82536,
					"rtt":	44756,
					"rttvar":	9204,
					"pmtu":	1500,
					"omitted":	false,
					"sender":	true
				}],
			"sum":	{
				"start":	0,
				"end":	1.000343,
				"seconds":	1.0003429651260376,
				"bytes":	2012720,
				"bits_per_second":	16096239.5511736,
				"retransmits":	0,
				"omitted":	false,
				"sender":	true
			}
		}, {
			"streams":	[{
					"socket":	5,
					"start":	1.000343,
					"end":	2.000031,
					"seconds":	0.99968802928924561,
					"bytes":	1277136,
					"bits_per_second":	10220276.426901007,
					"retransmits":	0,
					"snd_cwnd":	120184,
					"rtt":	47916,
					"rttvar":	5256,
					"pmtu":	1500,
					"omitted":	false,
					"sender":	true
				}],
			"sum":	{
				"start":	1.000343,
				"end":	2.000031,
				"seconds":	0.99968802928924561,
				"bytes":	1277136,
				"bits_per_second":	10220276.426901007,
				"retransmits":	0,
				"omitted":	false,
				"sender":	true
			}
		}, {
			"streams":	[{
					"socket":	5,
					"start":	2.000031,
					"end":	3.000416,
					"seconds":	1.000385046005249,
					"bytes":	1339400,
					"bits_per_second":	10711075.74307321,
					"retransmits":	0,
					"snd_cwnd":	139008,
					"rtt":	60922,
					"rttvar":	4933,
					"pmtu":	1500,
					"omitted":	false,
					"sender":	true
				}],
			"sum":	{
				"start":	2.000031,
				"end":	3.000416,
				"seconds":	1.000385046005249,
				"bytes":	1339400,
				"bits_per_second":	10711075.74307321,
				"retransmits":	0,
				"omitted":	false,
				"sender":	true
			}
		}, {
			"streams":	[{
					"socket":	5,
					"start":	3.000416,
					"end":	4.000062,
					"seconds":	0.999646008014679,
					"bytes":	1368360,
					"bits_per_second":	10950756.480027132,
					"retransmits":	0,
					"snd_cwnd":	156384,
					"rtt":	72366,
					"rttvar":	14333,
					"pmtu":	1500,
					"omitted":	false,
					"sender":	true
				}],
			"sum":	{
				"start":	3.000416,
				"end":	4.000062,
				"seconds":	0.999646008014679,
				"bytes":	1368360,
				"bits_per_second":	10950756.480027132,
				"retransmits":	0,
				"omitted":	false,
				"sender":	true
			}
		}, {
			"streams":	[{
					"socket":	5,
					"start":	4.000062,
					"end":	5.000137,
					"seconds":	1.0000749826431274,
					"bytes":	912240,
					"bits_per_second":	7297372.8236977924,
					"retransmits":	0,
					"snd_cwnd":	165072,
					"rtt":	47506,
					"rttvar":	9976,
					"pmtu":	1500,
					"omitted":	false,
					"sender":	true
				}],
			"sum":	{
				"start":	4.000062,
				"end":	5.000137,
				"seconds":	1.0000749826431274,
				"bytes":	912240,
				"bits_per_second":	7297372.8236977924,
				"retransmits":	0,
				"omitted":	false,
				"sender":	true
			}
		}, {
			"streams":	[{
					"socket":	5,
					"start":	5.000137,
					"end":	6.000156,
					"seconds":	1.0000189542770386,
					"bytes":	1368360,
					"bits_per_second":	10946672.513736524,
					"retransmits":	0,
					"snd_cwnd":	165072,
					"rtt":	73986,
					"rttvar":	10286,
					"pmtu":	1500,
					"omitted":	false,
					"sender":	true
				}],
			"sum":	{
				"start":	5.000137,
				"end":	6.000156,
				"seconds":	1.0000189542770386,
				"bytes":	1368360,
				"bits_per_second":	10946672.513736524,
				"retransmits":	0,
				"omitted":	false,
				"sender":	true
			}
		}, {
			"streams":	[{
					"socket":	5,
					"start":	6.000156,
					"end":	7.000188,
					"seconds":	1.0000319480895996,
					"bytes":	912240,
					"bits_per_second":	7297686.8528465554,
					"retransmits":	0,
					"snd_cwnd":	165072,
					"rtt":	76974,
					"rttvar":	7839,
					"pmtu":	1500,
					"omitted":	false,
					"sender":	true
				}],
			"sum":	{
				"start":	6.000156,
				"end":	7.000188,
				"seconds":	1.0000319480895996,
				"bytes":	912240,
				"bits_per_second":	7297686.8528465554,
				"retransmits":	0,
				"omitted":	false,
				"sender":	true
			}
		}, {
			"streams":	[{
					"socket":	5,
					"start":	7.000188,
					"end":	8.000222,
					"seconds":	1.000033974647522,
					"bytes":	1368360,
					"bits_per_second":	10946508.096245833,
					"retransmits":	0,
					"snd_cwnd":	165072,
					"rtt":	87297,
					"rttvar":	18443,
					"pmtu":	1500,
					"omitted":	false,
					"sender":	true
				}],
			"sum":	{
				"start":	7.000188,
				"end":	8.000222,
				"seconds":	1.000033974647522,
				"bytes":	1368360,
				"bits_per_second":	10946508.096245833,
				"retransmits":	0,
				"omitted":	false,
				"sender":	true
			}
		}, {
			"streams":	[{
					"socket":	5,
					"start":	8.000222,
					"end":	9.000078,
					"seconds":	0.99985599517822266,
					"bytes":	1368360,
					"bits_per_second":	10948456.630545819,
					"retransmits":	0,
					"snd_cwnd":	165072,
					"rtt":	94899,
					"rttvar":	19048,
					"pmtu":	1500,
					"omitted":	false,
					"sender":	true
				}],
			"sum":	{
				"start":	8.000222,
				"end":	9.000078,
				"seconds":	0.99985599517822266,
				"bytes":	1368360,
				"bits_per_second":	10948456.630545819,
				"retransmits":	0,
				"omitted":	false,
				"sender":	true
			}
		}, {
			"streams":	[{
					"socket":	5,
					"start":	9.000078,
					"end":	10.000169,
					"seconds":	1.0000909566879272,
					"bytes":	1433520,
					"bits_per_second":	11467116.989018604,
					"retransmits":	0,
					"snd_cwnd":	254848,
					"rtt":	71875,
					"rttvar":	17777,
					"pmtu":	1500,
					"omitted":	false,
					"sender":	true
				}],
			"sum":	{
				"start":	9.000078,
				"end":	10.000169,
				"seconds":	1.0000909566879272,
				"bytes":	1433520,
				"bits_per_second":	11467116.989018604,
				"retransmits":	0,
				"omitted":	false,
				"sender":	true
			}
		}, {
			"streams":	[{
					"socket":	5,
					"start":	10.000169,
					"end":	11.000057,
					"seconds":	0.999888002872467,
					"bytes":	1172880,
					"bits_per_second":	9384090.9912355263,
					"retransmits":	0,
					"snd_cwnd":	272224,
					"rtt":	84296,
					"rttvar":	18376,
					"pmtu":	1500,
					"omitted":	false,
					"sender":	true
				}],
			"sum":	{
				"start":	10.000169,
				"end":	11.000057,
				"seconds":	0.999888002872467,
				"bytes":	1172880,
				"bits_per_second":	9384090.9912355263,
				"retransmits":	0,
				"omitted":	false,
				"sender":	true
			}
		}, {
			"streams":	[{
					"socket":	5,
					"start":	11.000057,
					"end":	12.000334,
					"seconds":	1.000277042388916,
					"bytes":	1172880,
					"bits_per_second":	9380441.22015528,
					"retransmits":	0,
					"snd_cwnd":	272224,
					"rtt":	90634,
					"rttvar":	19800,
					"pmtu":	1500,
					"omitted":	false,
					"sender":	true
				}],
			"sum":	{
				"start":	11.000057,
				"end":	12.000334,
				"seconds":	1.000277042388916,
				"bytes":	1172880,
				"bits_per_second":	9380441.22015528,
				"retransmits":	0,
				"omitted":	false,
				"sender":	true
			}
		}, {
			"streams":	[{
					"socket":	5,
					"start":	12.000334,
					"end":	13.000301,
					"seconds":	0.99996697902679443,
					"bytes":	1172880,
					"bits_per_second":	9383349.84734389,
					"retransmits":	0,
					"snd_cwnd":	272224,
					"rtt":	77826,
					"rttvar":	5980,
					"pmtu":	1500,
					"omitted":	false,