{
	"start":	{
		"connected":	[{
				"socket":	5,
				"local_host":	"10.5.0.20",
				"local_port":	50146,
				"remote_host":	"10.5.0.10",
				"remote_port":	5201
			}],
		"version":	"iperf 3.9",
		"system_info":	"Linux client 6.8.0-65-generic #68~22.04.1-Ubuntu SMP PREEMPT_DYNAMIC Tue Jul 15 18:06:34 UTC 2 x86_64",
		"timestamp":	{
			"time":	"Fri, 01 Aug 2025 04:42:51 GMT",
			"timesecs":	1754023371
		},
		"connecting_to":	{
			"host":	"10.5.0.10",
			"port":	5201
		},
		"cookie":	"o4csfib2nxcz2hmim2cmuvakhsybhjd4lnbn",
		"tcp_mss_default":	1448,
		"sock_bufsize":	0,
		"sndbuf_actual":	16384,
		"rcvbuf_actual":	131072,
		"test_start":	{
			"protocol":	"TCP",
			"num_streams":	1,
			"blksize":	131072,
			"omit":	0,
			"duration":	10,
			"bytes":	0,
			"blocks":	0,
			"reverse":	0,
			"tos":	0
		}
	},
	"intervals":	[{
			"streams":	[{
					"socket":	5,
					"start":	0,
					"end":	1.000165,
					"seconds":	1.0001649856567383,
					"bytes":	5844500480,
					"bits_per_second":	46748291042.500961,
					"retransmits":	0,
					"snd_cwnd":	697936,
					"rtt":	22,
					"rttvar":	4,
					"pmtu":	1500,
					"omitted":	false,
					"sender":	true
				}],
			"sum":	{
				"start":	0,
				"end":	1.000165,
				"seconds":	1.0001649856567383,
				"bytes":	5844500480,
				"bits_per_second":	46748291042.500961,
				"retransmits":	0,
				"omitted":	false,
				"sender":	true
			}
		}, {
			"streams":	[{
					"socket":	5,
					"start":	1.000165,
					"end":	2.00012,
					"seconds":	0.99995499849319458,
					"bytes":	5883528384,
					"bits_per_second":	47070345308.464729,
					"retransmits":	0,
					"snd_cwnd":	984640,
					"rtt":	20,
					"rttvar":	1,
					"pmtu":	1500,
					"omitted":	false,
					"sender":	true
				}],
			"sum":	{
				"start":	1.000165,
				"end":	2.00012,
				"seconds":	0.99995499849319458,
				"bytes":	5883528384,
				"bits_per_second":	47070345308.464729,
				"retransmits":	0,
				"omitted":	false,
				"sender":	true
			}
		}, {
			"streams":	[{
					"socket":	5,
					"start":	2.00012,
					"end":	3.000095,
					"seconds":	0.999975025653839,
					"bytes":	6143344640,
					"bits_per_second":	49147984558.77948,
					"retransmits":	0,
					"snd_cwnd":	1223560,
					"rtt":	28,
					"rttvar":	9,
					"pmtu":	1500,
					"omitted":	false,
					"sender":	true
				}],
			"sum":	{
				"start":	2.00012,
				"end":	3.000095,
				"seconds":	0.999975025653839,
				"bytes":	6143344640,
				"bits_per_second":	49147984558.77948,
				"retransmits":	0,
				"omitted":	false,
				"sender":	true
			}
		}, {
			"streams":	[{
					"socket":	5,
					"start":	3.000095,
					"end":	4.000099,
					"seconds":	1.0000040531158447,
					"bytes":	6075187200,
					"bits_per_second":	48601300613.2984,
					"retransmits":	0,
					"snd_cwnd":	1223560,
					"rtt":	23,
					"rttvar":	6,
					"pmtu":	1500,
					"omitted":	false,
					"sender":	true
				}],
			"sum":	{
				"start":	3.000095,
				"end":	4.000099,
				"seconds":	1.0000040531158447,
				"bytes":	6075187200,
				"bits_per_second":	48601300613.2984,
				"retransmits":	0,
				"omitted":	false,
				"sender":	true
			}
		}, {
			"streams":	[{
					"socket":	5,
					"start":	4.000099,
					"end":	5.000143,
					"seconds":	1.0000439882278442,
					"bytes":	5877268480,
					"bits_per_second":	47016079685.974434,
					"retransmits":	0,
					"snd_cwnd":	1284376,
					"rtt":	21,
					"rttvar":	1,
					"pmtu":	1500,
					"omitted":	false,
					"sender":	true
				}],
			"sum":	{
				"start":	4.000099,
				"end":	5.000143,
				"seconds":	1.0000439882278442,
				"bytes":	5877268480,
				"bits_per_second":	47016079685.974434,
				"retransmits":	0,
				"omitted":	false,
				"sender":	true
			}
		}, {
			"streams":	[{
					"socket":	5,
					"start":	5.000143,
					"end":	6.000028,
					"seconds":	0.99988502264022827,
					"bytes":	5896929280,
					"bits_per_second":	47180858970.5962,
					"retransmits":	0,
					"snd_cwnd":	1284376,
					"rtt":	21,
					"rttvar":	2,
					"pmtu":	1500,
					"omitted":	false,
					"sender":	true
				}],
			"sum":	{
				"start":	5.000143,
				"end":	6.000028,
				"seconds":	0.99988502264022827,
				"bytes":	5896929280,
				"bits_per_second":	47180858970.5962,
				"retransmits":	0,
				"omitted":	false,
				"sender":	true
			}
		}, {
			"streams":	[{
					"socket":	5,
					"start":	6.000028,
					"end":	7.000164,
					"seconds":	1.0001360177993774,
					"bytes":	6127616000,
					"bits_per_second":	49014261188.0551,
					"retransmits":	0,
					"snd_cwnd":	1348088,
					"rtt":	20,
					"rttvar":	3,
					"pmtu":	1500,
					"omitted":	false,
					"sender":	true
				}],
			"sum":	{
				"start":	6.000028,
				"end":	7.000164,
				"seconds":	1.0001360177993774,
				"bytes":	6127616000,
				"bits_per_second":	49014261188.0551,
				"retransmits":	0,
				"omitted":	false,
				"sender":	true
			}
		}, {
			"streams":	[{
					"socket":	5,
					"start":	7.000164,
					"end":	8.000035,
					"seconds":	0.999871015548706,
					"bytes":	6325534720,
					"bits_per_second":	50610805767.0114,
					"retransmits":	0,
					"snd_cwnd":	1416144,
					"rtt":	22,
					"rttvar":	1,
					"pmtu":	1500,
					"omitted":	false,
					"sender":	true
				}],
			"sum":	{
				"start":	7.000164,
				"end":	8.000035,
				"seconds":	0.999871015548706,
				"bytes":	6325534720,
				"bits_per_second":	50610805767.0114,
				"retransmits":	0,
				"omitted":	false,
				"sender":	true
			}
		}, {
			"streams":	[{
					"socket":	5,
					"start":	8.000035,
					"end":	9.000252,
					"seconds":	1.0002169609069824,
					"bytes":	6283591680,
					"bits_per_second":	50257829455.738312,
					"retransmits":	0,
					"snd_cwnd":	1416144,
					"rtt":	50,
					"rttvar":	6,
					"pmtu":	1500,
					"omitted":	false,
					"sender":	true
				}],
			"sum":	{
				"start":	8.000035,
				"end":	9.000252,
				"seconds":	1.0002169609069824,
				"bytes":	6283591680,
				"bits_per_second":	50257829455.738312,
				"retransmits":	0,
				"omitted":	false,
				"sender":	true
			}
		}, {
			"streams":	[{
					"socket":	5,
					"start":	9.000252,
					"end":	10.000102,
					"seconds":	0.99984997510910034,
					"bytes":	6085672960,
					"bits_per_second":	48692688795.324127,
					"retransmits":	0,
					"snd_cwnd":	2092360,
					"rtt":	30,
					"rttvar":	4,
					"pmtu":	1500,
					"omitted":	false,
					"sender":	true
				}],
			"sum":	{
				"start":	9.000252,
				"end":	10.000102,
				"seconds":	0.99984997510910034,
				"bytes":	6085672960,
				"bits_per_second":	48692688795.324127,
				"retransmits":	0,
				"omitted":	false,
				"sender":	true
			}
		}],
	"end":	{
		"streams":	[{
				"sender":	{
					"socket":	5,
					"start":	0,
					"end":	10.000102,
					"seconds":	10.000102,
					"bytes":	60543173824,
					"bits_per_second":	48434045031.940674,
					"retransmits":	0,
					"max_snd_cwnd":	2092360,
					"max_rtt":	50,
					"min_rtt":	20,
					"mean_rtt":	25,
					"sender":	true
				},
				"receiver":	{
					"socket":	5,
					"start":	0,
					"end":	20.050524,
					"seconds":	10.000102,
					"bytes":	60543173824,
					"bits_per_second":	24156246020.902,
					"sender":	true
				}
			}],
		"sum_sent":	{
			"start":	0,
			"end":	10.000102,
			"seconds":	10.000102,
			"bytes":	60543173824,
			"bits_per_second":	48434045031.940674,
			"retransmits":	0,
			"sender":	true
		},
		"sum_received":	{
			"start":	0,
			"end":	20.050524,
			"seconds":	20.050524,
			"bytes":	60543173824,
			"bits_per_second":	24156246020.902,
			"sender":	true
		},
		"cpu_utilization_percent":	{
			"host_total":	99.546330389109471,
			"host_user":	1.09081059174724,
			"host_system":	98.455519797362228,
			"remote_total":	42.471680083919075,
			"remote_user":	1.7345950080985155,
			"remote_system":	40.7370898163687
		},
		"sender_tcp_congestion":	"cubic",
		"receiver_tcp_congestion":	"cubic"
	}
}
