{
	"start":	{
		"connected":	[{
				"socket":	5,
				"local_host":	"10.5.0.20",
				"local_port":	45384,
				"remote_host":	"10.5.0.10",
				"remote_port":	5201
			}],
		"version":	"iperf 3.9",
		"system_info":	"Linux client 6.8.0-65-generic #68~22.04.1-Ubuntu SMP PREEMPT_DYNAMIC Tue Jul 15 18:06:34 UTC 2 x86_64",
		"timestamp":	{
			"time":	"Fri, 01 Aug 2025 02:30:55 GMT",
			"timesecs":	1754015455
		},
		"connecting_to":	{
			"host":	"10.5.0.10",
			"port":	5201
		},
		"cookie":	"v6epgden3ycnvct6c6guxcuiwot4rd7h7jnx",
		"tcp_mss_default":	1448,
		"sock_bufsize":	262144,
		"sndbuf_actual":	425984,
		"rcvbuf_actual":	425984,
		"test_start":	{
			"protocol":	"TCP",
			"num_streams":	1,
			"blksize":	131072,
			"omit":	0,
			"duration":	10,
			"bytes":	0,
			"blocks":	0,
			"reverse":	0,
			"tos":	0
		}
	},
	"intervals":	[{
			"streams":	[{
					"socket":	5,
					"start":	0,
					"end":	1.000036,
					"seconds":	1.0000360012054443,
					"bytes":	5836953260,
					"bits_per_second":	46693945041.691551,
					"retransmits":	0,
					"snd_cwnd":	493768,
					"rtt":	13,
					"rttvar":	6,
					"pmtu":	1500,
					"omitted":	false,
					"sender":	true
				}],
			"sum":	{
				"start":	0,
				"end":	1.000036,
				"seconds":	1.0000360012054443,
				"bytes":	5836953260,
				"bits_per_second":	46693945041.691551,
				"retransmits":	0,
				"omitted":	false,
				"sender":	true
			}
		}, {
			"streams":	[{
					"socket":	5,
					"start":	1.000036,
					"end":	2.000086,
					"seconds":	1.0000499486923218,
					"bytes":	5675031120,
					"bits_per_second":	45397981390.1955,
					"retransmits":	0,
					"snd_cwnd":	493768,
					"rtt":	16,
					"rttvar":	5,
					"pmtu":	1500,
					"omitted":	false,
					"sender":	true
				}],
			"sum":	{
				"start":	1.000036,
				"end":	2.000086,
				"seconds":	1.0000499486923218,
				"bytes":	5675031120,
				"bits_per_second":	45397981390.1955,
				"retransmits":	0,
				"omitted":	false,
				"sender":	true
			}
		}, {
			"streams":	[{
					"socket":	5,
					"start":	2.000086,
					"end":	3.000075,
					"seconds":	0.99998897314071655,
					"bytes":	5620649972,
					"bits_per_second":	44965695606.398033,
					"retransmits":	0,
					"snd_cwnd":	493768,
					"rtt":	21,
					"rttvar":	1,
					"pmtu":	1500,
					"omitted":	false,
					"sender":	true
				}],
			"sum":	{
				"start":	2.000086,
				"end":	3.000075,
				"seconds":	0.99998897314071655,
				"bytes":	5620649972,
				"bits_per_second":	44965695606.398033,
				"retransmits":	0,
				"omitted":	false,
				"sender":	true
			}
		}, {
			"streams":	[{
					"socket":	5,
					"start":	3.000075,
					"end":	4.000008,
					"seconds":	0.99993300437927246,
					"bytes":	5953696832,
					"bits_per_second":	47632765842.7146,
					"retransmits":	0,
					"snd_cwnd":	493768,
					"rtt":	51,
					"rttvar":	11,
					"pmtu":	1500,
					"omitted":	false,
					"sender":	true
				}],
			"sum":	{
				"start":	3.000075,
				"end":	4.000008,
				"seconds":	0.99993300437927246,
				"bytes":	5953696832,
				"bits_per_second":	47632765842.7146,
				"retransmits":	0,
				"omitted":	false,
				"sender":	true
			}
		}, {
			"streams":	[{
					"socket":	5,
					"start":	4.000008,
					"end":	5.000164,
					"seconds":	1.000156044960022,
					"bytes":	5930856976,
					"bits_per_second":	47439453120.434357,
					"retransmits":	0,
					"snd_cwnd":	493768,
					"rtt":	21,
					"rttvar":	1,
					"pmtu":	1500,
					"omitted":	false,
					"sender":	true
				}],
			"sum":	{
				"start":	4.000008,
				"end":	5.000164,
				"seconds":	1.000156044960022,
				"bytes":	5930856976,
				"bits_per_second":	47439453120.434357,
				"retransmits":	0,
				"omitted":	false,
				"sender":	true
			}
		}, {
			"streams":	[{
					"socket":	5,
					"start":	5.000164,
					"end":	6.000028,
					"seconds":	0.99986398220062256,
					"bytes":	6130693560,
					"bits_per_second":	49052220455.080879,
					"retransmits":	0,
					"snd_cwnd":	493768,
					"rtt":	15,
					"rttvar":	5,
					"pmtu":	1500,
					"omitted":	false,
					"sender":	true
				}],
			"sum":	{
				"start":	5.000164,
				"end":	6.000028,
				"seconds":	0.99986398220062256,
				"bytes":	6130693560,
				"bits_per_second":	49052220455.080879,
				"retransmits":	0,
				"omitted":	false,
				"sender":	true
			}
		}, {
			"streams":	[{
					"socket":	5,
					"start":	6.000028,
					"end":	7.000431,
					"seconds":	1.0004030466079712,
					"bytes":	5926930480,
					"bits_per_second":	47396340905.567764,
					"retransmits":	0,
					"snd_cwnd":	493768,
					"rtt":	49,
					"rttvar":	14,
					"pmtu":	1500,
					"omitted":	false,
					"sender":	true
				}],
			"sum":	{
				"start":	6.000028,
				"end":	7.000431,
				"seconds":	1.0004030466079712,
				"bytes":	5926930480,
				"bits_per_second":	47396340905.567764,
				"retransmits":	0,
				"omitted":	false,
				"sender":	true
			}
		}, {
			"streams":	[{
					"socket":	5,
					"start":	7.000431,
					"end":	8.00005,
					"seconds":	0.9996190071105957,
					"bytes":	5986506840,
					"bits_per_second":	47910308206.755943,
					"retransmits":	0,
					"snd_cwnd":	493768,
					"rtt":	13,
					"rttvar":	6,
					"pmtu":	1500,
					"omitted":	false,
					"sender":	true
				}],
			"sum":	{
				"start":	7.000431,
				"end":	8.00005,
				"seconds":	0.9996190071105957,
				"bytes":	5986506840,
				"bits_per_second":	47910308206.755943,
				"retransmits":	0,
				"omitted":	false,
				"sender":	true
			}
		}, {
			"streams":	[{
					"socket":	5,
					"start":	8.00005,
					"end":	9.000124,
					"seconds":	1.000074028968811,
					"bytes":	5822973960,
					"bits_per_second":	46580343385.212326,
					"retransmits":	0,
					"snd_cwnd":	493768,
					"rtt":	15,
					"rttvar":	5,
					"pmtu":	1500,
					"omitted":	false,
					"sender":	true
				}],
			"sum":	{
				"start":	8.00005,
				"end":	9.000124,
				"seconds":	1.000074028968811,
				"bytes":	5822973960,
				"bits_per_second":	46580343385.212326,
				"retransmits":	0,
				"omitted":	false,
				"sender":	true
			}
		}, {
			"streams":	[{
					"socket":	5,
					"start":	9.000124,
					"end":	10.000189,
					"seconds":	1.0000649690628052,
					"bytes":	5847598088,
					"bits_per_second":	46777745597.708382,
					"retransmits":	0,
					"snd_cwnd":	493768,
					"rtt":	21,
					"rttvar":	5,
					"pmtu":	1500,
					"omitted":	false,
					"sender":	true
				}],
			"sum":	{
				"start":	9.000124,
				"end":	10.000189,
				"seconds":	1.0000649690628052,
				"bytes":	5847598088,
				"bits_per_second":	46777745597.708382,
				"retransmits":	0,
				"omitted":	false,
				"sender":	true
			}
		}],
	"end":	{
		"streams":	[{
				"sender":	{
					"socket":	5,
					"start":	0,
					"end":	10.000189,
					"seconds":	10.000189,
					"bytes":	58731891088,
					"bits_per_second":	46984624860.990128,
					"retransmits":	0,
					"max_snd_cwnd":	493768,
					"max_rtt":	51,
					"min_rtt":	13,
					"mean_rtt":	23,
					"sender":	true
				},
				"receiver":	{
					"socket":	5,
					"start":	0,
					"end":	20.041649,
					"seconds":	10.000189,
					"bytes":	58731891088,
					"bits_per_second":	23443935611.485863,
					"sender":	true
				}
			}],
		"sum_sent":	{
			"start":	0,
			"end":	10.000189,
			"seconds":	10.000189,
			"bytes":	58731891088,
			"bits_per_second":	46984624860.990128,
			"retransmits":	0,
			"sender":	true
		},
		"sum_received":	{
			"start":	0,
			"end":	20.041649,
			"seconds":	20.041649,
			"bytes":	58731891088,
			"bits_per_second":	23443935611.485863,
			"sender":	true
		},
		"cpu_utilization_percent":	{
			"host_total":	99.231444724616239,
			"host_user":	0.94190227201016352,
			"host_system":	98.2895126951679,
			"remote_total":	39.8810458750629,
			"remote_user":	1.7597826837767765,
			"remote_system":	38.121267717802141
		},
		"sender_tcp_congestion":	"cubic",
		"receiver_tcp_congestion":	"cubic"
	}
}
