{
	"start":	{
		"connected":	[{
				"socket":	5,
				"local_host":	"10.5.0.20",
				"local_port":	49098,
				"remote_host":	"10.5.0.10",
				"remote_port":	5201
			}],
		"version":	"iperf 3.9",
		"system_info":	"Linux client 6.8.0-65-generic #68~22.04.1-Ubuntu SMP PREEMPT_DYNAMIC Tue Jul 15 18:06:34 UTC 2 x86_64",
		"timestamp":	{
			"time":	"Fri, 01 Aug 2025 04:35:52 GMT",
			"timesecs":	1754022952
		},
		"connecting_to":	{
			"host":	"10.5.0.10",
			"port":	5201
		},
		"cookie":	"b7eydoheeqjw4hvgeoikttq5nstk5kca3uw6",
		"tcp_mss_default":	1448,
		"sock_bufsize":	0,
		"sndbuf_actual":	16384,
		"rcvbuf_actual":	131072,
		"test_start":	{
			"protocol":	"TCP",
			"num_streams":	1,
			"blksize":	131072,
			"omit":	0,
			"duration":	15,
			"bytes":	0,
			"blocks":	0,
			"reverse":	0,
			"tos":	0
		}
	},
	"intervals":	[{
			"streams":	[{
					"socket":	5,
					"start":	0,
					"end":	1.000214,
					"seconds":	1.0002139806747437,
					"bytes":	4280387696,
					"bits_per_second":	34235775773.599594,
					"retransmits":	15532,
					"snd_cwnd":	27512,
					"rtt":	19,
					"rttvar":	3,
					"pmtu":	1500,
					"omitted":	false,
					"sender":	true
				}],
			"sum":	{
				"start":	0,
				"end":	1.000214,
				"seconds":	1.0002139806747437,
				"bytes":	4280387696,
				"bits_per_second":	34235775773.599594,
				"retransmits":	15532,
				"omitted":	false,
				"sender":	true
			}
		}, {
			"streams":	[{
					"socket":	5,
					"start":	1.000214,
					"end":	2.000191,
					"seconds":	0.9999769926071167,
					"bytes":	3082652640,
					"bits_per_second":	24661788523.457764,
					"retransmits":	10241,
					"snd_cwnd":	8688,
					"rtt":	497,
					"rttvar":	541,
					"pmtu":	1500,
					"omitted":	false,
					"sender":	true
				}],
			"sum":	{
				"start":	1.000214,
				"end":	2.000191,
				"seconds":	0.9999769926071167,
				"bytes":	3082652640,
				"bits_per_second":	24661788523.457764,
				"retransmits":	10241,
				"omitted":	false,
				"sender":	true
			}
		}, {
			"streams":	[{
					"socket":	5,
					"start":	2.000191,
					"end":	3.000126,
					"seconds":	0.99993497133255,
					"bytes":	2397626952,
					"bits_per_second":	19182263013.002411,
					"retransmits":	7550,
					"snd_cwnd":	28960,
					"rtt":	16,
					"rttvar":	3,
					"pmtu":	1500,
					"omitted":	false,
					"sender":	true
				}],
			"sum":	{
				"start":	2.000191,
				"end":	3.000126,
				"seconds":	0.99993497133255,
				"bytes":	2397626952,
				"bits_per_second":	19182263013.002411,
				"retransmits":	7550,
				"omitted":	false,
				"sender":	true
			}
		}, {
			"streams":	[{
					"socket":	5,
					"start":	3.000126,
					"end":	4.000119,
					"seconds":	0.99999302625656128,
					"bytes":	1415348488,
					"bits_per_second":	11322866866.76852,
					"retransmits":	5454,
					"snd_cwnd":	5792,
					"rtt":	343,
					"rttvar":	490,
					"pmtu":	1500,
					"omitted":	false,
					"sender":	true
				}],
			"sum":	{
				"start":	3.000126,
				"end":	4.000119,
				"seconds":	0.99999302625656128,
				"bytes":	1415348488,
				"bits_per_second":	11322866866.76852,
				"retransmits":	5454,
				"omitted":	false,
				"sender":	true
			}
		}, {
			"streams":	[{
					"socket":	5,
					"start":	4.000119,
					"end":	5.000057,
					"seconds":	0.99993801116943359,
					"bytes":	3345286896,
					"bits_per_second":	26763954234.224312,
					"retransmits":	10613,
					"snd_cwnd":	175208,
					"rtt":	21,
					"rttvar":	3,
					"pmtu":	1500,
					"omitted":	false,
					"sender":	true
				}],
			"sum":	{
				"start":	4.000119,
				"end":	5.000057,
				"seconds":	0.99993801116943359,
				"bytes":	3345286896,
				"bits_per_second":	26763954234.224312,
				"retransmits":	10613,
				"omitted":	false,
				"sender":	true
			}
		}, {
			"streams":	[{
					"socket":	5,
					"start":	5.000057,
					"end":	6.000168,
					"seconds":	1.0001109838485718,
					"bytes":	2901018520,
					"bits_per_second":	23205572716.23164,
					"retransmits":	9938,
					"snd_cwnd":	97016,
					"rtt":	23,
					"rttvar":	11,
					"pmtu":	1500,
					"omitted":	false,
					"sender":	true
				}],
			"sum":	{
				"start":	5.000057,
				"end":	6.000168,
				"seconds":	1.0001109838485718,
				"bytes":	2901018520,
				"bits_per_second":	23205572716.23164,
				"retransmits":	9938,
				"omitted":	false,
				"sender":	true
			}
		}, {
			"streams":	[{
					"socket":	5,
					"start":	6.000168,
					"end":	7.000226,
					"seconds":	1.0000580549240112,
					"bytes":	3701183032,
					"bits_per_second":	29607745380.591785,
					"retransmits":	12166,
					"snd_cwnd":	13032,
					"rtt":	663,
					"rttvar":	478,
					"pmtu":	1500,
					"omitted":	false,
					"sender":	true
				}],
			"sum":	{
				"start":	6.000168,
				"end":	7.000226,
				"seconds":	1.0000580549240112,
				"bytes":	3701183032,
				"bits_per_second":	29607745380.591785,
				"retransmits":	12166,
				"omitted":	false,
				"sender":	true
			}
		}, {
			"streams":	[{
					"socket":	5,
					"start":	7.000226,
					"end":	8.00018,
					"seconds":	0.9999539852142334,
					"bytes":	3198326648,
					"bits_per_second":	25587790600.702732,
					"retransmits":	11968,
					"snd_cwnd":	139008,
					"rtt":	17,
					"rttvar":	3,
					"pmtu":	1500,
					"omitted":	false,
					"sender":	true
				}],
			"sum":	{
				"start":	7.000226,
				"end":	8.00018,
				"seconds":	0.9999539852142334,
				"bytes":	3198326648,
				"bits_per_second":	25587790600.702732,
				"retransmits":	11968,
				"omitted":	false,
				"sender":	true
			}
		}, {
			"streams":	[{
					"socket":	5,
					"start":	8.00018,
					"end":	9.000196,
					"seconds":	1.0000159740448,
					"bytes":	4492066800,
					"bits_per_second":	35935960357.359329,
					"retransmits":	16657,
					"snd_cwnd":	5792,
					"rtt":	340,
					"rttvar":	490,
					"pmtu":	1500,
					"omitted":	false,
					"sender":	true
				}],
			"sum":	{
				"start":	8.00018,
				"end":	9.000196,
				"seconds":	1.0000159740448,
				"bytes":	4492066800,
				"bits_per_second":	35935960357.359329,
				"retransmits":	16657,
				"omitted":	false,
				"sender":	true
			}
		}, {
			"streams":	[{
					"socket":	5,
					"start":	9.000196,
					"end":	10.000168,
					"seconds":	0.99997198581695557,
					"bytes":	2745228696,
					"bits_per_second":	21962444827.949512,
					"retransmits":	9176,
					"snd_cwnd":	4344,
					"rtt":	246,
					"rttvar":	402,
					"pmtu":	1500,
					"omitted":	false,
					"sender":	true
				}],
			"sum":	{
				"start":	9.000196,
				"end":	10.000168,
				"seconds":	0.99997198581695557,
				"bytes":	2745228696,
				"bits_per_second":	21962444827.949512,
				"retransmits":	9176,
				"omitted":	false,
				"sender":	true
			}
		}, {
			"streams":	[{
					"socket":	5,
					"start":	10.000168,
					"end":	11.00014,
					"seconds":	0.99997198581695557,
					"bytes":	2479734864,
					"bits_per_second":	19838434669.540146,
					"retransmits":	7947,
					"snd_cwnd":	104256,
					"rtt":	20,
					"rttvar":	8,
					"pmtu":	1500,
					"omitted":	false,
					"sender":	true
				}],
			"sum":	{
				"start":	10.000168,
				"end":	11.00014,
				"seconds":	0.99997198581695557,
				"bytes":	2479734864,
				"bits_per_second":	19838434669.540146,
				"retransmits":	7947,
				"omitted":	false,
				"sender":	true
			}
		}, {
			"streams":	[{
					"socket":	5,
					"start":	11.00014,
					"end":	12.000093,
					"seconds":	0.99995297193527222,
					"bytes":	1705891760,
					"bits_per_second":	13647775908.488815,
					"retransmits":	5424,
					"snd_cwnd":	8688,
					"rtt":	498,
					"rttvar":	540,
					"pmtu":	1500,
					"omitted":	false,
					"sender":	true
				}],
			"sum":	{
				"start":	11.00014,
				"end":	12.000093,
				"seconds":	0.99995297193527222,
				"bytes":	1705891760,
				"bits_per_second":	13647775908.488815,
				"retransmits":	5424,
				"omitted":	false,
				"sender":	true
			}
		}, {
			"streams":	[{
					"socket":	5,
					"start":	12.000093,
					"end":	13.000158,
					"seconds":	1.0000649690628052,
					"bytes":	2986818568,
					"bits_per_second":	23892996238.426781,
					"retransmits":	10502,