{
	"start":	{
		"connected":	[{
				"socket":	5,
				"local_host":	"10.5.0.20",
				"local_port":	49250,
				"remote_host":	"10.5.0.10",
				"remote_port":	5201
			}],
		"version":	"iperf 3.9",
		"system_info":	"Linux client 6.8.0-65-generic #68~22.04.1-Ubuntu SMP PREEMPT_DYNAMIC Tue Jul 15 18:06:34 UTC 2 x86_64",
		"timestamp":	{
			"time":	"Fri, 01 Aug 2025 04:23:09 GMT",
			"timesecs":	1754022189
		},
		"connecting_to":	{
			"host":	"10.5.0.10",
			"port":	5201
		},
		"cookie":	"qu2rimxuaqn2d3uzlss4iahmdntwlxamevjm",
		"tcp_mss_default":	1448,
		"sock_bufsize":	0,
		"sndbuf_actual":	16384,
		"rcvbuf_actual":	131072,
		"test_start":	{
			"protocol":	"TCP",
			"num_streams":	1,
			"blksize":	131072,
			"omit":	0,
			"duration":	20,
			"bytes":	0,
			"blocks":	0,
			"reverse":	0,
			"tos":	0
		}
	},
	"intervals":	[{
			"streams":	[{
					"socket":	5,
					"start":	0,
					"end":	1.000111,
					"seconds":	1.0001109838485718,
					"bytes":	6015286544,
					"bits_per_second":	48116952147.469131,
					"retransmits":	0,
					"snd_cwnd":	666080,
					"rtt":	23,
					"rttvar":	2,
					"pmtu":	1500,
					"omitted":	false,
					"sender":	true
				}],
			"sum":	{
				"start":	0,
				"end":	1.000111,
				"seconds":	1.0001109838485718,
				"bytes":	6015286544,
				"bits_per_second":	48116952147.469131,
				"retransmits":	0,
				"omitted":	false,
				"sender":	true
			}
		}, {
			"streams":	[{
					"socket":	5,
					"start":	1.000111,
					"end":	2.000293,
					"seconds":	1.000182032585144,
					"bytes":	6393692160,
					"bits_per_second":	51140228092.075546,
					"retransmits":	0,
					"snd_cwnd":	735584,
					"rtt":	32,
					"rttvar":	9,
					"pmtu":	1500,
					"omitted":	false,
					"sender":	true
				}],
			"sum":	{
				"start":	1.000111,
				"end":	2.000293,
				"seconds":	1.000182032585144,
				"bytes":	6393692160,
				"bits_per_second":	51140228092.075546,
				"retransmits":	0,
				"omitted":	false,
				"sender":	true
			}
		}, {
			"streams":	[{
					"socket":	5,
					"start":	2.000293,
					"end":	3.000069,
					"seconds":	0.999776005744934,
					"bytes":	6154819912,
					"bits_per_second":	49249590921.430748,
					"retransmits":	0,
					"snd_cwnd":	899208,
					"rtt":	21,
					"rttvar":	1,
					"pmtu":	1500,
					"omitted":	false,
					"sender":	true
				}],
			"sum":	{
				"start":	2.000293,
				"end":	3.000069,
				"seconds":	0.999776005744934,
				"bytes":	6154819912,
				"bits_per_second":	49249590921.430748,
				"retransmits":	0,
				"omitted":	false,
				"sender":	true
			}
		}, {
			"streams":	[{
					"socket":	5,
					"start":	3.000069,
					"end":	4.000136,
					"seconds":	1.0000669956207275,
					"bytes":	5891686400,
					"bits_per_second":	47130333674.040413,
					"retransmits":	0,
					"snd_cwnd":	944096,
					"rtt":	21,
					"rttvar":	2,
					"pmtu":	1500,
					"omitted":	false,
					"sender":	true
				}],
			"sum":	{
				"start":	3.000069,
				"end":	4.000136,
				"seconds":	1.0000669956207275,
				"bytes":	5891686400,
				"bits_per_second":	47130333674.040413,
				"retransmits":	0,
				"omitted":	false,
				"sender":	true
			}
		}, {
			"streams":	[{
					"socket":	5,
					"start":	4.000136,
					"end":	5.000186,
					"seconds":	1.0000499486923218,
					"bytes":	6130237440,
					"bits_per_second":	49039450063.597145,
					"retransmits":	0,
					"snd_cwnd":	1180120,
					"rtt":	20,
					"rttvar":	4,
					"pmtu":	1500,
					"omitted":	false,
					"sender":	true
				}],
			"sum":	{
				"start":	4.000136,
				"end":	5.000186,
				"seconds":	1.0000499486923218,
				"bytes":	6130237440,
				"bits_per_second":	49039450063.597145,
				"retransmits":	0,
				"omitted":	false,
				"sender":	true
			}
		}, {
			"streams":	[{
					"socket":	5,
					"start":	5.000186,
					"end":	6.00015,
					"seconds":	0.99996399879455566,
					"bytes":	6086983680,
					"bits_per_second":	48697622613.116348,
					"retransmits":	0,
					"snd_cwnd":	1239488,
					"rtt":	21,
					"rttvar":	1,
					"pmtu":	1500,
					"omitted":	false,
					"sender":	true
				}],
			"sum":	{
				"start":	5.000186,
				"end":	6.00015,
				"seconds":	0.99996399879455566,
				"bytes":	6086983680,
				"bits_per_second":	48697622613.116348,
				"retransmits":	0,
				"omitted":	false,
				"sender":	true
			}
		}, {
			"streams":	[{
					"socket":	5,
					"start":	6.00015,
					"end":	7.000213,
					"seconds":	1.0000629425048828,
					"bytes":	6001786880,
					"bits_per_second":	48011273090.2091,
					"retransmits":	0,
					"snd_cwnd":	1717328,
					"rtt":	26,
					"rttvar":	6,
					"pmtu":	1500,
					"omitted":	false,
					"sender":	true
				}],
			"sum":	{
				"start":	6.00015,
				"end":	7.000213,
				"seconds":	1.0000629425048828,
				"bytes":	6001786880,
				"bits_per_second":	48011273090.2091,
				"retransmits":	0,
				"omitted":	false,
				"sender":	true
			}
		}, {
			"streams":	[{
					"socket":	5,
					"start":	7.000213,
					"end":	8.000171,
					"seconds":	0.99995797872543335,
					"bytes":	6026690560,
					"bits_per_second":	48215550558.88842,
					"retransmits":	0,
					"snd_cwnd":	1892536,
					"rtt":	19,
					"rttvar":	3,
					"pmtu":	1500,
					"omitted":	false,
					"sender":	true
				}],
			"sum":	{
				"start":	7.000213,
				"end":	8.000171,
				"seconds":	0.99995797872543335,
				"bytes":	6026690560,
				"bits_per_second":	48215550558.88842,
				"retransmits":	0,
				"omitted":	false,
				"sender":	true
			}
		}, {
			"streams":	[{
					"socket":	5,
					"start":	8.000171,
					"end":	9.000118,
					"seconds":	0.99994701147079468,
					"bytes":	6009651200,
					"bits_per_second":	48079757275.622581,
					"retransmits":	0,
					"snd_cwnd":	1892536,
					"rtt":	21,
					"rttvar":	3,
					"pmtu":	1500,
					"omitted":	false,
					"sender":	true
				}],
			"sum":	{
				"start":	8.000171,
				"end":	9.000118,
				"seconds":	0.99994701147079468,
				"bytes":	6009651200,
				"bits_per_second":	48079757275.622581,
				"retransmits":	0,
				"omitted":	false,
				"sender":	true
			}
		}, {
			"streams":	[{
					"socket":	5,
					"start":	9.000118,
					"end":	10.000049,
					"seconds":	0.99993097782135,
					"bytes":	6195773440,
					"bits_per_second":	49569608922.402649,
					"retransmits":	0,
					"snd_cwnd":	1892536,
					"rtt":	22,
					"rttvar":	2,
					"pmtu":	1500,
					"omitted":	false,
					"sender":	true
				}],
			"sum":	{
				"start":	9.000118,
				"end":	10.000049,
				"seconds":	0.99993097782135,
				"bytes":	6195773440,
				"bits_per_second":	49569608922.402649,
				"retransmits":	0,
				"omitted":	false,
				"sender":	true
			}
		}, {
			"streams":	[{
					"socket":	5,
					"start":	10.000049,
					"end":	11.000086,
					"seconds":	1.0000369548797607,
					"bytes":	6096158720,
					"bits_per_second":	48767467564.09993,
					"retransmits":	0,
					"snd_cwnd":	1988104,
					"rtt":	21,
					"rttvar":	1,
					"pmtu":	1500,
					"omitted":	false,
					"sender":	true
				}],
			"sum":	{
				"start":	10.000049,
				"end":	11.000086,
				"seconds":	1.0000369548797607,
				"bytes":	6096158720,
				"bits_per_second":	48767467564.09993,
				"retransmits":	0,
				"omitted":	false,
				"sender":	true
			}
		}, {
			"streams":	[{
					"socket":	5,
					"start":	11.000086,
					"end":	12.000093,
					"seconds":	1.0000070333480835,
					"bytes":	5982126080,
					"bits_per_second":	47856672047.367371,
					"retransmits":	0,
					"snd_cwnd":	2086568,
					"rtt":	20,
					"rttvar":	1,
					"pmtu":	1500,
					"omitted":	false,
					"sender":	true
				}],
			"sum":	{
				"start":	11.000086,
				"end":	12.000093,
				"seconds":	1.0000070333480835,
				"bytes":	5982126080,
				"bits_per_second":	47856672047.367371,
				"retransmits":	0,
				"omitted":	false,
				"sender":	true
			}
		}, {
			"streams":	[{
					"socket":	5,
					"start":	12.000093,
					"end":	13.000065,
					"seconds":	0.99997198581695557,
					"bytes":	5997854720,
					"bits_per_second":	47984181997.657722,
					"retransmits":	0,
					"snd_cwnd":	2086568,
					"rtt":	20,
					"rttvar":	1,
					"pmtu":	1500,