{
	"start":	{
		"connected":	[{
				"socket":	5,
				"local_host":	"10.5.0.20",
				"local_port":	43030,
				"remote_host":	"10.5.0.10",
				"remote_port":	5201
			}],
		"version":	"iperf 3.9",
		"system_info":	"Linux client 6.8.0-65-generic #68~22.04.1-Ubuntu SMP PREEMPT_DYNAMIC Tue Jul 15 18:06:34 UTC 2 x86_64",
		"timestamp":	{
			"time":	"Fri, 01 Aug 2025 04:51:16 GMT",
			"timesecs":	1754023876
		},
		"connecting_to":	{
			"host":	"10.5.0.10",
			"port":	5201
		},
		"cookie":	"2gis44tpuqnkvszlal3xatntbizdmqdpbvqc",
		"tcp_mss_default":	1448,
		"sock_bufsize":	0,
		"sndbuf_actual":	16384,
		"rcvbuf_actual":	131072,
		"test_start":	{
			"protocol":	"TCP",
			"num_streams":	1,
			"blksize":	131072,
			"omit":	0,
			"duration":	10,
			"bytes":	0,
			"blocks":	0,
			"reverse":	0,
			"tos":	0
		}
	},
	"intervals":	[{
			"streams":	[{
					"socket":	5,
					"start":	0,
					"end":	1.000183,
					"seconds":	1.0001829862594604,
					"bytes":	3022691912,
					"bits_per_second":	24177111216.85387,
					"retransmits":	10376,
					"snd_cwnd":	13032,
					"rtt":	664,
					"rttvar":	477,
					"pmtu":	1500,
					"omitted":	false,
					"sender":	true
				}],
			"sum":	{
				"start":	0,
				"end":	1.000183,
				"seconds":	1.0001829862594604,
				"bytes":	3022691912,
				"bits_per_second":	24177111216.85387,
				"retransmits":	10376,
				"omitted":	false,
				"sender":	true
			}
		}, {
			"streams":	[{
					"socket":	5,
					"start":	1.000183,
					"end":	2.000085,
					"seconds":	0.99990200996398926,
					"bytes":	2339447408,
					"bits_per_second":	18717413384.011528,
					"retransmits":	7860,
					"snd_cwnd":	131768,
					"rtt":	24,
					"rttvar":	8,
					"pmtu":	1500,
					"omitted":	false,
					"sender":	true
				}],
			"sum":	{
				"start":	1.000183,
				"end":	2.000085,
				"seconds":	0.99990200996398926,
				"bytes":	2339447408,
				"bits_per_second":	18717413384.011528,
				"retransmits":	7860,
				"omitted":	false,
				"sender":	true
			}
		}, {
			"streams":	[{
					"socket":	5,
					"start":	2.000085,
					"end":	3.000062,
					"seconds":	0.9999769926071167,
					"bytes":	5114987016,
					"bits_per_second":	40920837609.788,
					"retransmits":	18493,
					"snd_cwnd":	154936,
					"rtt":	19,
					"rttvar":	3,
					"pmtu":	1500,
					"omitted":	false,
					"sender":	true
				}],
			"sum":	{
				"start":	2.000085,
				"end":	3.000062,
				"seconds":	0.9999769926071167,
				"bytes":	5114987016,
				"bits_per_second":	40920837609.788,
				"retransmits":	18493,
				"omitted":	false,
				"sender":	true
			}
		}, {
			"streams":	[{
					"socket":	5,
					"start":	3.000062,
					"end":	4.000279,
					"seconds":	1.0002169609069824,
					"bytes":	2954046792,
					"bits_per_second":	23627248146.812569,
					"retransmits":	10530,
					"snd_cwnd":	1448,
					"rtt":	15,
					"rttvar":	5,
					"pmtu":	1500,
					"omitted":	false,
					"sender":	true
				}],
			"sum":	{
				"start":	3.000062,
				"end":	4.000279,
				"seconds":	1.0002169609069824,
				"bytes":	2954046792,
				"bits_per_second":	23627248146.812569,
				"retransmits":	10530,
				"omitted":	false,
				"sender":	true
			}
		}, {
			"streams":	[{
					"socket":	5,
					"start":	4.000279,
					"end":	5.000053,
					"seconds":	0.99977397918701172,
					"bytes":	2691457944,
					"bits_per_second":	21536531256.3035,
					"retransmits":	9225,
					"snd_cwnd":	123080,
					"rtt":	19,
					"rttvar":	4,
					"pmtu":	1500,
					"omitted":	false,
					"sender":	true
				}],
			"sum":	{
				"start":	4.000279,
				"end":	5.000053,
				"seconds":	0.99977397918701172,
				"bytes":	2691457944,
				"bits_per_second":	21536531256.3035,
				"retransmits":	9225,
				"omitted":	false,
				"sender":	true
			}
		}, {
			"streams":	[{
					"socket":	5,
					"start":	5.000053,
					"end":	6.000125,
					"seconds":	1.0000720024108887,
					"bytes":	2747799984,
					"bits_per_second":	21980817200.168285,
					"retransmits":	9443,
					"snd_cwnd":	185344,
					"rtt":	21,
					"rttvar":	2,
					"pmtu":	1500,
					"omitted":	false,
					"sender":	true
				}],
			"sum":	{
				"start":	5.000053,
				"end":	6.000125,
				"seconds":	1.0000720024108887,
				"bytes":	2747799984,
				"bits_per_second":	21980817200.168285,
				"retransmits":	9443,
				"omitted":	false,
				"sender":	true
			}
		}, {
			"streams":	[{
					"socket":	5,
					"start":	6.000125,
					"end":	7.000129,
					"seconds":	1.0000040531158447,
					"bytes":	2963439792,
					"bits_per_second":	23707422247.071251,
					"retransmits":	10174,
					"snd_cwnd":	55024,
					"rtt":	39,
					"rttvar":	31,
					"pmtu":	1500,
					"omitted":	false,
					"sender":	true
				}],
			"sum":	{
				"start":	6.000125,
				"end":	7.000129,
				"seconds":	1.0000040531158447,
				"bytes":	2963439792,
				"bits_per_second":	23707422247.071251,
				"retransmits":	10174,
				"omitted":	false,
				"sender":	true
			}
		}, {
			"streams":	[{
					"socket":	5,
					"start":	7.000129,
					"end":	8.000149,
					"seconds":	1.0000200271606445,
					"bytes":	2908321440,
					"bits_per_second":	23266105565.966259,
					"retransmits":	9103,
					"snd_cwnd":	110048,
					"rtt":	23,
					"rttvar":	12,
					"pmtu":	1500,
					"omitted":	false,
					"sender":	true
				}],
			"sum":	{
				"start":	7.000129,
				"end":	8.000149,
				"seconds":	1.0000200271606445,
				"bytes":	2908321440,
				"bits_per_second":	23266105565.966259,
				"retransmits":	9103,
				"omitted":	false,
				"sender":	true
			}
		}, {
			"streams":	[{
					"socket":	5,
					"start":	8.000149,
					"end":	9.000084,
					"seconds":	0.99993497133255,
					"bytes":	2760491536,
					"bits_per_second":	22085368470.081749,
					"retransmits":	9641,
					"snd_cwnd":	198376,
					"rtt":	24,
					"rttvar":	8,
					"pmtu":	1500,
					"omitted":	false,
					"sender":	true
				}],
			"sum":	{
				"start":	8.000149,
				"end":	9.000084,
				"seconds":	0.99993497133255,
				"bytes":	2760491536,
				"bits_per_second":	22085368470.081749,
				"retransmits":	9641,
				"omitted":	false,
				"sender":	true
			}
		}, {
			"streams":	[{
					"socket":	5,
					"start":	9.000084,
					"end":	10.000163,
					"seconds":	1.0000790357589722,
					"bytes":	5136051264,
					"bits_per_second":	41085162914.966522,
					"retransmits":	17961,
					"snd_cwnd":	112944,
					"rtt":	25,
					"rttvar":	24,
					"pmtu":	1500,
					"omitted":	false,
					"sender":	true
				}],
			"sum":	{
				"start":	9.000084,
				"end":	10.000163,
				"seconds":	1.0000790357589722,
				"bytes":	5136051264,
				"bits_per_second":	41085162914.966522,
				"retransmits":	17961,
				"omitted":	false,
				"sender":	true
			}
		}],
	"end":	{
		"streams":	[{
				"sender":	{
					"socket":	5,
					"start":	0,
					"end":	10.000163,
					"seconds":	10.000163,
					"bytes":	32638735088,
					"bits_per_second":	26110562468.231766,
					"retransmits":	112806,
					"max_snd_cwnd":	198376,
					"max_rtt":	664,
					"min_rtt":	15,
					"mean_rtt":	87,
					"sender":	true
				},
				"receiver":	{
					"socket":	5,
					"start":	0,
					"end":	20.048387,
					"seconds":	10.000163,
					"bytes":	32638735088,
					"bits_per_second":	13023984458.400568,
					"sender":	true
				}
			}],
		"sum_sent":	{
			"start":	0,
			"end":	10.000163,
			"seconds":	10.000163,
			"bytes":	32638735088,
			"bits_per_second":	26110562468.231766,
			"retransmits":	112806,
			"sender":	true
		},
		"sum_received":	{
			"start":	0,
			"end":	20.048387,
			"seconds":	20.048387,
			"bytes":	32638735088,
			"bits_per_second":	13023984458.400568,
			"sender":	true
		},
		"cpu_utilization_percent":	{
			"host_total":	63.97558814234722,
			"host_user":	0.665277477176869,
			"host_system":	63.310280908160145,
			"remote_total":	24.449851395822179,
			"remote_user":	0.91707498612336824,
			"remote_system":	23.532776409698808
		},
		"sender_tcp_congestion":	"reno",
		"receiver_tcp_congestion":	"cubic"
	}
}
