{
	"start":	{
		"connected":	[{
				"socket":	5,
				"local_host":	"10.5.0.20",
				"local_port":	32906,
				"remote_host":	"10.5.0.10",
				"remote_port":	5201
			}],
		"version":	"iperf 3.9",
		"system_info":	"Linux client 6.8.0-65-generic #68~22.04.1-Ubuntu SMP PREEMPT_DYNAMIC Tue Jul 15 18:06:34 UTC 2 x86_64",
		"timestamp":	{
			"time":	"Fri, 01 Aug 2025 04:33:49 GMT",
			"timesecs":	1754022829
		},
		"connecting_to":	{
			"host":	"10.5.0.10",
			"port":	5201
		},
		"cookie":	"3geahyhuwsvlf6uvmeavmekesozv47wlqstr",
		"tcp_mss_default":	1448,
		"sock_bufsize":	0,
		"sndbuf_actual":	16384,
		"rcvbuf_actual":	131072,
		"test_start":	{
			"protocol":	"TCP",
			"num_streams":	1,
			"blksize":	131072,
			"omit":	0,
			"duration":	15,
			"bytes":	0,
			"blocks":	0,
			"reverse":	0,
			"tos":	0
		}
	},
	"intervals":	[{
			"streams":	[{
					"socket":	5,
					"start":	0,
					"end":	1.000134,
					"seconds":	1.0001339912414551,
					"bytes":	6093245976,
					"bits_per_second":	48739437150.3084,
					"retransmits":	0,
					"snd_cwnd":	832600,
					"rtt":	22,
					"rttvar":	1,
					"pmtu":	1500,
					"omitted":	false,
					"sender":	true
				}],
			"sum":	{
				"start":	0,
				"end":	1.000134,
				"seconds":	1.0001339912414551,
				"bytes":	6093245976,
				"bits_per_second":	48739437150.3084,
				"retransmits":	0,
				"omitted":	false,
				"sender":	true
			}
		}, {
			"streams":	[{
					"socket":	5,
					"start":	1.000134,
					"end":	2.00013,
					"seconds":	0.9999960064888,
					"bytes":	6139412480,
					"bits_per_second":	49115495983.2833,
					"retransmits":	0,
					"snd_cwnd":	876040,
					"rtt":	22,
					"rttvar":	0,
					"pmtu":	1500,
					"omitted":	false,
					"sender":	true
				}],
			"sum":	{
				"start":	1.000134,
				"end":	2.00013,
				"seconds":	0.9999960064888,
				"bytes":	6139412480,
				"bits_per_second":	49115495983.2833,
				"retransmits":	0,
				"omitted":	false,
				"sender":	true
			}
		}, {
			"streams":	[{
					"socket":	5,
					"start":	2.00013,
					"end":	3.000085,
					"seconds":	0.99995499849319458,
					"bytes":	6278348800,
					"bits_per_second":	50229050782.970642,
					"retransmits":	0,
					"snd_cwnd":	1058488,
					"rtt":	21,
					"rttvar":	1,
					"pmtu":	1500,
					"omitted":	false,
					"sender":	true
				}],
			"sum":	{
				"start":	2.00013,
				"end":	3.000085,
				"seconds":	0.99995499849319458,
				"bytes":	6278348800,
				"bits_per_second":	50229050782.970642,
				"retransmits":	0,
				"omitted":	false,
				"sender":	true
			}
		}, {
			"streams":	[{
					"socket":	5,
					"start":	3.000085,
					"end":	4.000075,
					"seconds":	0.99998998641967773,
					"bytes":	6101401600,
					"bits_per_second":	48811701579.89444,
					"retransmits":	0,
					"snd_cwnd":	1058488,
					"rtt":	21,
					"rttvar":	1,
					"pmtu":	1500,
					"omitted":	false,
					"sender":	true
				}],
			"sum":	{
				"start":	3.000085,
				"end":	4.000075,
				"seconds":	0.99998998641967773,
				"bytes":	6101401600,
				"bits_per_second":	48811701579.89444,
				"retransmits":	0,
				"omitted":	false,
				"sender":	true
			}
		}, {
			"streams":	[{
					"socket":	5,
					"start":	4.000075,
					"end":	5.000032,
					"seconds":	0.999957025051117,
					"bytes":	6159073280,
					"bits_per_second":	49274703817.8778,
					"retransmits":	86,
					"snd_cwnd":	745720,
					"rtt":	22,
					"rttvar":	7,
					"pmtu":	1500,
					"omitted":	false,
					"sender":	true
				}],
			"sum":	{
				"start":	4.000075,
				"end":	5.000032,
				"seconds":	0.999957025051117,
				"bytes":	6159073280,
				"bits_per_second":	49274703817.8778,
				"retransmits":	86,
				"omitted":	false,
				"sender":	true
			}
		}, {
			"streams":	[{
					"socket":	5,
					"start":	5.000032,
					"end":	6.000163,
					"seconds":	1.0001310110092163,
					"bytes":	6055526400,
					"bits_per_second":	48437865306.381927,
					"retransmits":	0,
					"snd_cwnd":	745720,
					"rtt":	26,
					"rttvar":	8,
					"pmtu":	1500,
					"omitted":	false,
					"sender":	true
				}],
			"sum":	{
				"start":	5.000032,
				"end":	6.000163,
				"seconds":	1.0001310110092163,
				"bytes":	6055526400,
				"bits_per_second":	48437865306.381927,
				"retransmits":	0,
				"omitted":	false,
				"sender":	true
			}
		}, {
			"streams":	[{
					"socket":	5,
					"start":	6.000163,
					"end":	7.000066,
					"seconds":	0.99990302324295044,
					"bytes":	6139412480,
					"bits_per_second":	49120063344.4492,
					"retransmits":	0,
					"snd_cwnd":	745720,
					"rtt":	23,
					"rttvar":	5,
					"pmtu":	1500,
					"omitted":	false,
					"sender":	true
				}],
			"sum":	{
				"start":	6.000163,
				"end":	7.000066,
				"seconds":	0.99990302324295044,
				"bytes":	6139412480,
				"bits_per_second":	49120063344.4492,
				"retransmits":	0,
				"omitted":	false,
				"sender":	true
			}
		}, {
			"streams":	[{
					"socket":	5,
					"start":	7.000066,
					"end":	8.000114,
					"seconds":	1.000048041343689,
					"bytes":	6045040640,
					"bits_per_second":	48358001936.608849,
					"retransmits":	0,
					"snd_cwnd":	745720,
					"rtt":	22,
					"rttvar":	1,
					"pmtu":	1500,
					"omitted":	false,
					"sender":	true
				}],
			"sum":	{
				"start":	7.000066,
				"end":	8.000114,
				"seconds":	1.000048041343689,
				"bytes":	6045040640,
				"bits_per_second":	48358001936.608849,
				"retransmits":	0,
				"omitted":	false,
				"sender":	true
			}
		}, {
			"streams":	[{
					"socket":	5,
					"start":	8.000114,
					"end":	9.00011,
					"seconds":	0.9999960064888,
					"bytes":	6198394880,
					"bits_per_second":	49587357067.665825,
					"retransmits":	0,
					"snd_cwnd":	745720,
					"rtt":	22,
					"rttvar":	1,
					"pmtu":	1500,
					"omitted":	false,
					"sender":	true
				}],
			"sum":	{
				"start":	8.000114,
				"end":	9.00011,
				"seconds":	0.9999960064888,
				"bytes":	6198394880,
				"bits_per_second":	49587357067.665825,
				"retransmits":	0,
				"omitted":	false,
				"sender":	true
			}
		}, {
			"streams":	[{
					"socket":	5,
					"start":	9.00011,
					"end":	10.000037,
					"seconds":	0.99992698431015,
					"bytes":	6191841280,
					"bits_per_second":	49538347316.60334,
					"retransmits":	0,
					"snd_cwnd":	745720,
					"rtt":	24,
					"rttvar":	7,
					"pmtu":	1500,
					"omitted":	false,
					"sender":	true
				}],
			"sum":	{
				"start":	9.00011,
				"end":	10.000037,
				"seconds":	0.99992698431015,
				"bytes":	6191841280,
				"bits_per_second":	49538347316.60334,
				"retransmits":	0,
				"omitted":	false,
				"sender":	true
			}
		}, {
			"streams":	[{
					"socket":	5,
					"start":	10.000037,
					"end":	11.000201,
					"seconds":	1.0001640319824219,
					"bytes":	6001786880,
					"bits_per_second":	48006420451.684334,
					"retransmits":	0,
					"snd_cwnd":	745720,
					"rtt":	20,
					"rttvar":	1,
					"pmtu":	1500,
					"omitted":	false,
					"sender":	true
				}],
			"sum":	{
				"start":	10.000037,
				"end":	11.000201,
				"seconds":	1.0001640319824219,
				"bytes":	6001786880,
				"bits_per_second":	48006420451.684334,
				"retransmits":	0,
				"omitted":	false,
				"sender":	true
			}
		}, {
			"streams":	[{
					"socket":	5,
					"start":	11.000201,
					"end":	12.00006,
					"seconds":	0.99985897541046143,
					"bytes":	6186598400,
					"bits_per_second":	49499767884.448158,
					"retransmits":	0,
					"snd_cwnd":	745720,
					"rtt":	21,
					"rttvar":	3,
					"pmtu":	1500,
					"omitted":	false,
					"sender":	true
				}],
			"sum":	{
				"start":	11.000201,
				"end":	12.00006,
				"seconds":	0.99985897541046143,
				"bytes":	6186598400,
				"bits_per_second":	49499767884.448158,
				"retransmits":	0,
				"omitted":	false,
				"sender":	true
			}
		}, {
			"streams":	[{
					"socket":	5,
					"start":	12.00006,
					"end":	13.000061,
					"seconds":	1.0000009536743164,
					"bytes":	6047662080,
					"bits_per_second":	48381250500.044,
					"retransmits":	0,
					"snd_cwnd":	745720,
					"rtt":	23,
					"rttvar":	5,
					"pmtu":	1500,
					"omitted":	false,
					"sender":	true
				}],