{
	"start":	{
		"connected":	[{
				"socket":	5,
				"local_host":	"10.5.0.20",
				"local_port":	42688,
				"remote_host":	"10.5.0.10",
				"remote_port":	5201
			}],
		"version":	"iperf 3.9",
		"system_info":	"Linux client 6.8.0-65-generic #68~22.04.1-Ubuntu SMP PREEMPT_DYNAMIC Tue Jul 15 18:06:34 UTC 2 x86_64",
		"timestamp":	{
			"time":	"Fri, 01 Aug 2025 04:26:39 GMT",
			"timesecs":	1754022399
		},
		"connecting_to":	{
			"host":	"10.5.0.10",
			"port":	5201
		},
		"cookie":	"kr4hzy2pfzlvss23gu4fs4zkmcs6vxo5rfti",
		"tcp_mss_default":	1448,
		"sock_bufsize":	65536,
		"sndbuf_actual":	131072,
		"rcvbuf_actual":	131072,
		"test_start":	{
			"protocol":	"TCP",
			"num_streams":	1,
			"blksize":	131072,
			"omit":	0,
			"duration":	20,
			"bytes":	0,
			"blocks":	0,
			"reverse":	0,
			"tos":	0
		}
	},
	"intervals":	[{
			"streams":	[{
					"socket":	5,
					"start":	0,
					"end":	1.000061,
					"seconds":	1.00006103515625,
					"bytes":	11956764,
					"bits_per_second":	95648274.0926457,
					"retransmits":	0,
					"snd_cwnd":	98464,
					"rtt":	6239,
					"rttvar":	257,
					"pmtu":	1500,
					"omitted":	false,
					"sender":	true
				}],
			"sum":	{
				"start":	0,
				"end":	1.000061,
				"seconds":	1.00006103515625,
				"bytes":	11956764,
				"bits_per_second":	95648274.0926457,
				"retransmits":	0,
				"omitted":	false,
				"sender":	true
			}
		}, {
			"streams":	[{
					"socket":	5,
					"start":	1.000061,
					"end":	2.000067,
					"seconds":	1.0000059604644775,
					"bytes":	11930632,
					"bits_per_second":	95444487.106525,
					"retransmits":	0,
					"snd_cwnd":	98464,
					"rtt":	6259,
					"rttvar":	216,
					"pmtu":	1500,
					"omitted":	false,
					"sender":	true
				}],
			"sum":	{
				"start":	1.000061,
				"end":	2.000067,
				"seconds":	1.0000059604644775,
				"bytes":	11930632,
				"bits_per_second":	95444487.106525,
				"retransmits":	0,
				"omitted":	false,
				"sender":	true
			}
		}, {
			"streams":	[{
					"socket":	5,
					"start":	2.000067,
					"end":	3.000062,
					"seconds":	0.999994993209839,
					"bytes":	11932822,
					"bits_per_second":	95463053.96347934,
					"retransmits":	0,
					"snd_cwnd":	98464,
					"rtt":	6394,
					"rttvar":	269,
					"pmtu":	1500,
					"omitted":	false,
					"sender":	true
				}],
			"sum":	{
				"start":	2.000067,
				"end":	3.000062,
				"seconds":	0.999994993209839,
				"bytes":	11932822,
				"bits_per_second":	95463053.96347934,
				"retransmits":	0,
				"omitted":	false,
				"sender":	true
			}
		}, {
			"streams":	[{
					"socket":	5,
					"start":	3.000062,
					"end":	4.000061,
					"seconds":	0.99999898672103882,
					"bytes":	11986880,
					"bits_per_second":	95895137.168524966,
					"retransmits":	0,
					"snd_cwnd":	98464,
					"rtt":	6378,
					"rttvar":	302,
					"pmtu":	1500,
					"omitted":	false,
					"sender":	true
				}],
			"sum":	{
				"start":	3.000062,
				"end":	4.000061,
				"seconds":	0.99999898672103882,
				"bytes":	11986880,
				"bits_per_second":	95895137.168524966,
				"retransmits":	0,
				"omitted":	false,
				"sender":	true
			}
		}, {
			"streams":	[{
					"socket":	5,
					"start":	4.000061,
					"end":	5.00006,
					"seconds":	0.99999898672103882,
					"bytes":	11950386,
					"bits_per_second":	95603184.872695848,
					"retransmits":	0,
					"snd_cwnd":	98464,
					"rtt":	6295,
					"rttvar":	289,
					"pmtu":	1500,
					"omitted":	false,
					"sender":	true
				}],
			"sum":	{
				"start":	4.000061,
				"end":	5.00006,
				"seconds":	0.99999898672103882,
				"bytes":	11950386,
				"bits_per_second":	95603184.872695848,
				"retransmits":	0,
				"omitted":	false,
				"sender":	true
			}
		}, {
			"streams":	[{
					"socket":	5,
					"start":	5.00006,
					"end":	6.000063,
					"seconds":	1.0000029802322388,
					"bytes":	11917496,
					"bits_per_second":	95339683.8656005,
					"retransmits":	0,
					"snd_cwnd":	98464,
					"rtt":	6247,
					"rttvar":	264,
					"pmtu":	1500,
					"omitted":	false,
					"sender":	true
				}],
			"sum":	{
				"start":	5.00006,
				"end":	6.000063,
				"seconds":	1.0000029802322388,
				"bytes":	11917496,
				"bits_per_second":	95339683.8656005,
				"retransmits":	0,
				"omitted":	false,
				"sender":	true
			}
		}, {
			"streams":	[{
					"socket":	5,
					"start":	6.000063,
					"end":	7.00006,
					"seconds":	0.99999701976776123,
					"bytes":	11951076,
					"bits_per_second":	95608892.936705038,
					"retransmits":	0,
					"snd_cwnd":	98464,
					"rtt":	6319,
					"rttvar":	278,
					"pmtu":	1500,
					"omitted":	false,
					"sender":	true
				}],
			"sum":	{
				"start":	6.000063,
				"end":	7.00006,
				"seconds":	0.99999701976776123,
				"bytes":	11951076,
				"bits_per_second":	95608892.936705038,
				"retransmits":	0,
				"omitted":	false,
				"sender":	true
			}
		}, {
			"streams":	[{
					"socket":	5,
					"start":	7.00006,
					"end":	8.000063,
					"seconds":	1.0000029802322388,
					"bytes":	11951094,
					"bits_per_second":	95608467.064564154,
					"retransmits":	0,
					"snd_cwnd":	98464,
					"rtt":	6345,
					"rttvar":	296,
					"pmtu":	1500,
					"omitted":	false,
					"sender":	true
				}],
			"sum":	{
				"start":	7.00006,
				"end":	8.000063,
				"seconds":	1.0000029802322388,
				"bytes":	11951094,
				"bits_per_second":	95608467.064564154,
				"retransmits":	0,
				"omitted":	false,
				"sender":	true
			}
		}, {
			"streams":	[{
					"socket":	5,
					"start":	8.000063,
					"end":	9.00006,
					"seconds":	0.99999701976776123,
					"bytes":	11933818,
					"bits_per_second":	95470828.525241032,
					"retransmits":	0,
					"snd_cwnd":	98464,
					"rtt":	6270,
					"rttvar":	217,
					"pmtu":	1500,
					"omitted":	false,
					"sender":	true
				}],
			"sum":	{
				"start":	8.000063,
				"end":	9.00006,
				"seconds":	0.99999701976776123,
				"bytes":	11933818,
				"bits_per_second":	95470828.525241032,
				"retransmits":	0,
				"omitted":	false,
				"sender":	true
			}
		}, {
			"streams":	[{
					"socket":	5,
					"start":	9.00006,
					"end":	10.00006,
					"seconds":	1,
					"bytes":	11944612,
					"bits_per_second":	95556896,
					"retransmits":	0,
					"snd_cwnd":	98464,
					"rtt":	6290,
					"rttvar":	268,
					"pmtu":	1500,
					"omitted":	false,
					"sender":	true
				}],
			"sum":	{
				"start":	9.00006,
				"end":	10.00006,
				"seconds":	1,
				"bytes":	11944612,
				"bits_per_second":	95556896,
				"retransmits":	0,
				"omitted":	false,
				"sender":	true
			}
		}, {
			"streams":	[{
					"socket":	5,
					"start":	10.00006,
					"end":	11.000066,
					"seconds":	1.0000059604644775,
					"bytes":	11913704,
					"bits_per_second":	95309063.913710162,
					"retransmits":	0,
					"snd_cwnd":	98464,
					"rtt":	6252,
					"rttvar":	213,
					"pmtu":	1500,
					"omitted":	false,
					"sender":	true
				}],
			"sum":	{
				"start":	10.00006,
				"end":	11.000066,
				"seconds":	1.0000059604644775,
				"bytes":	11913704,
				"bits_per_second":	95309063.913710162,
				"retransmits":	0,
				"omitted":	false,
				"sender":	true
			}
		}, {
			"streams":	[{
					"socket":	5,
					"start":	11.000066,
					"end":	12.000098,
					"seconds":	1.0000319480895996,
					"bytes":	11977950,
					"bits_per_second":	95820538.7168436,
					"retransmits":	0,
					"snd_cwnd":	98464,
					"rtt":	6311,
					"rttvar":	209,
					"pmtu":	1500,
					"omitted":	false,
					"sender":	true
				}],
			"sum":	{
				"start":	11.000066,
				"end":	12.000098,
				"seconds":	1.0000319480895996,
				"bytes":	11977950,
				"bits_per_second":	95820538.7168436,
				"retransmits":	0,
				"omitted":	false,
				"sender":	true
			}
		}, {
			"streams":	[{
					"socket":	5,
					"start":	12.000098,
					"end":	13.000062,
					"seconds":	0.99996399879455566,
					"bytes":	11923392,
					"bits_per_second":	95390570.17551434,
					"retransmits":	0,
					"snd_cwnd":	98464,
					"rtt":	6337,
					"rttvar":	227,
					"pmtu":	1500,
					"omitted":	false,
					"sender":	true
				}],
			"sum":	{
				"start":	12.000098,