{
	"start":	{
		"connected":	[{
				"socket":	5,
				"local_host":	"10.5.0.20",
				"local_port":	56838,
				"remote_host":	"10.5.0.10",
				"remote_port":	5201
			}],
		"version":	"iperf 3.9",
		"system_info":	"Linux client 6.8.0-65-generic #68~22.04.1-Ubuntu SMP PREEMPT_DYNAMIC Tue Jul 15 18:06:34 UTC 2 x86_64",
		"timestamp":	{
			"time":	"Fri, 01 Aug 2025 04:30:34 GMT",
			"timesecs":	1754022634
		},
		"connecting_to":	{
			"host":	"10.5.0.10",
			"port":	5201
		},
		"cookie":	"ke6sbp5qdhomfqnhq4pec2k362xzpdspyhqk",
		"tcp_mss_default":	1448,
		"sock_bufsize":	262144,
		"sndbuf_actual":	425984,
		"rcvbuf_actual":	425984,
		"test_start":	{
			"protocol":	"TCP",
			"num_streams":	1,
			"blksize":	131072,
			"omit":	0,
			"duration":	20,
			"bytes":	0,
			"blocks":	0,
			"reverse":	0,
			"tos":	0
		}
	},
	"intervals":	[{
			"streams":	[{
					"socket":	5,
					"start":	0,
					"end":	1.000149,
					"seconds":	1.0001490116119385,
					"bytes":	3880565916,
					"bits_per_second":	31039902022.165264,
					"retransmits":	7716,
					"snd_cwnd":	1448,
					"rtt":	13,
					"rttvar":	6,
					"pmtu":	1500,
					"omitted":	false,
					"sender":	true
				}],
			"sum":	{
				"start":	0,
				"end":	1.000149,
				"seconds":	1.0001490116119385,
				"bytes":	3880565916,
				"bits_per_second":	31039902022.165264,
				"retransmits":	7716,
				"omitted":	false,
				"sender":	true
			}
		}, {
			"streams":	[{
					"socket":	5,
					"start":	1.000149,
					"end":	2.000173,
					"seconds":	1.0000239610672,
					"bytes":	3814034324,
					"bits_per_second":	30511543502.855762,
					"retransmits":	8629,
					"snd_cwnd":	5792,
					"rtt":	154,
					"rttvar":	273,
					"pmtu":	1500,
					"omitted":	false,
					"sender":	true
				}],
			"sum":	{
				"start":	1.000149,
				"end":	2.000173,
				"seconds":	1.0000239610672,
				"bytes":	3814034324,
				"bits_per_second":	30511543502.855762,
				"retransmits":	8629,
				"omitted":	false,
				"sender":	true
			}
		}, {
			"streams":	[{
					"socket":	5,
					"start":	2.000173,
					"end":	3.000113,
					"seconds":	0.99993997812271118,
					"bytes":	2810186280,
					"bits_per_second":	22482839702.245712,
					"retransmits":	6569,
					"snd_cwnd":	457568,
					"rtt":	15,
					"rttvar":	4,
					"pmtu":	1500,
					"omitted":	false,
					"sender":	true
				}],
			"sum":	{
				"start":	2.000173,
				"end":	3.000113,
				"seconds":	0.99993997812271118,
				"bytes":	2810186280,
				"bits_per_second":	22482839702.245712,
				"retransmits":	6569,
				"omitted":	false,
				"sender":	true
			}
		}, {
			"streams":	[{
					"socket":	5,
					"start":	3.000113,
					"end":	4.000277,
					"seconds":	1.0001640319824219,
					"bytes":	4272788960,
					"bits_per_second":	34176705607.2266,
					"retransmits":	9024,
					"snd_cwnd":	437296,
					"rtt":	24,
					"rttvar":	5,
					"pmtu":	1500,
					"omitted":	false,
					"sender":	true
				}],
			"sum":	{
				"start":	3.000113,
				"end":	4.000277,
				"seconds":	1.0001640319824219,
				"bytes":	4272788960,
				"bits_per_second":	34176705607.2266,
				"retransmits":	9024,
				"omitted":	false,
				"sender":	true
			}
		}, {
			"streams":	[{
					"socket":	5,
					"start":	4.000277,
					"end":	5.000083,
					"seconds":	0.999805986881256,
					"bytes":	5673058852,
					"bits_per_second":	45393277707.378014,
					"retransmits":	12269,
					"snd_cwnd":	396752,
					"rtt":	37,
					"rttvar":	36,
					"pmtu":	1500,
					"omitted":	false,
					"sender":	true
				}],
			"sum":	{
				"start":	4.000277,
				"end":	5.000083,
				"seconds":	0.999805986881256,
				"bytes":	5673058852,
				"bits_per_second":	45393277707.378014,
				"retransmits":	12269,
				"omitted":	false,
				"sender":	true
			}
		}, {
			"streams":	[{
					"socket":	5,
					"start":	5.000083,
					"end":	6.000253,
					"seconds":	1.0001699924468994,
					"bytes":	5796330296,
					"bits_per_second":	46362761048.8043,
					"retransmits":	11809,
					"snd_cwnd":	434400,
					"rtt":	63,
					"rttvar":	88,
					"pmtu":	1500,
					"omitted":	false,
					"sender":	true
				}],
			"sum":	{
				"start":	5.000083,
				"end":	6.000253,
				"seconds":	1.0001699924468994,
				"bytes":	5796330296,
				"bits_per_second":	46362761048.8043,
				"retransmits":	11809,
				"omitted":	false,
				"sender":	true
			}
		}, {
			"streams":	[{
					"socket":	5,
					"start":	6.000253,
					"end":	7.000079,
					"seconds":	0.99982601404190063,
					"bytes":	4412225728,
					"bits_per_second":	35303948215.254921,
					"retransmits":	8711,
					"snd_cwnd":	431504,
					"rtt":	17,
					"rttvar":	5,
					"pmtu":	1500,
					"omitted":	false,
					"sender":	true
				}],
			"sum":	{
				"start":	6.000253,
				"end":	7.000079,
				"seconds":	0.99982601404190063,
				"bytes":	4412225728,
				"bits_per_second":	35303948215.254921,
				"retransmits":	8711,
				"omitted":	false,
				"sender":	true
			}
		}, {
			"streams":	[{
					"socket":	5,
					"start":	7.000079,
					"end":	8.00002,
					"seconds":	0.99994099140167236,
					"bytes":	4490550636,
					"bits_per_second":	35926525061.886688,
					"retransmits":	8727,
					"snd_cwnd":	419920,
					"rtt":	20,
					"rttvar":	12,
					"pmtu":	1500,
					"omitted":	false,
					"sender":	true
				}],
			"sum":	{
				"start":	7.000079,
				"end":	8.00002,
				"seconds":	0.99994099140167236,
				"bytes":	4490550636,
				"bits_per_second":	35926525061.886688,
				"retransmits":	8727,
				"omitted":	false,
				"sender":	true
			}
		}, {
			"streams":	[{
					"socket":	5,
					"start":	8.00002,
					"end":	9.000089,
					"seconds":	1.00006902217865,
					"bytes":	4140509384,
					"bits_per_second":	33121788933.967,
					"retransmits":	9240,
					"snd_cwnd":	405440,
					"rtt":	21,
					"rttvar":	3,
					"pmtu":	1500,
					"omitted":	false,
					"sender":	true
				}],
			"sum":	{
				"start":	8.00002,
				"end":	9.000089,
				"seconds":	1.00006902217865,
				"bytes":	4140509384,
				"bits_per_second":	33121788933.967,
				"retransmits":	9240,
				"omitted":	false,
				"sender":	true
			}
		}, {
			"streams":	[{
					"socket":	5,
					"start":	9.000089,
					"end":	10.000314,
					"seconds":	1.0002249479293823,
					"bytes":	5645378300,
					"bits_per_second":	45152869355.5328,
					"retransmits":	11453,
					"snd_cwnd":	408336,
					"rtt":	31,
					"rttvar":	0,
					"pmtu":	1500,
					"omitted":	false,
					"sender":	true
				}],
			"sum":	{
				"start":	9.000089,
				"end":	10.000314,
				"seconds":	1.0002249479293823,
				"bytes":	5645378300,
				"bits_per_second":	45152869355.5328,
				"retransmits":	11453,
				"omitted":	false,
				"sender":	true
			}
		}, {
			"streams":	[{
					"socket":	5,
					"start":	10.000314,
					"end":	11.000149,
					"seconds":	0.99983501434326172,
					"bytes":	4381953704,
					"bits_per_second":	35061414262.458267,
					"retransmits":	8682,
					"snd_cwnd":	483632,
					"rtt":	15,
					"rttvar":	6,
					"pmtu":	1500,
					"omitted":	false,
					"sender":	true
				}],
			"sum":	{
				"start":	10.000314,
				"end":	11.000149,
				"seconds":	0.99983501434326172,
				"bytes":	4381953704,
				"bits_per_second":	35061414262.458267,
				"retransmits":	8682,
				"omitted":	false,
				"sender":	true
			}
		}, {
			"streams":	[{
					"socket":	5,
					"start":	11.000149,
					"end":	12.000365,
					"seconds":	1.000216007232666,
					"bytes":	2228306760,
					"bits_per_second":	17822604268.573044,
					"retransmits":	5446,
					"snd_cwnd":	341728,
					"rtt":	100,
					"rttvar":	22,
					"pmtu":	1500,
					"omitted":	false,
					"sender":	true
				}],
			"sum":	{
				"start":	11.000149,
				"end":	12.000365,
				"seconds":	1.000216007232666,
				"bytes":	2228306760,
				"bits_per_second":	17822604268.573044,
				"retransmits":	5446,
				"omitted":	false,
				"sender":	true
			}
		}, {
			"streams":	[{
					"socket":	5,
					"start":	12.000365,
					"end":	13.00012,
					"seconds":	0.999755024909973,
					"bytes":	3245280968,
					"bits_per_second":	25968609406.427212,
					"retransmits":	6695,
					"snd_cwnd":	469152,