{
	"start":	{
		"connected":	[{
				"socket":	5,
				"local_host":	"10.5.0.20",
				"local_port":	59502,
				"remote_host":	"10.5.0.10",
				"remote_port":	5201
			}],
		"version":	"iperf 3.9",
		"system_info":	"Linux client 6.8.0-65-generic #68~22.04.1-Ubuntu SMP PREEMPT_DYNAMIC Tue Jul 15 18:06:34 UTC 2 x86_64",
		"timestamp":	{
			"time":	"Fri, 01 Aug 2025 04:35:08 GMT",
			"timesecs":	1754022908
		},
		"connecting_to":	{
			"host":	"10.5.0.10",
			"port":	5201
		},
		"cookie":	"3pb4uz2kal2hgrglqqmpjymt4frc3gqzb35x",
		"tcp_mss_default":	1448,
		"sock_bufsize":	0,
		"sndbuf_actual":	16384,
		"rcvbuf_actual":	131072,
		"test_start":	{
			"protocol":	"TCP",
			"num_streams":	1,
			"blksize":	131072,
			"omit":	0,
			"duration":	15,
			"bytes":	0,
			"blocks":	0,
			"reverse":	0,
			"tos":	0
		}
	},
	"intervals":	[{
			"streams":	[{
					"socket":	5,
					"start":	0,
					"end":	1.000164,
					"seconds":	1.0001640319824219,
					"bytes":	4009928512,
					"bits_per_second":	32074166906.817745,
					"retransmits":	13511,
					"snd_cwnd":	66608,
					"rtt":	153,
					"rttvar":	251,
					"pmtu":	1500,
					"omitted":	false,
					"sender":	true
				}],
			"sum":	{
				"start":	0,
				"end":	1.000164,
				"seconds":	1.0001640319824219,
				"bytes":	4009928512,
				"bits_per_second":	32074166906.817745,
				"retransmits":	13511,
				"omitted":	false,
				"sender":	true
			}
		}, {
			"streams":	[{
					"socket":	5,
					"start":	1.000164,
					"end":	2.000286,
					"seconds":	1.0001219511032104,
					"bytes":	3968164904,
					"bits_per_second":	31741448327.358982,
					"retransmits":	14293,
					"snd_cwnd":	114392,
					"rtt":	22,
					"rttvar":	8,
					"pmtu":	1500,
					"omitted":	false,
					"sender":	true
				}],
			"sum":	{
				"start":	1.000164,
				"end":	2.000286,
				"seconds":	1.0001219511032104,
				"bytes":	3968164904,
				"bits_per_second":	31741448327.358982,
				"retransmits":	14293,
				"omitted":	false,
				"sender":	true
			}
		}, {
			"streams":	[{
					"socket":	5,
					"start":	2.000286,
					"end":	3.000322,
					"seconds":	1.0000360012054443,
					"bytes":	3920408904,
					"bits_per_second":	31362142157.07703,
					"retransmits":	13692,
					"snd_cwnd":	127424,
					"rtt":	25,
					"rttvar":	8,
					"pmtu":	1500,
					"omitted":	false,
					"sender":	true
				}],
			"sum":	{
				"start":	2.000286,
				"end":	3.000322,
				"seconds":	1.0000360012054443,
				"bytes":	3920408904,
				"bits_per_second":	31362142157.07703,
				"retransmits":	13692,
				"omitted":	false,
				"sender":	true
			}
		}, {
			"streams":	[{
					"socket":	5,
					"start":	3.000322,
					"end":	4.000163,
					"seconds":	0.99984097480773926,
					"bytes":	2708290504,
					"bits_per_second":	21669770071.351841,
					"retransmits":	9974,
					"snd_cwnd":	179552,
					"rtt":	18,
					"rttvar":	3,
					"pmtu":	1500,
					"omitted":	false,
					"sender":	true
				}],
			"sum":	{
				"start":	3.000322,
				"end":	4.000163,
				"seconds":	0.99984097480773926,
				"bytes":	2708290504,
				"bits_per_second":	21669770071.351841,
				"retransmits":	9974,
				"omitted":	false,
				"sender":	true
			}
		}, {
			"streams":	[{
					"socket":	5,
					"start":	4.000163,
					"end":	5.000374,
					"seconds":	1.0002110004425049,
					"bytes":	1831500280,
					"bits_per_second":	14648911313.230694,
					"retransmits":	6863,
					"snd_cwnd":	8688,
					"rtt":	143,
					"rttvar":	255,
					"pmtu":	1500,
					"omitted":	false,
					"sender":	true
				}],
			"sum":	{
				"start":	4.000163,
				"end":	5.000374,
				"seconds":	1.0002110004425049,
				"bytes":	1831500280,
				"bits_per_second":	14648911313.230694,
				"retransmits":	6863,
				"omitted":	false,
				"sender":	true
			}
		}, {
			"streams":	[{
					"socket":	5,
					"start":	5.000374,
					"end":	6.00014,
					"seconds":	0.99976599216461182,
					"bytes":	3516897544,
					"bits_per_second":	28141765745.68615,
					"retransmits":	11679,
					"snd_cwnd":	7240,
					"rtt":	424,
					"rttvar":	531,
					"pmtu":	1500,
					"omitted":	false,
					"sender":	true
				}],
			"sum":	{
				"start":	5.000374,
				"end":	6.00014,
				"seconds":	0.99976599216461182,
				"bytes":	3516897544,
				"bits_per_second":	28141765745.68615,
				"retransmits":	11679,
				"omitted":	false,
				"sender":	true
			}
		}, {
			"streams":	[{
					"socket":	5,
					"start":	6.00014,
					"end":	7.00002,
					"seconds":	0.999880015850067,
					"bytes":	2886199136,
					"bits_per_second":	23092363805.641159,
					"retransmits":	9853,
					"snd_cwnd":	140456,
					"rtt":	36,
					"rttvar":	10,
					"pmtu":	1500,
					"omitted":	false,
					"sender":	true
				}],
			"sum":	{
				"start":	6.00014,
				"end":	7.00002,
				"seconds":	0.999880015850067,
				"bytes":	2886199136,
				"bits_per_second":	23092363805.641159,
				"retransmits":	9853,
				"omitted":	false,
				"sender":	true
			}
		}, {
			"streams":	[{
					"socket":	5,
					"start":	7.00002,
					"end":	8.000174,
					"seconds":	1.0001540184020996,
					"bytes":	4122888944,
					"bits_per_second":	32978032328.156429,
					"retransmits":	12954,
					"snd_cwnd":	156384,
					"rtt":	18,
					"rttvar":	4,
					"pmtu":	1500,
					"omitted":	false,
					"sender":	true
				}],
			"sum":	{
				"start":	7.00002,
				"end":	8.000174,
				"seconds":	1.0001540184020996,
				"bytes":	4122888944,
				"bits_per_second":	32978032328.156429,
				"retransmits":	12954,
				"omitted":	false,
				"sender":	true
			}
		}, {
			"streams":	[{
					"socket":	5,
					"start":	8.000174,
					"end":	9.000205,
					"seconds":	1.0000309944152832,
					"bytes":	1752751744,
					"bits_per_second":	14021579361.346348,
					"retransmits":	5899,
					"snd_cwnd":	110048,
					"rtt":	40,
					"rttvar":	44,
					"pmtu":	1500,
					"omitted":	false,
					"sender":	true
				}],
			"sum":	{
				"start":	8.000174,
				"end":	9.000205,
				"seconds":	1.0000309944152832,
				"bytes":	1752751744,
				"bits_per_second":	14021579361.346348,
				"retransmits":	5899,
				"omitted":	false,
				"sender":	true
			}
		}, {
			"streams":	[{
					"socket":	5,
					"start":	9.000205,
					"end":	10.0005,
					"seconds":	1.0002950429916382,
					"bytes":	2749954352,
					"bits_per_second":	21993145892.440361,
					"retransmits":	9778,
					"snd_cwnd":	1448,
					"rtt":	662,
					"rttvar":	479,
					"pmtu":	1500,
					"omitted":	false,
					"sender":	true
				}],
			"sum":	{
				"start":	9.000205,
				"end":	10.0005,
				"seconds":	1.0002950429916382,
				"bytes":	2749954352,
				"bits_per_second":	21993145892.440361,
				"retransmits":	9778,
				"omitted":	false,
				"sender":	true
			}
		}, {
			"streams":	[{
					"socket":	5,
					"start":	10.0005,
					"end":	11.000166,
					"seconds":	0.99966597557067871,
					"bytes":	2929412616,
					"bits_per_second":	23443131506.623,
					"retransmits":	9403,
					"snd_cwnd":	173760,
					"rtt":	18,
					"rttvar":	5,
					"pmtu":	1500,
					"omitted":	false,
					"sender":	true
				}],
			"sum":	{
				"start":	10.0005,
				"end":	11.000166,
				"seconds":	0.99966597557067871,
				"bytes":	2929412616,
				"bits_per_second":	23443131506.623,
				"retransmits":	9403,
				"omitted":	false,
				"sender":	true
			}
		}, {
			"streams":	[{
					"socket":	5,
					"start":	11.000166,
					"end":	12.001006,
					"seconds":	1.0008399486541748,
					"bytes":	2814064120,
					"bits_per_second":	22493619474.5948,
					"retransmits":	10723,
					"snd_cwnd":	81088,
					"rtt":	116,
					"rttvar":	87,
					"pmtu":	1500,
					"omitted":	false,
					"sender":	true
				}],
			"sum":	{
				"start":	11.000166,
				"end":	12.001006,
				"seconds":	1.0008399486541748,
				"bytes":	2814064120,
				"bits_per_second":	22493619474.5948,
				"retransmits":	10723,
				"omitted":	false,
				"sender":	true
			}
		}, {
			"streams":	[{
					"socket":	5,
					"start":	12.001006,
					"end":	13.000049,
					"seconds":	0.99904298782348633,
					"bytes":	4117870776,
					"bits_per_second":	32974523228.244164,
					"retransmits":	14231,