{
	"start":	{
		"connected":	[{
				"socket":	5,
				"local_host":	"10.5.0.20",
				"local_port":	51942,
				"remote_host":	"10.5.0.10",
				"remote_port":	5201
			}],
		"version":	"iperf 3.9",
		"system_info":	"Linux client 6.8.0-65-generic #68~22.04.1-Ubuntu SMP PREEMPT_DYNAMIC Tue Jul 15 18:06:34 UTC 2 x86_64",
		"timestamp":	{
			"time":	"Fri, 01 Aug 2025 04:50:41 GMT",
			"timesecs":	1754023841
		},
		"connecting_to":	{
			"host":	"10.5.0.10",
			"port":	5201
		},
		"cookie":	"azzmsvdyj6kzsuc4lwm7dxm2ijxu5crqsy25",
		"tcp_mss_default":	1448,
		"sock_bufsize":	0,
		"sndbuf_actual":	16384,
		"rcvbuf_actual":	131072,
		"test_start":	{
			"protocol":	"TCP",
			"num_streams":	1,
			"blksize":	131072,
			"omit":	0,
			"duration":	10,
			"bytes":	0,
			"blocks":	0,
			"reverse":	0,
			"tos":	0
		}
	},
	"intervals":	[{
			"streams":	[{
					"socket":	5,
					"start":	0,
					"end":	1.000837,
					"seconds":	1.000836968421936,
					"bytes":	3835752,
					"bits_per_second":	30660354.251685966,
					"retransmits":	0,
					"snd_cwnd":	14480,
					"rtt":	9749,
					"rttvar":	1297,
					"pmtu":	1500,
					"omitted":	false,
					"sender":	true
				}],
			"sum":	{
				"start":	0,
				"end":	1.000837,
				"seconds":	1.000836968421936,
				"bytes":	3835752,
				"bits_per_second":	30660354.251685966,
				"retransmits":	0,
				"omitted":	false,
				"sender":	true
			}
		}, {
			"streams":	[{
					"socket":	5,
					"start":	1.000837,
					"end":	2.000768,
					"seconds":	0.99993097782135,
					"bytes":	1172880,
					"bits_per_second":	9383687.68256762,
					"retransmits":	0,
					"snd_cwnd":	14480,
					"rtt":	10104,
					"rttvar":	1617,
					"pmtu":	1500,
					"omitted":	false,
					"sender":	true
				}],
			"sum":	{
				"start":	1.000837,
				"end":	2.000768,
				"seconds":	0.99993097782135,
				"bytes":	1172880,
				"bits_per_second":	9383687.68256762,
				"retransmits":	0,
				"omitted":	false,
				"sender":	true
			}
		}, {
			"streams":	[{
					"socket":	5,
					"start":	2.000768,
					"end":	3.000672,
					"seconds":	0.999903976917267,
					"bytes":	1172880,
					"bits_per_second":	9383941.0749502033,
					"retransmits":	0,
					"snd_cwnd":	14480,
					"rtt":	10140,
					"rttvar":	1339,
					"pmtu":	1500,
					"omitted":	false,
					"sender":	true
				}],
			"sum":	{
				"start":	2.000768,
				"end":	3.000672,
				"seconds":	0.999903976917267,
				"bytes":	1172880,
				"bits_per_second":	9383941.0749502033,
				"retransmits":	0,
				"omitted":	false,
				"sender":	true
			}
		}, {
			"streams":	[{
					"socket":	5,
					"start":	3.000672,
					"end":	4.000377,
					"seconds":	0.99970501661300659,
					"bytes":	1172880,
					"bits_per_second":	9385808.6576275,
					"retransmits":	0,
					"snd_cwnd":	14480,
					"rtt":	9719,
					"rttvar":	1065,
					"pmtu":	1500,
					"omitted":	false,
					"sender":	true
				}],
			"sum":	{
				"start":	3.000672,
				"end":	4.000377,
				"seconds":	0.99970501661300659,
				"bytes":	1172880,
				"bits_per_second":	9385808.6576275,
				"retransmits":	0,
				"omitted":	false,
				"sender":	true
			}
		}, {
			"streams":	[{
					"socket":	5,
					"start":	4.000377,
					"end":	5.000894,
					"seconds":	1.0005170106887817,
					"bytes":	1172880,
					"bits_per_second":	9378191.37481778,
					"retransmits":	0,
					"snd_cwnd":	14480,
					"rtt":	10703,
					"rttvar":	1264,
					"pmtu":	1500,
					"omitted":	false,
					"sender":	true
				}],
			"sum":	{
				"start":	4.000377,
				"end":	5.000894,
				"seconds":	1.0005170106887817,
				"bytes":	1172880,
				"bits_per_second":	9378191.37481778,
				"retransmits":	0,
				"omitted":	false,
				"sender":	true
			}
		}, {
			"streams":	[{
					"socket":	5,
					"start":	5.000894,
					"end":	6.000864,
					"seconds":	0.999970018863678,
					"bytes":	1172880,
					"bits_per_second":	9383321.322635727,
					"retransmits":	0,
					"snd_cwnd":	14480,
					"rtt":	9999,
					"rttvar":	1438,
					"pmtu":	1500,
					"omitted":	false,
					"sender":	true
				}],
			"sum":	{
				"start":	5.000894,
				"end":	6.000864,
				"seconds":	0.999970018863678,
				"bytes":	1172880,
				"bits_per_second":	9383321.322635727,
				"retransmits":	0,
				"omitted":	false,
				"sender":	true
			}
		}, {
			"streams":	[{
					"socket":	5,
					"start":	6.000864,
					"end":	7.000882,
					"seconds":	1.0000180006027222,
					"bytes":	1172880,
					"bits_per_second":	9382871.10266489,
					"retransmits":	0,
					"snd_cwnd":	14480,
					"rtt":	10590,
					"rttvar":	1428,
					"pmtu":	1500,
					"omitted":	false,
					"sender":	true
				}],
			"sum":	{
				"start":	6.000864,
				"end":	7.000882,
				"seconds":	1.0000180006027222,
				"bytes":	1172880,
				"bits_per_second":	9382871.10266489,
				"retransmits":	0,
				"omitted":	false,
				"sender":	true
			}
		}, {
			"streams":	[{
					"socket":	5,
					"start":	7.000882,
					"end":	8.000505,
					"seconds":	0.99962300062179565,
					"bytes":	1172880,
					"bits_per_second":	9386578.7343463153,
					"retransmits":	0,
					"snd_cwnd":	14480,
					"rtt":	10401,
					"rttvar":	1301,
					"pmtu":	1500,
					"omitted":	false,
					"sender":	true
				}],
			"sum":	{
				"start":	7.000882,
				"end":	8.000505,
				"seconds":	0.99962300062179565,
				"bytes":	1172880,
				"bits_per_second":	9386578.7343463153,
				"retransmits":	0,
				"omitted":	false,
				"sender":	true
			}
		}, {
			"streams":	[{
					"socket":	5,
					"start":	8.000505,
					"end":	9.000907,
					"seconds":	1.0004019737243652,
					"bytes":	1172880,
					"bits_per_second":	9379269.77999471,
					"retransmits":	0,
					"snd_cwnd":	14480,
					"rtt":	10441,
					"rttvar":	1354,
					"pmtu":	1500,
					"omitted":	false,
					"sender":	true
				}],
			"sum":	{
				"start":	8.000505,
				"end":	9.000907,
				"seconds":	1.0004019737243652,
				"bytes":	1172880,
				"bits_per_second":	9379269.77999471,
				"retransmits":	0,
				"omitted":	false,
				"sender":	true
			}
		}, {
			"streams":	[{
					"socket":	5,
					"start":	9.000907,
					"end":	10.001155,
					"seconds":	1.0002479553222656,
					"bytes":	1172880,
					"bits_per_second":	9380714.0020365436,
					"retransmits":	0,
					"snd_cwnd":	5792,
					"rtt":	7442,
					"rttvar":	1684,
					"pmtu":	1500,
					"omitted":	false,
					"sender":	true
				}],
			"sum":	{
				"start":	9.000907,
				"end":	10.001155,
				"seconds":	1.0002479553222656,
				"bytes":	1172880,
				"bits_per_second":	9380714.0020365436,
				"retransmits":	0,
				"omitted":	false,
				"sender":	true
			}
		}],
	"end":	{
		"streams":	[{
				"sender":	{
					"socket":	5,
					"start":	0,
					"end":	10.001155,
					"seconds":	10.001155,
					"bytes":	14391672,
					"bits_per_second":	11512007.963080263,
					"retransmits":	0,
					"max_snd_cwnd":	14480,
					"max_rtt":	10703,
					"min_rtt":	7442,
					"mean_rtt":	9928,
					"sender":	true
				},
				"receiver":	{
					"socket":	5,
					"start":	0,
					"end":	10.123376,
					"seconds":	10.001155,
					"bytes":	12058624,
					"bits_per_second":	9529330.13650782,
					"sender":	true
				}
			}],
		"sum_sent":	{
			"start":	0,
			"end":	10.001155,
			"seconds":	10.001155,
			"bytes":	14391672,
			"bits_per_second":	11512007.963080263,
			"retransmits":	0,
			"sender":	true
		},
		"sum_received":	{
			"start":	0,
			"end":	10.123376,
			"seconds":	10.123376,
			"bytes":	12058624,
			"bits_per_second":	9529330.13650782,
			"sender":	true
		},
		"cpu_utilization_percent":	{
			"host_total":	0.44703720446876533,
			"host_user":	0.075238484971048153,
			"host_system":	0.371878064063993,
			"remote_total":	2.0926199645646872,
			"remote_user":	0.25512965326643317,
			"remote_system":	1.8374903112982541
		},
		"sender_tcp_congestion":	"bbr",
		"receiver_tcp_congestion":	"cubic"
	}
}
