{
	"start":	{
		"connected":	[{
				"socket":	5,
				"local_host":	"10.5.0.20",
				"local_port":	44364,
				"remote_host":	"10.5.0.10",
				"remote_port":	5201
			}],
		"version":	"iperf 3.9",
		"system_info":	"Linux client 6.8.0-65-generic #68~22.04.1-Ubuntu SMP PREEMPT_DYNAMIC Tue Jul 15 18:06:34 UTC 2 x86_64",
		"timestamp":	{
			"time":	"Fri, 01 Aug 2025 04:47:35 GMT",
			"timesecs":	1754023655
		},
		"connecting_to":	{
			"host":	"10.5.0.10",
			"port":	5201
		},
		"cookie":	"s6zmj4rqm3o4fjom2wyxu3wtwzyfycoz7dpx",
		"tcp_mss_default":	1448,
		"sock_bufsize":	0,
		"sndbuf_actual":	16384,
		"rcvbuf_actual":	131072,
		"test_start":	{
			"protocol":	"TCP",
			"num_streams":	1,
			"blksize":	131072,
			"omit":	0,
			"duration":	10,
			"bytes":	0,
			"blocks":	0,
			"reverse":	0,
			"tos":	0
		}
	},
	"intervals":	[{
			"streams":	[{
					"socket":	5,
					"start":	0,
					"end":	1.000104,
					"seconds":	1.0001039505004883,
					"bytes":	6143344640,
					"bits_per_second":	49141648821.010239,
					"retransmits":	0,
					"snd_cwnd":	6862072,
					"rtt":	20,
					"rttvar":	1,
					"pmtu":	1500,
					"omitted":	false,
					"sender":	true
				}],
			"sum":	{
				"start":	0,
				"end":	1.000104,
				"seconds":	1.0001039505004883,
				"bytes":	6143344640,
				"bits_per_second":	49141648821.010239,
				"retransmits":	0,
				"omitted":	false,
				"sender":	true
			}
		}, {
			"streams":	[{
					"socket":	5,
					"start":	1.000104,
					"end":	2.000065,
					"seconds":	0.999961018562317,
					"bytes":	6115819520,
					"bits_per_second":	48928463461.849365,
					"retransmits":	0,
					"snd_cwnd":	6862072,
					"rtt":	23,
					"rttvar":	7,
					"pmtu":	1500,
					"omitted":	false,
					"sender":	true
				}],
			"sum":	{
				"start":	1.000104,
				"end":	2.000065,
				"seconds":	0.999961018562317,
				"bytes":	6115819520,
				"bits_per_second":	48928463461.849365,
				"retransmits":	0,
				"omitted":	false,
				"sender":	true
			}
		}, {
			"streams":	[{
					"socket":	5,
					"start":	2.000065,
					"end":	3.000112,
					"seconds":	1.000046968460083,
					"bytes":	6123683840,
					"bits_per_second":	48987169868.067474,
					"retransmits":	0,
					"snd_cwnd":	6862072,
					"rtt":	22,
					"rttvar":	0,
					"pmtu":	1500,
					"omitted":	false,
					"sender":	true
				}],
			"sum":	{
				"start":	2.000065,
				"end":	3.000112,
				"seconds":	1.000046968460083,
				"bytes":	6123683840,
				"bits_per_second":	48987169868.067474,
				"retransmits":	0,
				"omitted":	false,
				"sender":	true
			}
		}, {
			"streams":	[{
					"socket":	5,
					"start":	3.000112,
					"end":	4.000032,
					"seconds":	0.99992001056671143,
					"bytes":	6300631040,
					"bits_per_second":	50409080513.7829,
					"retransmits":	0,
					"snd_cwnd":	6862072,
					"rtt":	20,
					"rttvar":	1,
					"pmtu":	1500,
					"omitted":	false,
					"sender":	true
				}],
			"sum":	{
				"start":	3.000112,
				"end":	4.000032,
				"seconds":	0.99992001056671143,
				"bytes":	6300631040,
				"bits_per_second":	50409080513.7829,
				"retransmits":	0,
				"omitted":	false,
				"sender":	true
			}
		}, {
			"streams":	[{
					"socket":	5,
					"start":	4.000032,
					"end":	5.000087,
					"seconds":	1.0000549554824829,
					"bytes":	5993922560,
					"bits_per_second":	47948745433.560249,
					"retransmits":	1,
					"snd_cwnd":	6862072,
					"rtt":	43,
					"rttvar":	20,
					"pmtu":	1500,
					"omitted":	false,
					"sender":	true
				}],
			"sum":	{
				"start":	4.000032,
				"end":	5.000087,
				"seconds":	1.0000549554824829,
				"bytes":	5993922560,
				"bits_per_second":	47948745433.560249,
				"retransmits":	1,
				"omitted":	false,
				"sender":	true
			}
		}, {
			"streams":	[{
					"socket":	5,
					"start":	5.000087,
					"end":	6.000121,
					"seconds":	1.000033974647522,
					"bytes":	6085672960,
					"bits_per_second":	48683729667.4445,
					"retransmits":	0,
					"snd_cwnd":	6862072,
					"rtt":	19,
					"rttvar":	10,
					"pmtu":	1500,
					"omitted":	false,
					"sender":	true
				}],
			"sum":	{
				"start":	5.000087,
				"end":	6.000121,
				"seconds":	1.000033974647522,
				"bytes":	6085672960,
				"bits_per_second":	48683729667.4445,
				"retransmits":	0,
				"omitted":	false,
				"sender":	true
			}
		}, {
			"streams":	[{
					"socket":	5,
					"start":	6.000121,
					"end":	7.000148,
					"seconds":	1.0000269412994385,
					"bytes":	6181355520,
					"bits_per_second":	49449511925.89212,
					"retransmits":	0,
					"snd_cwnd":	10400984,
					"rtt":	19,
					"rttvar":	2,
					"pmtu":	1500,
					"omitted":	false,
					"sender":	true
				}],
			"sum":	{
				"start":	6.000121,
				"end":	7.000148,
				"seconds":	1.0000269412994385,
				"bytes":	6181355520,
				"bits_per_second":	49449511925.89212,
				"retransmits":	0,
				"omitted":	false,
				"sender":	true
			}
		}, {
			"streams":	[{
					"socket":	5,
					"start":	7.000148,
					"end":	8.000344,
					"seconds":	1.0001959800720215,
					"bytes":	6231162880,
					"bits_per_second":	49839535484.246277,
					"retransmits":	0,
					"snd_cwnd":	10400984,
					"rtt":	28,
					"rttvar":	9,
					"pmtu":	1500,
					"omitted":	false,
					"sender":	true
				}],
			"sum":	{
				"start":	7.000148,
				"end":	8.000344,
				"seconds":	1.0001959800720215,
				"bytes":	6231162880,
				"bits_per_second":	49839535484.246277,
				"retransmits":	0,
				"omitted":	false,
				"sender":	true
			}
		}, {
			"streams":	[{
					"socket":	5,
					"start":	8.000344,
					"end":	9.000016,
					"seconds":	0.999671995639801,
					"bytes":	6135480320,
					"bits_per_second":	49099947556.8842,
					"retransmits":	0,
					"snd_cwnd":	10400984,
					"rtt":	26,
					"rttvar":	11,
					"pmtu":	1500,
					"omitted":	false,
					"sender":	true
				}],
			"sum":	{
				"start":	8.000344,
				"end":	9.000016,
				"seconds":	0.999671995639801,
				"bytes":	6135480320,
				"bits_per_second":	49099947556.8842,
				"retransmits":	0,
				"omitted":	false,
				"sender":	true
			}
		}, {
			"streams":	[{
					"socket":	5,
					"start":	9.000016,
					"end":	10.000029,
					"seconds":	1.000012993812561,
					"bytes":	6119751680,
					"bits_per_second":	48957377297.015923,
					"retransmits":	0,
					"snd_cwnd":	10400984,
					"rtt":	20,
					"rttvar":	1,
					"pmtu":	1500,
					"omitted":	false,
					"sender":	true
				}],
			"sum":	{
				"start":	9.000016,
				"end":	10.000029,
				"seconds":	1.000012993812561,
				"bytes":	6119751680,
				"bits_per_second":	48957377297.015923,
				"retransmits":	0,
				"omitted":	false,
				"sender":	true
			}
		}],
	"end":	{
		"streams":	[{
				"sender":	{
					"socket":	5,
					"start":	0,
					"end":	10.000029,
					"seconds":	10.000029,
					"bytes":	61430824960,
					"bits_per_second":	49144517448.8994,
					"retransmits":	1,
					"max_snd_cwnd":	10400984,
					"max_rtt":	43,
					"min_rtt":	19,
					"mean_rtt":	24,
					"sender":	true
				},
				"receiver":	{
					"socket":	5,
					"start":	0,
					"end":	10.037206,
					"seconds":	10.000029,
					"bytes":	61430824960,
					"bits_per_second":	48962490127.23262,
					"sender":	true
				}
			}],
		"sum_sent":	{
			"start":	0,
			"end":	10.000029,
			"seconds":	10.000029,
			"bytes":	61430824960,
			"bits_per_second":	49144517448.8994,
			"retransmits":	1,
			"sender":	true
		},
		"sum_received":	{
			"start":	0,
			"end":	10.037206,
			"seconds":	10.037206,
			"bytes":	61430824960,
			"bits_per_second":	48962490127.23262,
			"sender":	true
		},
		"cpu_utilization_percent":	{
			"host_total":	99.550871996287242,
			"host_user":	1.3609230170142157,
			"host_system":	98.189919223216151,
			"remote_total":	73.755947604009549,
			"remote_user":	2.8735689230545765,
			"remote_system":	70.88236213743005
		},
		"sender_tcp_congestion":	"reno",
		"receiver_tcp_congestion":	"cubic"
	}
}
