{
	"start":	{
		"connected":	[{
				"socket":	5,
				"local_host":	"10.5.0.20",
				"local_port":	43876,
				"remote_host":	"10.5.0.10",
				"remote_port":	5201
			}],
		"version":	"iperf 3.9",
		"system_info":	"Linux client 6.8.0-65-generic #68~22.04.1-Ubuntu SMP PREEMPT_DYNAMIC Tue Jul 15 18:06:34 UTC 2 x86_64",
		"timestamp":	{
			"time":	"Fri, 01 Aug 2025 04:34:33 GMT",
			"timesecs":	1754022873
		},
		"connecting_to":	{
			"host":	"10.5.0.10",
			"port":	5201
		},
		"cookie":	"chinesi7cixqyxmgfincylqng4munptmym2k",
		"tcp_mss_default":	1448,
		"sock_bufsize":	0,
		"sndbuf_actual":	16384,
		"rcvbuf_actual":	131072,
		"test_start":	{
			"protocol":	"TCP",
			"num_streams":	1,
			"blksize":	131072,
			"omit":	0,
			"duration":	15,
			"bytes":	0,
			"blocks":	0,
			"reverse":	0,
			"tos":	0
		}
	},
	"intervals":	[{
			"streams":	[{
					"socket":	5,
					"start":	0,
					"end":	1.000347,
					"seconds":	1.0003470182418823,
					"bytes":	2012720,
					"bits_per_second":	16096174.333881626,
					"retransmits":	0,
					"snd_cwnd":	83984,
					"rtt":	43045,
					"rttvar":	9204,
					"pmtu":	1500,
					"omitted":	false,
					"sender":	true
				}],
			"sum":	{
				"start":	0,
				"end":	1.000347,
				"seconds":	1.0003470182418823,
				"bytes":	2012720,
				"bits_per_second":	16096174.333881626,
				"retransmits":	0,
				"omitted":	false,
				"sender":	true
			}
		}, {
			"streams":	[{
					"socket":	5,
					"start":	1.000347,
					"end":	2.000282,
					"seconds":	0.99993497133255,
					"bytes":	1277136,
					"bits_per_second":	10217752.446825951,
					"retransmits":	0,
					"snd_cwnd":	120184,
					"rtt":	48265,
					"rttvar":	5182,
					"pmtu":	1500,
					"omitted":	false,
					"sender":	true
				}],
			"sum":	{
				"start":	1.000347,
				"end":	2.000282,
				"seconds":	0.99993497133255,
				"bytes":	1277136,
				"bits_per_second":	10217752.446825951,
				"retransmits":	0,
				"omitted":	false,
				"sender":	true
			}
		}, {
			"streams":	[{
					"socket":	5,
					"start":	2.000282,
					"end":	3.000193,
					"seconds":	0.99991101026535034,
					"bytes":	1329264,
					"bits_per_second":	10635058.41102598,
					"retransmits":	0,
					"snd_cwnd":	139008,
					"rtt":	52139,
					"rttvar":	8262,
					"pmtu":	1500,
					"omitted":	false,
					"sender":	true
				}],
			"sum":	{
				"start":	2.000282,
				"end":	3.000193,
				"seconds":	0.99991101026535034,
				"bytes":	1329264,
				"bits_per_second":	10635058.41102598,
				"retransmits":	0,
				"omitted":	false,
				"sender":	true
			}
		}, {
			"streams":	[{
					"socket":	5,
					"start":	3.000193,
					"end":	4.000104,
					"seconds":	0.99991101026535034,
					"bytes":	1368360,
					"bits_per_second":	10947854.246644393,
					"retransmits":	0,
					"snd_cwnd":	153488,
					"rtt":	70403,
					"rttvar":	12605,
					"pmtu":	1500,
					"omitted":	false,
					"sender":	true
				}],
			"sum":	{
				"start":	3.000193,
				"end":	4.000104,
				"seconds":	0.99991101026535034,
				"bytes":	1368360,
				"bits_per_second":	10947854.246644393,
				"retransmits":	0,
				"omitted":	false,
				"sender":	true
			}
		}, {
			"streams":	[{
					"socket":	5,
					"start":	4.000104,
					"end":	5.00031,
					"seconds":	1.0002059936523438,
					"bytes":	912240,
					"bits_per_second":	7296416.9844163572,
					"retransmits":	0,
					"snd_cwnd":	153488,
					"rtt":	87319,
					"rttvar":	16845,
					"pmtu":	1500,
					"omitted":	false,
					"sender":	true
				}],
			"sum":	{
				"start":	4.000104,
				"end":	5.00031,
				"seconds":	1.0002059936523438,
				"bytes":	912240,
				"bits_per_second":	7296416.9844163572,
				"retransmits":	0,
				"omitted":	false,
				"sender":	true
			}
		}, {
			"streams":	[{
					"socket":	5,
					"start":	5.00031,
					"end":	6.00025,
					"seconds":	0.99993997812271118,
					"bytes":	1368360,
					"bits_per_second":	10947537.091727935,
					"retransmits":	0,
					"snd_cwnd":	153488,
					"rtt":	78587,
					"rttvar":	17345,
					"pmtu":	1500,
					"omitted":	false,
					"sender":	true
				}],
			"sum":	{
				"start":	5.00031,
				"end":	6.00025,
				"seconds":	0.99993997812271118,
				"bytes":	1368360,
				"bits_per_second":	10947537.091727935,
				"retransmits":	0,
				"omitted":	false,
				"sender":	true
			}
		}, {
			"streams":	[{
					"socket":	5,
					"start":	6.00025,
					"end":	7.000397,
					"seconds":	1.0001469850540161,
					"bytes":	912240,
					"bits_per_second":	7296847.47248011,
					"retransmits":	0,
					"snd_cwnd":	153488,
					"rtt":	66565,
					"rttvar":	9414,
					"pmtu":	1500,
					"omitted":	false,
					"sender":	true
				}],
			"sum":	{
				"start":	6.00025,
				"end":	7.000397,
				"seconds":	1.0001469850540161,
				"bytes":	912240,
				"bits_per_second":	7296847.47248011,
				"retransmits":	0,
				"omitted":	false,
				"sender":	true
			}
		}, {
			"streams":	[{
					"socket":	5,
					"start":	7.000397,
					"end":	8.00023,
					"seconds":	0.99983298778533936,
					"bytes":	1368360,
					"bits_per_second":	10948708.568065627,
					"retransmits":	0,
					"snd_cwnd":	153488,
					"rtt":	72928,
					"rttvar":	8747,
					"pmtu":	1500,
					"omitted":	false,
					"sender":	true
				}],
			"sum":	{
				"start":	7.000397,
				"end":	8.00023,
				"seconds":	0.99983298778533936,
				"bytes":	1368360,
				"bits_per_second":	10948708.568065627,
				"retransmits":	0,
				"omitted":	false,
				"sender":	true
			}
		}, {
			"streams":	[{
					"socket":	5,
					"start":	8.00023,
					"end":	9.000085,
					"seconds":	0.99985498189926147,
					"bytes":	1368360,
					"bits_per_second":	10948467.725995621,
					"retransmits":	0,
					"snd_cwnd":	153488,
					"rtt":	65558,
					"rttvar":	11681,
					"pmtu":	1500,
					"omitted":	false,
					"sender":	true
				}],
			"sum":	{
				"start":	8.00023,
				"end":	9.000085,
				"seconds":	0.99985498189926147,
				"bytes":	1368360,
				"bits_per_second":	10948467.725995621,
				"retransmits":	0,
				"omitted":	false,
				"sender":	true
			}
		}, {
			"streams":	[{
					"socket":	5,
					"start":	9.000085,
					"end":	10.000343,
					"seconds":	1.0002579689025879,
					"bytes":	912240,
					"bits_per_second":	7296037.8491228223,
					"retransmits":	0,
					"snd_cwnd":	153488,
					"rtt":	68168,
					"rttvar":	6829,
					"pmtu":	1500,
					"omitted":	false,
					"sender":	true
				}],
			"sum":	{
				"start":	9.000085,
				"end":	10.000343,
				"seconds":	1.0002579689025879,
				"bytes":	912240,
				"bits_per_second":	7296037.8491228223,
				"retransmits":	0,
				"omitted":	false,
				"sender":	true
			}
		}, {
			"streams":	[{
					"socket":	5,
					"start":	10.000343,
					"end":	11.000208,
					"seconds":	0.99986499547958374,
					"bytes":	1368360,
					"bits_per_second":	10948358.077831643,
					"retransmits":	0,
					"snd_cwnd":	153488,
					"rtt":	55911,
					"rttvar":	9345,
					"pmtu":	1500,
					"omitted":	false,
					"sender":	true
				}],
			"sum":	{
				"start":	10.000343,
				"end":	11.000208,
				"seconds":	0.99986499547958374,
				"bytes":	1368360,
				"bits_per_second":	10948358.077831643,
				"retransmits":	0,
				"omitted":	false,
				"sender":	true
			}
		}, {
			"streams":	[{
					"socket":	5,
					"start":	11.000208,
					"end":	12.000094,
					"seconds":	0.99988597631454468,
					"bytes":	1368360,
					"bits_per_second":	10948128.345942842,
					"retransmits":	0,
					"snd_cwnd":	153488,
					"rtt":	60493,
					"rttvar":	6926,
					"pmtu":	1500,
					"omitted":	false,
					"sender":	true
				}],
			"sum":	{
				"start":	11.000208,
				"end":	12.000094,
				"seconds":	0.99988597631454468,
				"bytes":	1368360,
				"bits_per_second":	10948128.345942842,
				"retransmits":	0,
				"omitted":	false,
				"sender":	true
			}
		}, {
			"streams":	[{
					"socket":	5,
					"start":	12.000094,
					"end":	13.000068,
					"seconds":	0.999974012374878,
					"bytes":	912240,
					"bits_per_second":	7298109.6605379581,
					"retransmits":	0,
					"snd_cwnd":	153488,
					"rtt":	72389,
					"rttvar":	13390,
					"pmtu":	1500,