{
	"start":	{
		"connected":	[{
				"socket":	5,
				"local_host":	"10.5.0.20",
				"local_port":	38764,
				"remote_host":	"10.5.0.10",
				"remote_port":	5201
			}],
		"version":	"iperf 3.9",
		"system_info":	"Linux client 6.8.0-65-generic #68~22.04.1-Ubuntu SMP PREEMPT_DYNAMIC Tue Jul 15 18:06:34 UTC 2 x86_64",
		"timestamp":	{
			"time":	"Fri, 01 Aug 2025 04:39:43 GMT",
			"timesecs":	1754023183
		},
		"connecting_to":	{
			"host":	"10.5.0.10",
			"port":	5201
		},
		"cookie":	"e5nnz4xsfpphwftgabcu4erlb2pudf7vzxj5",
		"tcp_mss_default":	1448,
		"sock_bufsize":	0,
		"sndbuf_actual":	16384,
		"rcvbuf_actual":	131072,
		"test_start":	{
			"protocol":	"TCP",
			"num_streams":	1,
			"blksize":	131072,
			"omit":	0,
			"duration":	10,
			"bytes":	0,
			"blocks":	0,
			"reverse":	0,
			"tos":	0
		}
	},
	"intervals":	[{
			"streams":	[{
					"socket":	5,
					"start":	0,
					"end":	1.000073,
					"seconds":	1.0000729560852051,
					"bytes":	6177423360,
					"bits_per_second":	49415781698.019966,
					"retransmits":	0,
					"snd_cwnd":	586440,
					"rtt":	22,
					"rttvar":	4,
					"pmtu":	1500,
					"omitted":	false,
					"sender":	true
				}],
			"sum":	{
				"start":	0,
				"end":	1.000073,
				"seconds":	1.0000729560852051,
				"bytes":	6177423360,
				"bits_per_second":	49415781698.019966,
				"retransmits":	0,
				"omitted":	false,
				"sender":	true
			}
		}, {
			"streams":	[{
					"socket":	5,
					"start":	1.000073,
					"end":	2.00006,
					"seconds":	0.999987006187439,
					"bytes":	5354291200,
					"bits_per_second":	42834886188.4822,
					"retransmits":	0,
					"snd_cwnd":	3745976,
					"rtt":	19,
					"rttvar":	1,
					"pmtu":	1500,
					"omitted":	false,
					"sender":	true
				}],
			"sum":	{
				"start":	1.000073,
				"end":	2.00006,
				"seconds":	0.999987006187439,
				"bytes":	5354291200,
				"bits_per_second":	42834886188.4822,
				"retransmits":	0,
				"omitted":	false,
				"sender":	true
			}
		}, {
			"streams":	[{
					"socket":	5,
					"start":	2.00006,
					"end":	3.000153,
					"seconds":	1.0000929832458496,
					"bytes":	6187909120,
					"bits_per_second":	49498670412.959763,
					"retransmits":	0,
					"snd_cwnd":	3745976,
					"rtt":	19,
					"rttvar":	6,
					"pmtu":	1500,
					"omitted":	false,
					"sender":	true
				}],
			"sum":	{
				"start":	2.00006,
				"end":	3.000153,
				"seconds":	1.0000929832458496,
				"bytes":	6187909120,
				"bits_per_second":	49498670412.959763,
				"retransmits":	0,
				"omitted":	false,
				"sender":	true
			}
		}, {
			"streams":	[{
					"socket":	5,
					"start":	3.000153,
					"end":	4.00011,
					"seconds":	0.999957025051117,
					"bytes":	6169559040,
					"bits_per_second":	49358593503.03273,
					"retransmits":	0,
					"snd_cwnd":	3745976,
					"rtt":	23,
					"rttvar":	6,
					"pmtu":	1500,
					"omitted":	false,
					"sender":	true
				}],
			"sum":	{
				"start":	3.000153,
				"end":	4.00011,
				"seconds":	0.999957025051117,
				"bytes":	6169559040,
				"bits_per_second":	49358593503.03273,
				"retransmits":	0,
				"omitted":	false,
				"sender":	true
			}
		}, {
			"streams":	[{
					"socket":	5,
					"start":	4.00011,
					"end":	5.000027,
					"seconds":	0.999916970729828,
					"bytes":	6320291840,
					"bits_per_second":	50566533222.348587,
					"retransmits":	0,
					"snd_cwnd":	3745976,
					"rtt":	21,
					"rttvar":	3,
					"pmtu":	1500,
					"omitted":	false,
					"sender":	true
				}],
			"sum":	{
				"start":	4.00011,
				"end":	5.000027,
				"seconds":	0.999916970729828,
				"bytes":	6320291840,
				"bits_per_second":	50566533222.348587,
				"retransmits":	0,
				"omitted":	false,
				"sender":	true
			}
		}, {
			"streams":	[{
					"socket":	5,
					"start":	5.000027,
					"end":	6.000035,
					"seconds":	1.0000079870224,
					"bytes":	6176112640,
					"bits_per_second":	49408506493.1519,
					"retransmits":	0,
					"snd_cwnd":	3745976,
					"rtt":	19,
					"rttvar":	1,
					"pmtu":	1500,
					"omitted":	false,
					"sender":	true
				}],
			"sum":	{
				"start":	5.000027,
				"end":	6.000035,
				"seconds":	1.0000079870224,
				"bytes":	6176112640,
				"bits_per_second":	49408506493.1519,
				"retransmits":	0,
				"omitted":	false,
				"sender":	true
			}
		}, {
			"streams":	[{
					"socket":	5,
					"start":	6.000035,
					"end":	7.000062,
					"seconds":	1.0000269412994385,
					"bytes":	6069944320,
					"bits_per_second":	48558246337.7452,
					"retransmits":	0,
					"snd_cwnd":	3745976,
					"rtt":	20,
					"rttvar":	1,
					"pmtu":	1500,
					"omitted":	false,
					"sender":	true
				}],
			"sum":	{
				"start":	6.000035,
				"end":	7.000062,
				"seconds":	1.0000269412994385,
				"bytes":	6069944320,
				"bits_per_second":	48558246337.7452,
				"retransmits":	0,
				"omitted":	false,
				"sender":	true
			}
		}, {
			"streams":	[{
					"socket":	5,
					"start":	7.000062,
					"end":	8.000028,
					"seconds":	0.999966025352478,
					"bytes":	6132858880,
					"bits_per_second":	49064537990.384048,
					"retransmits":	0,
					"snd_cwnd":	3932768,
					"rtt":	20,
					"rttvar":	1,
					"pmtu":	1500,
					"omitted":	false,
					"sender":	true
				}],
			"sum":	{
				"start":	7.000062,
				"end":	8.000028,
				"seconds":	0.999966025352478,
				"bytes":	6132858880,
				"bits_per_second":	49064537990.384048,
				"retransmits":	0,
				"omitted":	false,
				"sender":	true
			}
		}, {
			"streams":	[{
					"socket":	5,
					"start":	8.000028,
					"end":	9.000209,
					"seconds":	1.0001809597015381,
					"bytes":	6283591680,
					"bits_per_second":	50259638470.8229,
					"retransmits":	0,
					"snd_cwnd":	3932768,
					"rtt":	25,
					"rttvar":	6,
					"pmtu":	1500,
					"omitted":	false,
					"sender":	true
				}],
			"sum":	{
				"start":	8.000028,
				"end":	9.000209,
				"seconds":	1.0001809597015381,
				"bytes":	6283591680,
				"bits_per_second":	50259638470.8229,
				"retransmits":	0,
				"omitted":	false,
				"sender":	true
			}
		}, {
			"streams":	[{
					"socket":	5,
					"start":	9.000209,
					"end":	10.000201,
					"seconds":	0.9999920129776,
					"bytes":	6155141120,
					"bits_per_second":	49241522253.141243,
					"retransmits":	0,
					"snd_cwnd":	3932768,
					"rtt":	20,
					"rttvar":	3,
					"pmtu":	1500,
					"omitted":	false,
					"sender":	true
				}],
			"sum":	{
				"start":	9.000209,
				"end":	10.000201,
				"seconds":	0.9999920129776,
				"bytes":	6155141120,
				"bits_per_second":	49241522253.141243,
				"retransmits":	0,
				"omitted":	false,
				"sender":	true
			}
		}],
	"end":	{
		"streams":	[{
				"sender":	{
					"socket":	5,
					"start":	0,
					"end":	10.000201,
					"seconds":	10.000201,
					"bytes":	61027123200,
					"bits_per_second":	48820717263.583,
					"retransmits":	0,
					"max_snd_cwnd":	3932768,
					"max_rtt":	25,
					"min_rtt":	19,
					"mean_rtt":	20,
					"sender":	true
				},
				"receiver":	{
					"socket":	5,
					"start":	0,
					"end":	10.039536,
					"seconds":	10.000201,
					"bytes":	61027123200,
					"bits_per_second":	48629437217.0188,
					"sender":	true
				}
			}],
		"sum_sent":	{
			"start":	0,
			"end":	10.000201,
			"seconds":	10.000201,
			"bytes":	61027123200,
			"bits_per_second":	48820717263.583,
			"retransmits":	0,
			"sender":	true
		},
		"sum_received":	{
			"start":	0,
			"end":	10.039536,
			"seconds":	10.039536,
			"bytes":	61027123200,
			"bits_per_second":	48629437217.0188,
			"sender":	true
		},
		"cpu_utilization_percent":	{
			"host_total":	99.1530042855662,
			"host_user":	1.0234176113411526,
			"host_system":	98.129586674225052,
			"remote_total":	89.711877796485751,
			"remote_user":	3.96515622635402,
			"remote_system":	85.746711653076
		},
		"sender_tcp_congestion":	"cubic",
		"receiver_tcp_congestion":	"cubic"
	}
}
