{
	"start":	{
		"connected":	[{
				"socket":	5,
				"local_host":	"10.5.0.20",
				"local_port":	47322,
				"remote_host":	"10.5.0.10",
				"remote_port":	5201
			}],
		"version":	"iperf 3.9",
		"system_info":	"Linux client 6.8.0-65-generic #68~22.04.1-Ubuntu SMP PREEMPT_DYNAMIC Tue Jul 15 18:06:34 UTC 2 x86_64",
		"timestamp":	{
			"time":	"Fri, 01 Aug 2025 04:39:53 GMT",
			"timesecs":	1754023193
		},
		"connecting_to":	{
			"host":	"10.5.0.10",
			"port":	5201
		},
		"cookie":	"ljv5qriwq2sumhpz5th5kddtuki6mcdzo4nr",
		"tcp_mss_default":	1448,
		"sock_bufsize":	0,
		"sndbuf_actual":	16384,
		"rcvbuf_actual":	131072,
		"test_start":	{
			"protocol":	"TCP",
			"num_streams":	1,
			"blksize":	131072,
			"omit":	0,
			"duration":	10,
			"bytes":	0,
			"blocks":	0,
			"reverse":	0,
			"tos":	0
		}
	},
	"intervals":	[{
			"streams":	[{
					"socket":	5,
					"start":	0,
					"end":	1.00014,
					"seconds":	1.0001399517059326,
					"bytes":	6135480320,
					"bits_per_second":	49076974153.745171,
					"retransmits":	0,
					"snd_cwnd":	957128,
					"rtt":	17,
					"rttvar":	4,
					"pmtu":	1500,
					"omitted":	false,
					"sender":	true
				}],
			"sum":	{
				"start":	0,
				"end":	1.00014,
				"seconds":	1.0001399517059326,
				"bytes":	6135480320,
				"bits_per_second":	49076974153.745171,
				"retransmits":	0,
				"omitted":	false,
				"sender":	true
			}
		}, {
			"streams":	[{
					"socket":	5,
					"start":	1.00014,
					"end":	2.000052,
					"seconds":	0.99991202354431152,
					"bytes":	5917900800,
					"bits_per_second":	47347371853.961876,
					"retransmits":	0,
					"snd_cwnd":	1164192,
					"rtt":	26,
					"rttvar":	6,
					"pmtu":	1500,
					"omitted":	false,
					"sender":	true
				}],
			"sum":	{
				"start":	1.00014,
				"end":	2.000052,
				"seconds":	0.99991202354431152,
				"bytes":	5917900800,
				"bits_per_second":	47347371853.961876,
				"retransmits":	0,
				"omitted":	false,
				"sender":	true
			}
		}, {
			"streams":	[{
					"socket":	5,
					"start":	2.000052,
					"end":	3.00018,
					"seconds":	1.0001280307769775,
					"bytes":	6229852160,
					"bits_per_second":	49832437194.347321,
					"retransmits":	0,
					"snd_cwnd":	1164192,
					"rtt":	22,
					"rttvar":	4,
					"pmtu":	1500,
					"omitted":	false,
					"sender":	true
				}],
			"sum":	{
				"start":	2.000052,
				"end":	3.00018,
				"seconds":	1.0001280307769775,
				"bytes":	6229852160,
				"bits_per_second":	49832437194.347321,
				"retransmits":	0,
				"omitted":	false,
				"sender":	true
			}
		}, {
			"streams":	[{
					"socket":	5,
					"start":	3.00018,
					"end":	4.000194,
					"seconds":	1.0000139474868774,
					"bytes":	6136791040,
					"bits_per_second":	49093643587.0503,
					"retransmits":	0,
					"snd_cwnd":	1164192,
					"rtt":	19,
					"rttvar":	1,
					"pmtu":	1500,
					"omitted":	false,
					"sender":	true
				}],
			"sum":	{
				"start":	3.00018,
				"end":	4.000194,
				"seconds":	1.0000139474868774,
				"bytes":	6136791040,
				"bits_per_second":	49093643587.0503,
				"retransmits":	0,
				"omitted":	false,
				"sender":	true
			}
		}, {
			"streams":	[{
					"socket":	5,
					"start":	4.000194,
					"end":	5.000157,
					"seconds":	0.99996298551559448,
					"bytes":	6342574080,
					"bits_per_second":	50742470846.395844,
					"retransmits":	0,
					"snd_cwnd":	1164192,
					"rtt":	21,
					"rttvar":	0,
					"pmtu":	1500,
					"omitted":	false,
					"sender":	true
				}],
			"sum":	{
				"start":	4.000194,
				"end":	5.000157,
				"seconds":	0.99996298551559448,
				"bytes":	6342574080,
				"bits_per_second":	50742470846.395844,
				"retransmits":	0,
				"omitted":	false,
				"sender":	true
			}
		}, {
			"streams":	[{
					"socket":	5,
					"start":	5.000157,
					"end":	6.000327,
					"seconds":	1.0001699924468994,
					"bytes":	6084362240,
					"bits_per_second":	48666624961.340485,
					"retransmits":	0,
					"snd_cwnd":	1222112,
					"rtt":	33,
					"rttvar":	21,
					"pmtu":	1500,
					"omitted":	false,
					"sender":	true
				}],
			"sum":	{
				"start":	5.000157,
				"end":	6.000327,
				"seconds":	1.0001699924468994,
				"bytes":	6084362240,
				"bits_per_second":	48666624961.340485,
				"retransmits":	0,
				"omitted":	false,
				"sender":	true
			}
		}, {
			"streams":	[{
					"socket":	5,
					"start":	6.000327,
					"end":	7.000193,
					"seconds":	0.999866008758545,
					"bytes":	6172180480,
					"bits_per_second":	49384060871.624283,
					"retransmits":	0,
					"snd_cwnd":	1222112,
					"rtt":	19,
					"rttvar":	1,
					"pmtu":	1500,
					"omitted":	false,
					"sender":	true
				}],
			"sum":	{
				"start":	6.000327,
				"end":	7.000193,
				"seconds":	0.999866008758545,
				"bytes":	6172180480,
				"bits_per_second":	49384060871.624283,
				"retransmits":	0,
				"omitted":	false,
				"sender":	true
			}
		}, {
			"streams":	[{
					"socket":	5,
					"start":	7.000193,
					"end":	8.00001,
					"seconds":	0.99981701374053955,
					"bytes":	6166937600,
					"bits_per_second":	49344530171.000824,
					"retransmits":	0,
					"snd_cwnd":	1820136,
					"rtt":	21,
					"rttvar":	1,
					"pmtu":	1500,
					"omitted":	false,
					"sender":	true
				}],
			"sum":	{
				"start":	7.000193,
				"end":	8.00001,
				"seconds":	0.99981701374053955,
				"bytes":	6166937600,
				"bits_per_second":	49344530171.000824,
				"retransmits":	0,
				"omitted":	false,
				"sender":	true
			}
		}, {
			"streams":	[{
					"socket":	5,
					"start":	8.00001,
					"end":	9.000155,
					"seconds":	1.0001449584960938,
					"bytes":	5889064960,
					"bits_per_second":	47105691309.830269,
					"retransmits":	0,
					"snd_cwnd":	1820136,
					"rtt":	19,
					"rttvar":	4,
					"pmtu":	1500,
					"omitted":	false,
					"sender":	true
				}],
			"sum":	{
				"start":	8.00001,
				"end":	9.000155,
				"seconds":	1.0001449584960938,
				"bytes":	5889064960,
				"bits_per_second":	47105691309.830269,
				"retransmits":	0,
				"omitted":	false,
				"sender":	true
			}
		}, {
			"streams":	[{
					"socket":	5,
					"start":	9.000155,
					"end":	10.000196,
					"seconds":	1.0000410079956055,
					"bytes":	5872025600,
					"bits_per_second":	46974278478.99456,
					"retransmits":	0,
					"snd_cwnd":	3783624,
					"rtt":	20,
					"rttvar":	5,
					"pmtu":	1500,
					"omitted":	false,
					"sender":	true
				}],
			"sum":	{
				"start":	9.000155,
				"end":	10.000196,
				"seconds":	1.0000410079956055,
				"bytes":	5872025600,
				"bits_per_second":	46974278478.99456,
				"retransmits":	0,
				"omitted":	false,
				"sender":	true
			}
		}],
	"end":	{
		"streams":	[{
				"sender":	{
					"socket":	5,
					"start":	0,
					"end":	10.000196,
					"seconds":	10.000196,
					"bytes":	60947169280,
					"bits_per_second":	48756779791.1161,
					"retransmits":	0,
					"max_snd_cwnd":	3783624,
					"max_rtt":	33,
					"min_rtt":	17,
					"mean_rtt":	21,
					"sender":	true
				},
				"receiver":	{
					"socket":	5,
					"start":	0,
					"end":	10.038152,
					"seconds":	10.000196,
					"bytes":	60947169280,
					"bits_per_second":	48572421919.891228,
					"sender":	true
				}
			}],
		"sum_sent":	{
			"start":	0,
			"end":	10.000196,
			"seconds":	10.000196,
			"bytes":	60947169280,
			"bits_per_second":	48756779791.1161,
			"retransmits":	0,
			"sender":	true
		},
		"sum_received":	{
			"start":	0,
			"end":	10.038152,
			"seconds":	10.038152,
			"bytes":	60947169280,
			"bits_per_second":	48572421919.891228,
			"sender":	true
		},
		"cpu_utilization_percent":	{
			"host_total":	99.2948944370101,
			"host_user":	1.1686822671495658,
			"host_system":	98.1262220889102,
			"remote_total":	89.689305636856957,
			"remote_user":	3.8106074451576273,
			"remote_system":	85.878688275214969
		},
		"sender_tcp_congestion":	"cubic",
		"receiver_tcp_congestion":	"cubic"
	}
}
