{
	"start":	{
		"connected":	[{
				"socket":	5,
				"local_host":	"10.5.0.20",
				"local_port":	43630,
				"remote_host":	"10.5.0.10",
				"remote_port":	5201
			}],
		"version":	"iperf 3.9",
		"system_info":	"Linux client 6.8.0-65-generic #68~22.04.1-Ubuntu SMP PREEMPT_DYNAMIC Tue Jul 15 18:06:34 UTC 2 x86_64",
		"timestamp":	{
			"time":	"Fri, 01 Aug 2025 04:39:33 GMT",
			"timesecs":	1754023173
		},
		"connecting_to":	{
			"host":	"10.5.0.10",
			"port":	5201
		},
		"cookie":	"4tp5ps2q2cqkcpicll66sgmmicp4ujwrnpso",
		"tcp_mss_default":	1448,
		"sock_bufsize":	0,
		"sndbuf_actual":	16384,
		"rcvbuf_actual":	131072,
		"test_start":	{
			"protocol":	"TCP",
			"num_streams":	1,
			"blksize":	131072,
			"omit":	0,
			"duration":	10,
			"bytes":	0,
			"blocks":	0,
			"reverse":	0,
			"tos":	0
		}
	},
	"intervals":	[{
			"streams":	[{
					"socket":	5,
					"start":	0,
					"end":	1.000013,
					"seconds":	1.000012993812561,
					"bytes":	6021447680,
					"bits_per_second":	48170955515.633141,
					"retransmits":	0,
					"snd_cwnd":	671872,
					"rtt":	21,
					"rttvar":	1,
					"pmtu":	1500,
					"omitted":	false,
					"sender":	true
				}],
			"sum":	{
				"start":	0,
				"end":	1.000013,
				"seconds":	1.000012993812561,
				"bytes":	6021447680,
				"bits_per_second":	48170955515.633141,
				"retransmits":	0,
				"omitted":	false,
				"sender":	true
			}
		}, {
			"streams":	[{
					"socket":	5,
					"start":	1.000013,
					"end":	2.000029,
					"seconds":	1.0000159740448,
					"bytes":	6185287680,
					"bits_per_second":	49481511020.1262,
					"retransmits":	0,
					"snd_cwnd":	671872,
					"rtt":	20,
					"rttvar":	2,
					"pmtu":	1500,
					"omitted":	false,
					"sender":	true
				}],
			"sum":	{
				"start":	1.000013,
				"end":	2.000029,
				"seconds":	1.0000159740448,
				"bytes":	6185287680,
				"bits_per_second":	49481511020.1262,
				"retransmits":	0,
				"omitted":	false,
				"sender":	true
			}
		}, {
			"streams":	[{
					"socket":	5,
					"start":	2.000029,
					"end":	3.000184,
					"seconds":	1.000154972076416,
					"bytes":	6055526400,
					"bits_per_second":	48436704863.2726,
					"retransmits":	0,
					"snd_cwnd":	671872,
					"rtt":	21,
					"rttvar":	1,
					"pmtu":	1500,
					"omitted":	false,
					"sender":	true
				}],
			"sum":	{
				"start":	2.000029,
				"end":	3.000184,
				"seconds":	1.000154972076416,
				"bytes":	6055526400,
				"bits_per_second":	48436704863.2726,
				"retransmits":	0,
				"omitted":	false,
				"sender":	true
			}
		}, {
			"streams":	[{
					"socket":	5,
					"start":	3.000184,
					"end":	4.000127,
					"seconds":	0.99994301795959473,
					"bytes":	6139412480,
					"bits_per_second":	49118098689.484154,
					"retransmits":	0,
					"snd_cwnd":	899208,
					"rtt":	20,
					"rttvar":	3,
					"pmtu":	1500,
					"omitted":	false,
					"sender":	true
				}],
			"sum":	{
				"start":	3.000184,
				"end":	4.000127,
				"seconds":	0.99994301795959473,
				"bytes":	6139412480,
				"bits_per_second":	49118098689.484154,
				"retransmits":	0,
				"omitted":	false,
				"sender":	true
			}
		}, {
			"streams":	[{
					"socket":	5,
					"start":	4.000127,
					"end":	5.000023,
					"seconds":	0.999895989894867,
					"bytes":	6391070720,
					"bits_per_second":	51133884200.67157,
					"retransmits":	0,
					"snd_cwnd":	993328,
					"rtt":	25,
					"rttvar":	10,
					"pmtu":	1500,
					"omitted":	false,
					"sender":	true
				}],
			"sum":	{
				"start":	4.000127,
				"end":	5.000023,
				"seconds":	0.999895989894867,
				"bytes":	6391070720,
				"bits_per_second":	51133884200.67157,
				"retransmits":	0,
				"omitted":	false,
				"sender":	true
			}
		}, {
			"streams":	[{
					"socket":	5,
					"start":	5.000023,
					"end":	6.000193,
					"seconds":	1.0001699924468994,
					"bytes":	6145966080,
					"bits_per_second":	49159371918.0796,
					"retransmits":	0,
					"snd_cwnd":	1101928,
					"rtt":	20,
					"rttvar":	1,
					"pmtu":	1500,
					"omitted":	false,
					"sender":	true
				}],
			"sum":	{
				"start":	5.000023,
				"end":	6.000193,
				"seconds":	1.0001699924468994,
				"bytes":	6145966080,
				"bits_per_second":	49159371918.0796,
				"retransmits":	0,
				"omitted":	false,
				"sender":	true
			}
		}, {
			"streams":	[{
					"socket":	5,
					"start":	6.000193,
					"end":	7.00005,
					"seconds":	0.999857008457184,
					"bytes":	6207569920,
					"bits_per_second":	49667661415.533875,
					"retransmits":	0,
					"snd_cwnd":	1101928,
					"rtt":	19,
					"rttvar":	2,
					"pmtu":	1500,
					"omitted":	false,
					"sender":	true
				}],
			"sum":	{
				"start":	6.000193,
				"end":	7.00005,
				"seconds":	0.999857008457184,
				"bytes":	6207569920,
				"bits_per_second":	49667661415.533875,
				"retransmits":	0,
				"omitted":	false,
				"sender":	true
			}
		}, {
			"streams":	[{
					"socket":	5,
					"start":	7.00005,
					"end":	8.000058,
					"seconds":	1.0000079870224,
					"bytes":	6071255040,
					"bits_per_second":	48569652393.098381,
					"retransmits":	0,
					"snd_cwnd":	2907584,
					"rtt":	19,
					"rttvar":	2,
					"pmtu":	1500,
					"omitted":	false,
					"sender":	true
				}],
			"sum":	{
				"start":	7.00005,
				"end":	8.000058,
				"seconds":	1.0000079870224,
				"bytes":	6071255040,
				"bits_per_second":	48569652393.098381,
				"retransmits":	0,
				"omitted":	false,
				"sender":	true
			}
		}, {
			"streams":	[{
					"socket":	5,
					"start":	8.000058,
					"end":	9.000062,
					"seconds":	1.0000040531158447,
					"bytes":	5945425920,
					"bits_per_second":	47563214580.781357,
					"retransmits":	0,
					"snd_cwnd":	3052384,
					"rtt":	21,
					"rttvar":	1,
					"pmtu":	1500,
					"omitted":	false,
					"sender":	true
				}],
			"sum":	{
				"start":	8.000058,
				"end":	9.000062,
				"seconds":	1.0000040531158447,
				"bytes":	5945425920,
				"bits_per_second":	47563214580.781357,
				"retransmits":	0,
				"omitted":	false,
				"sender":	true
			}
		}, {
			"streams":	[{
					"socket":	5,
					"start":	9.000062,
					"end":	10.0002,
					"seconds":	1.0001380443573,
					"bytes":	6282280960,
					"bits_per_second":	50251310770.101265,
					"retransmits":	0,
					"snd_cwnd":	3052384,
					"rtt":	19,
					"rttvar":	5,
					"pmtu":	1500,
					"omitted":	false,
					"sender":	true
				}],
			"sum":	{
				"start":	9.000062,
				"end":	10.0002,
				"seconds":	1.0001380443573,
				"bytes":	6282280960,
				"bits_per_second":	50251310770.101265,
				"retransmits":	0,
				"omitted":	false,
				"sender":	true
			}
		}],
	"end":	{
		"streams":	[{
				"sender":	{
					"socket":	5,
					"start":	0,
					"end":	10.0002,
					"seconds":	10.0002,
					"bytes":	61445242880,
					"bits_per_second":	49155211199.776,
					"retransmits":	0,
					"max_snd_cwnd":	3052384,
					"max_rtt":	25,
					"min_rtt":	19,
					"mean_rtt":	20,
					"sender":	true
				},
				"receiver":	{
					"socket":	5,
					"start":	0,
					"end":	10.038681,
					"seconds":	10.0002,
					"bytes":	61445242880,
					"bits_per_second":	48966785879.539352,
					"sender":	true
				}
			}],
		"sum_sent":	{
			"start":	0,
			"end":	10.0002,
			"seconds":	10.0002,
			"bytes":	61445242880,
			"bits_per_second":	49155211199.776,
			"retransmits":	0,
			"sender":	true
		},
		"sum_received":	{
			"start":	0,
			"end":	10.038681,
			"seconds":	10.038681,
			"bytes":	61445242880,
			"bits_per_second":	48966785879.539352,
			"sender":	true
		},
		"cpu_utilization_percent":	{
			"host_total":	99.482771994539661,
			"host_user":	1.1879064029978275,
			"host_system":	98.29485567231805,
			"remote_total":	37.05682971763887,
			"remote_user":	1.5610767922700934,
			"remote_system":	35.495744712827552
		},
		"sender_tcp_congestion":	"cubic",
		"receiver_tcp_congestion":	"cubic"
	}
}
